Series Name,Series Code,Country Name,Country Code,2014 [YR2014],2015 [YR2015],2016 [YR2016],2017 [YR2017],2018 [YR2018],2019 [YR2019],2020 [YR2020],2021 [YR2021],2022 [YR2022],2023 [YR2023],2024 [YR2024]
Average precipitation in depth (mm per year),AG.LND.PRCP.MM,Afghanistan,AFG,327,327,327,327,327,327,327,327,327,..,..
Average precipitation in depth (mm per year),AG.LND.PRCP.MM,Albania,ALB,1485,1485,1485,1485,1485,1485,1485,1485,1485,..,..
Average precipitation in depth (mm per year),AG.LND.PRCP.MM,Algeria,DZA,89,89,89,89,89,89,89,89,89,..,..
Average precipitation in depth (mm per year),AG.LND.PRCP.MM,American Samoa,ASM,..,..,..,..,..,..,..,..,..,..,..
Average precipitation in depth (mm per year),AG.LND.PRCP.MM,Andorra,AND,..,..,..,..,..,..,..,..,..,..,..
Average precipitation in depth (mm per year),AG.LND.PRCP.MM,Angola,AGO,1010,1010,1010,1010,1010,1010,1010,1010,1010,..,..
Average precipitation in depth (mm per year),AG.LND.PRCP.MM,Antigua and Barbuda,ATG,1030,1030,1030,1030,1030,1030,1030,1030,1030,..,..
Average precipitation in depth (mm per year),AG.LND.PRCP.MM,Argentina,ARG,591,591,591,591,591,591,591,591,591,..,..
Average precipitation in depth (mm per year),AG.LND.PRCP.MM,Armenia,ARM,562,562,562,562,562,562,562,562,562,..,..
Average precipitation in depth (mm per year),AG.LND.PRCP.MM,Aruba,ABW,..,..,..,..,..,..,..,..,..,..,..
Average precipitation in depth (mm per year),AG.LND.PRCP.MM,Australia,AUS,534,534,534,534,534,534,534,534,534,..,..
Average precipitation in depth (mm per year),AG.LND.PRCP.MM,Austria,AUT,1110,1110,1110,1110,1110,1110,1110,1110,1110,..,..
Average precipitation in depth (mm per year),AG.LND.PRCP.MM,Azerbaijan,AZE,447,447,447,447,447,447,447,447,447,..,..
Average precipitation in depth (mm per year),AG.LND.PRCP.MM,"Bahamas, The",BHS,1292,1292,1292,1292,1292,1292,1292,1292,1292,..,..
Average precipitation in depth (mm per year),AG.LND.PRCP.MM,Bahrain,BHR,83,83,83,83,83,83,83,83,83,..,..
Average precipitation in depth (mm per year),AG.LND.PRCP.MM,Bangladesh,BGD,2666,2666,2666,2666,2666,2666,2666,2666,2666,..,..
Average precipitation in depth (mm per year),AG.LND.PRCP.MM,Barbados,BRB,1422,1422,1422,1422,1422,1422,1422,1422,1422,..,..
Average precipitation in depth (mm per year),AG.LND.PRCP.MM,Belarus,BLR,618,618,618,618,618,618,618,618,618,..,..
Average precipitation in depth (mm per year),AG.LND.PRCP.MM,Belgium,BEL,847,847,847,847,847,847,847,847,847,..,..
Average precipitation in depth (mm per year),AG.LND.PRCP.MM,Belize,BLZ,1705,1705,1705,1705,1705,1705,1705,1705,1705,..,..
Average precipitation in depth (mm per year),AG.LND.PRCP.MM,Benin,BEN,1039,1039,1039,1039,1039,1039,1039,1039,1039,..,..
Average precipitation in depth (mm per year),AG.LND.PRCP.MM,Bermuda,BMU,..,..,..,..,..,..,..,..,..,..,..
Average precipitation in depth (mm per year),AG.LND.PRCP.MM,Bhutan,BTN,2200,2200,2200,2200,2200,2200,2200,2200,2200,..,..
Average precipitation in depth (mm per year),AG.LND.PRCP.MM,Bolivia,BOL,1146,1146,1146,1146,1146,1146,1146,1146,1146,..,..
Average precipitation in depth (mm per year),AG.LND.PRCP.MM,Bosnia and Herzegovina,BIH,1028,1028,1028,1028,1028,1028,1028,1028,1028,..,..
Average precipitation in depth (mm per year),AG.LND.PRCP.MM,Botswana,BWA,416,416,416,416,416,416,416,416,416,..,..
Average precipitation in depth (mm per year),AG.LND.PRCP.MM,Brazil,BRA,1761,1761,1761,1761,1761,1761,1761,1761,1761,..,..
Average precipitation in depth (mm per year),AG.LND.PRCP.MM,British Virgin Islands,VGB,..,..,..,..,..,..,..,..,..,..,..
Average precipitation in depth (mm per year),AG.LND.PRCP.MM,Brunei Darussalam,BRN,2722,2722,2722,2722,2722,2722,2722,2722,2722,..,..
Average precipitation in depth (mm per year),AG.LND.PRCP.MM,Bulgaria,BGR,608,608,608,608,608,608,608,608,608,..,..
Average precipitation in depth (mm per year),AG.LND.PRCP.MM,Burkina Faso,BFA,748,748,748,748,748,748,748,748,748,..,..
Average precipitation in depth (mm per year),AG.LND.PRCP.MM,Burundi,BDI,1274,1274,1274,1274,1274,1274,1274,1274,1274,..,..
Average precipitation in depth (mm per year),AG.LND.PRCP.MM,Cabo Verde,CPV,228,228,228,228,228,228,228,228,228,..,..
Average precipitation in depth (mm per year),AG.LND.PRCP.MM,Cambodia,KHM,1904,1904,1904,1904,1904,1904,1904,1904,1904,..,..
Average precipitation in depth (mm per year),AG.LND.PRCP.MM,Cameroon,CMR,1604,1604,1604,1604,1604,1604,1604,1604,1604,..,..
Average precipitation in depth (mm per year),AG.LND.PRCP.MM,Canada,CAN,537,537,537,537,537,537,537,537,537,..,..
Average precipitation in depth (mm per year),AG.LND.PRCP.MM,Cayman Islands,CYM,..,..,..,..,..,..,..,..,..,..,..
Average precipitation in depth (mm per year),AG.LND.PRCP.MM,Central African Republic,CAF,1343,1343,1343,1343,1343,1343,1343,1343,1343,..,..
Average precipitation in depth (mm per year),AG.LND.PRCP.MM,Chad,TCD,322,322,322,322,322,322,322,322,322,..,..
Average precipitation in depth (mm per year),AG.LND.PRCP.MM,Channel Islands,CHI,..,..,..,..,..,..,..,..,..,..,..
Average precipitation in depth (mm per year),AG.LND.PRCP.MM,Chile,CHL,1522,1522,1522,1522,1522,1522,1522,1522,1522,..,..
Average precipitation in depth (mm per year),AG.LND.PRCP.MM,China,CHN,645,645,645,645,645,645,645,645,645,..,..
Average precipitation in depth (mm per year),AG.LND.PRCP.MM,Colombia,COL,3240,3240,3240,3240,3240,3240,3240,3240,3240,..,..
Average precipitation in depth (mm per year),AG.LND.PRCP.MM,Comoros,COM,900,900,900,900,900,900,900,900,900,..,..
Average precipitation in depth (mm per year),AG.LND.PRCP.MM,"Congo, Dem. Rep.",COD,1543,1543,1543,1543,1543,1543,1543,1543,1543,..,..
Average precipitation in depth (mm per year),AG.LND.PRCP.MM,"Congo, Rep.",COG,1646,1646,1646,1646,1646,1646,1646,1646,1646,..,..
Average precipitation in depth (mm per year),AG.LND.PRCP.MM,Costa Rica,CRI,2926,2926,2926,2926,2926,2926,2926,2926,2926,..,..
Average precipitation in depth (mm per year),AG.LND.PRCP.MM,Cote d'Ivoire,CIV,1348,1348,1348,1348,1348,1348,1348,1348,1348,..,..
Average precipitation in depth (mm per year),AG.LND.PRCP.MM,Croatia,HRV,1113,1113,1113,1113,1113,1113,1113,1113,1113,..,..
Average precipitation in depth (mm per year),AG.LND.PRCP.MM,Cuba,CUB,1335,1335,1335,1335,1335,1335,1335,1335,1335,..,..
Average precipitation in depth (mm per year),AG.LND.PRCP.MM,Curacao,CUW,..,..,..,..,..,..,..,..,..,..,..
Average precipitation in depth (mm per year),AG.LND.PRCP.MM,Cyprus,CYP,498,498,498,498,498,498,498,498,498,..,..
Average precipitation in depth (mm per year),AG.LND.PRCP.MM,Czechia,CZE,677,677,677,677,677,677,677,677,677,..,..
Average precipitation in depth (mm per year),AG.LND.PRCP.MM,Denmark,DNK,703,703,703,703,703,703,703,703,703,..,..
Average precipitation in depth (mm per year),AG.LND.PRCP.MM,Djibouti,DJI,220,220,220,220,220,220,220,220,220,..,..
Average precipitation in depth (mm per year),AG.LND.PRCP.MM,Dominica,DMA,2083,2083,2083,2083,2083,2083,2083,2083,2083,..,..
Average precipitation in depth (mm per year),AG.LND.PRCP.MM,Dominican Republic,DOM,1410,1410,1410,1410,1410,1410,1410,1410,1410,..,..
Average precipitation in depth (mm per year),AG.LND.PRCP.MM,Ecuador,ECU,2274,2274,2274,2274,2274,2274,2274,2274,2274,..,..
Average precipitation in depth (mm per year),AG.LND.PRCP.MM,"Egypt, Arab Rep.",EGY,18.1,18.1,18.1,18.1,18.1,18.1,18.1,18.1,18.1,..,..
Average precipitation in depth (mm per year),AG.LND.PRCP.MM,El Salvador,SLV,1784,1784,1784,1784,1784,1784,1784,1784,1784,..,..
Average precipitation in depth (mm per year),AG.LND.PRCP.MM,Equatorial Guinea,GNQ,2156,2156,2156,2156,2156,2156,2156,2156,2156,..,..
Average precipitation in depth (mm per year),AG.LND.PRCP.MM,Eritrea,ERI,384,384,384,384,384,384,384,384,384,..,..
Average precipitation in depth (mm per year),AG.LND.PRCP.MM,Estonia,EST,626,626,626,626,626,626,626,626,626,..,..
Average precipitation in depth (mm per year),AG.LND.PRCP.MM,Eswatini,SWZ,788,788,788,788,788,788,788,788,788,..,..
Average precipitation in depth (mm per year),AG.LND.PRCP.MM,Ethiopia,ETH,848,848,848,848,848,848,848,848,848,..,..
Average precipitation in depth (mm per year),AG.LND.PRCP.MM,Faroe Islands,FRO,..,..,..,..,..,..,..,..,..,..,..
Average precipitation in depth (mm per year),AG.LND.PRCP.MM,Fiji,FJI,2592,2592,2592,2592,2592,2592,2592,2592,2592,..,..
Average precipitation in depth (mm per year),AG.LND.PRCP.MM,Finland,FIN,536,536,536,536,536,536,536,536,536,..,..
Average precipitation in depth (mm per year),AG.LND.PRCP.MM,France,FRA,867,867,867,867,867,867,867,867,867,..,..
Average precipitation in depth (mm per year),AG.LND.PRCP.MM,French Polynesia,PYF,..,..,..,..,..,..,..,..,..,..,..
Average precipitation in depth (mm per year),AG.LND.PRCP.MM,Gabon,GAB,1831,1831,1831,1831,1831,1831,1831,1831,1831,..,..
Average precipitation in depth (mm per year),AG.LND.PRCP.MM,"Gambia, The",GMB,836,836,836,836,836,836,836,836,836,..,..
Average precipitation in depth (mm per year),AG.LND.PRCP.MM,Georgia,GEO,1026,1026,1026,1026,1026,1026,1026,1026,1026,..,..
Average precipitation in depth (mm per year),AG.LND.PRCP.MM,Germany,DEU,700,700,700,700,700,700,700,700,700,..,..
Average precipitation in depth (mm per year),AG.LND.PRCP.MM,Ghana,GHA,1187,1187,1187,1187,1187,1187,1187,1187,1187,..,..
Average precipitation in depth (mm per year),AG.LND.PRCP.MM,Gibraltar,GIB,..,..,..,..,..,..,..,..,..,..,..
Average precipitation in depth (mm per year),AG.LND.PRCP.MM,Greece,GRC,652,652,652,652,652,652,652,652,652,..,..
Average precipitation in depth (mm per year),AG.LND.PRCP.MM,Greenland,GRL,..,..,..,..,..,..,..,..,..,..,..
Average precipitation in depth (mm per year),AG.LND.PRCP.MM,Grenada,GRD,2350,2350,2350,2350,2350,2350,2350,2350,2350,..,..
Average precipitation in depth (mm per year),AG.LND.PRCP.MM,Guam,GUM,..,..,..,..,..,..,..,..,..,..,..
Average precipitation in depth (mm per year),AG.LND.PRCP.MM,Guatemala,GTM,1996,1996,1996,1996,1996,1996,1996,1996,1996,..,..
Average precipitation in depth (mm per year),AG.LND.PRCP.MM,Guinea,GIN,1651,1651,1651,1651,1651,1651,1651,1651,1651,..,..
Average precipitation in depth (mm per year),AG.LND.PRCP.MM,Guinea-Bissau,GNB,1577,1577,1577,1577,1577,1577,1577,1577,1577,..,..
Average precipitation in depth (mm per year),AG.LND.PRCP.MM,Guyana,GUY,2387,2387,2387,2387,2387,2387,2387,2387,2387,..,..
Average precipitation in depth (mm per year),AG.LND.PRCP.MM,Haiti,HTI,1440,1440,1440,1440,1440,1440,1440,1440,1440,..,..
Average precipitation in depth (mm per year),AG.LND.PRCP.MM,Honduras,HND,1976,1976,1976,1976,1976,1976,1976,1976,1976,..,..
Average precipitation in depth (mm per year),AG.LND.PRCP.MM,"Hong Kong SAR, China",HKG,..,..,..,..,..,..,..,..,..,..,..
Average precipitation in depth (mm per year),AG.LND.PRCP.MM,Hungary,HUN,589,589,589,589,589,589,589,589,589,..,..
Average precipitation in depth (mm per year),AG.LND.PRCP.MM,Iceland,ISL,1940,1940,1940,1940,1940,1940,1940,1940,1940,..,..
Average precipitation in depth (mm per year),AG.LND.PRCP.MM,India,IND,1083,1083,1083,1083,1083,1083,1083,1083,1083,..,..
Average precipitation in depth (mm per year),AG.LND.PRCP.MM,Indonesia,IDN,2702,2702,2702,2702,2702,2702,2702,2702,2702,..,..
Average precipitation in depth (mm per year),AG.LND.PRCP.MM,"Iran, Islamic Rep.",IRN,228,228,228,228,228,228,228,228,228,..,..
Average precipitation in depth (mm per year),AG.LND.PRCP.MM,Iraq,IRQ,216,216,216,216,216,216,216,216,216,..,..
Average precipitation in depth (mm per year),AG.LND.PRCP.MM,Ireland,IRL,1118,1118,1118,1118,1118,1118,1118,1118,1118,..,..
Average precipitation in depth (mm per year),AG.LND.PRCP.MM,Isle of Man,IMN,..,..,..,..,..,..,..,..,..,..,..
Average precipitation in depth (mm per year),AG.LND.PRCP.MM,Israel,ISR,435,435,435,435,435,435,435,435,..,..,..
Average precipitation in depth (mm per year),AG.LND.PRCP.MM,Italy,ITA,832,832,832,832,832,832,832,832,832,..,..
Average precipitation in depth (mm per year),AG.LND.PRCP.MM,Jamaica,JAM,2051,2051,2051,2051,2051,2051,2051,2051,2051,..,..
Average precipitation in depth (mm per year),AG.LND.PRCP.MM,Japan,JPN,1668,1668,1668,1668,1668,1668,1668,1668,1668,..,..
Average precipitation in depth (mm per year),AG.LND.PRCP.MM,Jordan,JOR,111,111,111,111,111,111,111,111,111,..,..
Average precipitation in depth (mm per year),AG.LND.PRCP.MM,Kazakhstan,KAZ,250,250,250,250,250,250,250,250,250,..,..
Average precipitation in depth (mm per year),AG.LND.PRCP.MM,Kenya,KEN,630,630,630,630,630,630,630,630,630,..,..
Average precipitation in depth (mm per year),AG.LND.PRCP.MM,Kiribati,KIR,..,..,..,..,..,..,..,..,..,..,..
Average precipitation in depth (mm per year),AG.LND.PRCP.MM,"Korea, Dem. People's Rep.",PRK,1054,1054,1054,1054,1054,1054,1054,1054,1054,..,..
Average precipitation in depth (mm per year),AG.LND.PRCP.MM,"Korea, Rep.",KOR,1274,1274,1274,1274,1274,1274,1274,1274,1274,..,..
Average precipitation in depth (mm per year),AG.LND.PRCP.MM,Kosovo,XKX,..,..,..,..,..,..,..,..,..,..,..
Average precipitation in depth (mm per year),AG.LND.PRCP.MM,Kuwait,KWT,121,121,121,121,121,121,121,121,121,..,..
Average precipitation in depth (mm per year),AG.LND.PRCP.MM,Kyrgyz Republic,KGZ,533,533,533,533,533,533,533,533,533,..,..
Average precipitation in depth (mm per year),AG.LND.PRCP.MM,Lao PDR,LAO,1834,1834,1834,1834,1834,1834,1834,1834,1834,..,..
Average precipitation in depth (mm per year),AG.LND.PRCP.MM,Latvia,LVA,667,667,667,667,667,667,667,667,667,..,..
Average precipitation in depth (mm per year),AG.LND.PRCP.MM,Lebanon,LBN,661,661,661,661,661,661,661,661,661,..,..
Average precipitation in depth (mm per year),AG.LND.PRCP.MM,Lesotho,LSO,788,788,788,788,788,788,788,788,788,..,..
Average precipitation in depth (mm per year),AG.LND.PRCP.MM,Liberia,LBR,2391,2391,2391,2391,2391,2391,2391,2391,2391,..,..
Average precipitation in depth (mm per year),AG.LND.PRCP.MM,Libya,LBY,56,56,56,56,56,56,56,56,56,..,..
Average precipitation in depth (mm per year),AG.LND.PRCP.MM,Liechtenstein,LIE,..,..,..,..,..,..,..,..,..,..,..
Average precipitation in depth (mm per year),AG.LND.PRCP.MM,Lithuania,LTU,656,656,656,656,656,656,656,656,656,..,..
Average precipitation in depth (mm per year),AG.LND.PRCP.MM,Luxembourg,LUX,934,934,934,934,934,934,934,934,934,..,..
Average precipitation in depth (mm per year),AG.LND.PRCP.MM,"Macao SAR, China",MAC,..,..,..,..,..,..,..,..,..,..,..
Average precipitation in depth (mm per year),AG.LND.PRCP.MM,Madagascar,MDG,1513,1513,1513,1513,1513,1513,1513,1513,1513,..,..
Average precipitation in depth (mm per year),AG.LND.PRCP.MM,Malawi,MWI,1181,1181,1181,1181,1181,1181,1181,1181,1181,..,..
Average precipitation in depth (mm per year),AG.LND.PRCP.MM,Malaysia,MYS,2875,2875,2875,2875,2875,2875,2875,2875,2875,..,..
Average precipitation in depth (mm per year),AG.LND.PRCP.MM,Maldives,MDV,1972,1972,1972,1972,1972,1972,1972,1972,1972,..,..
Average precipitation in depth (mm per year),AG.LND.PRCP.MM,Mali,MLI,282,282,282,282,282,282,282,282,282,..,..
Average precipitation in depth (mm per year),AG.LND.PRCP.MM,Malta,MLT,560,560,560,560,560,560,560,560,560,..,..
Average precipitation in depth (mm per year),AG.LND.PRCP.MM,Marshall Islands,MHL,..,..,..,..,..,..,..,..,..,..,..
Average precipitation in depth (mm per year),AG.LND.PRCP.MM,Mauritania,MRT,92,92,92,92,92,92,92,92,92,..,..
Average precipitation in depth (mm per year),AG.LND.PRCP.MM,Mauritius,MUS,2041,2041,2041,2041,2041,2041,2041,2041,2041,..,..
Average precipitation in depth (mm per year),AG.LND.PRCP.MM,Mexico,MEX,758,758,758,758,758,758,758,758,758,..,..
Average precipitation in depth (mm per year),AG.LND.PRCP.MM,"Micronesia, Fed. Sts.",FSM,..,..,..,..,..,..,..,..,..,..,..
Average precipitation in depth (mm per year),AG.LND.PRCP.MM,Moldova,MDA,450,450,450,450,450,450,450,450,450,..,..
Average precipitation in depth (mm per year),AG.LND.PRCP.MM,Monaco,MCO,..,..,..,..,..,..,..,..,..,..,..
Average precipitation in depth (mm per year),AG.LND.PRCP.MM,Mongolia,MNG,241,241,241,241,241,241,241,241,241,..,..
Average precipitation in depth (mm per year),AG.LND.PRCP.MM,Montenegro,MNE,..,..,..,..,..,..,..,..,..,..,..
Average precipitation in depth (mm per year),AG.LND.PRCP.MM,Morocco,MAR,346,346,346,346,346,346,346,346,346,..,..
Average precipitation in depth (mm per year),AG.LND.PRCP.MM,Mozambique,MOZ,1032,1032,1032,1032,1032,1032,1032,1032,1032,..,..
Average precipitation in depth (mm per year),AG.LND.PRCP.MM,Myanmar,MMR,2091,2091,2091,2091,2091,2091,2091,2091,2091,..,..
Average precipitation in depth (mm per year),AG.LND.PRCP.MM,Namibia,NAM,285,285,285,285,285,285,285,285,285,..,..
Average precipitation in depth (mm per year),AG.LND.PRCP.MM,Nauru,NRU,..,..,..,..,..,..,..,..,..,..,..
Average precipitation in depth (mm per year),AG.LND.PRCP.MM,Nepal,NPL,1500,1500,1500,1500,1500,1500,1500,1500,1500,..,..
Average precipitation in depth (mm per year),AG.LND.PRCP.MM,Netherlands,NLD,778,778,778,778,778,778,778,778,778,..,..
Average precipitation in depth (mm per year),AG.LND.PRCP.MM,New Caledonia,NCL,..,..,..,..,..,..,..,..,..,..,..
Average precipitation in depth (mm per year),AG.LND.PRCP.MM,New Zealand,NZL,1732,1732,1732,1732,1732,1732,1732,1732,1732,..,..
Average precipitation in depth (mm per year),AG.LND.PRCP.MM,Nicaragua,NIC,2280,2280,2280,2280,2280,2280,2280,2280,2280,..,..
Average precipitation in depth (mm per year),AG.LND.PRCP.MM,Niger,NER,151,151,151,151,151,151,151,151,151,..,..
Average precipitation in depth (mm per year),AG.LND.PRCP.MM,Nigeria,NGA,1150,1150,1150,1150,1150,1150,1150,1150,1150,..,..
Average precipitation in depth (mm per year),AG.LND.PRCP.MM,North Macedonia,MKD,619,619,619,619,619,619,619,619,619,..,..
Average precipitation in depth (mm per year),AG.LND.PRCP.MM,Northern Mariana Islands,MNP,..,..,..,..,..,..,..,..,..,..,..
Average precipitation in depth (mm per year),AG.LND.PRCP.MM,Norway,NOR,1414,1414,1414,1414,1414,1414,1414,1414,1414,..,..
Average precipitation in depth (mm per year),AG.LND.PRCP.MM,Oman,OMN,125,125,125,125,125,125,125,125,125,..,..
Average precipitation in depth (mm per year),AG.LND.PRCP.MM,Pakistan,PAK,494,494,494,494,494,494,494,494,494,..,..
Average precipitation in depth (mm per year),AG.LND.PRCP.MM,Palau,PLW,..,..,..,..,..,..,..,..,..,..,..
Average precipitation in depth (mm per year),AG.LND.PRCP.MM,Panama,PAN,2928,2928,2928,2928,2928,2928,2928,2928,2928,..,..
Average precipitation in depth (mm per year),AG.LND.PRCP.MM,Papua New Guinea,PNG,3142,3142,3142,3142,3142,3142,3142,3142,3142,..,..
Average precipitation in depth (mm per year),AG.LND.PRCP.MM,Paraguay,PRY,1130,1130,1130,1130,1130,1130,1130,1130,1130,..,..
Average precipitation in depth (mm per year),AG.LND.PRCP.MM,Peru,PER,1738,1738,1738,1738,1738,1738,1738,1738,1738,..,..
Average precipitation in depth (mm per year),AG.LND.PRCP.MM,Philippines,PHL,2348,2348,2348,2348,2348,2348,2348,2348,2348,..,..
Average precipitation in depth (mm per year),AG.LND.PRCP.MM,Poland,POL,600,600,600,600,600,600,600,600,600,..,..
Average precipitation in depth (mm per year),AG.LND.PRCP.MM,Portugal,PRT,854,854,854,854,854,854,854,854,854,..,..
Average precipitation in depth (mm per year),AG.LND.PRCP.MM,Puerto Rico (US),PRI,2054,2054,2054,2054,2054,2054,2054,2054,2054,..,..
Average precipitation in depth (mm per year),AG.LND.PRCP.MM,Qatar,QAT,74,74,74,74,74,74,74,74,74,..,..
Average precipitation in depth (mm per year),AG.LND.PRCP.MM,Romania,ROU,637,637,637,637,637,637,637,637,637,..,..
Average precipitation in depth (mm per year),AG.LND.PRCP.MM,Russian Federation,RUS,460,460,460,460,460,460,460,460,460,..,..
Average precipitation in depth (mm per year),AG.LND.PRCP.MM,Rwanda,RWA,1212,1212,1212,1212,1212,1212,1212,1212,1212,..,..
Average precipitation in depth (mm per year),AG.LND.PRCP.MM,Samoa,WSM,2880,2880,2880,2880,2880,2880,2880,2880,2880,..,..
Average precipitation in depth (mm per year),AG.LND.PRCP.MM,San Marino,SMR,..,..,..,..,..,..,..,..,..,..,..
Average precipitation in depth (mm per year),AG.LND.PRCP.MM,Sao Tome and Principe,STP,3200,3200,3200,3200,3200,3200,3200,3200,3200,..,..
Average precipitation in depth (mm per year),AG.LND.PRCP.MM,Saudi Arabia,SAU,59,59,59,59,59,59,59,59,59,..,..
Average precipitation in depth (mm per year),AG.LND.PRCP.MM,Senegal,SEN,686,686,686,686,686,686,686,686,686,..,..
Average precipitation in depth (mm per year),AG.LND.PRCP.MM,Serbia,SRB,..,..,..,..,..,..,..,..,..,..,..
Average precipitation in depth (mm per year),AG.LND.PRCP.MM,Seychelles,SYC,2330,2330,2330,2330,2330,2330,2330,2330,2330,..,..
Average precipitation in depth (mm per year),AG.LND.PRCP.MM,Sierra Leone,SLE,2526,2526,2526,2526,2526,2526,2526,2526,2526,..,..
Average precipitation in depth (mm per year),AG.LND.PRCP.MM,Singapore,SGP,2497,2497,2497,2497,2497,2497,2497,2497,2497,..,..
Average precipitation in depth (mm per year),AG.LND.PRCP.MM,Sint Maarten (Dutch part),SXM,..,..,..,..,..,..,..,..,..,..,..
Average precipitation in depth (mm per year),AG.LND.PRCP.MM,Slovak Republic,SVK,824,824,824,824,824,824,824,824,824,..,..
Average precipitation in depth (mm per year),AG.LND.PRCP.MM,Slovenia,SVN,1162,1162,1162,1162,1162,1162,1162,1162,1162,..,..
Average precipitation in depth (mm per year),AG.LND.PRCP.MM,Solomon Islands,SLB,3028,3028,3028,3028,3028,3028,3028,3028,3028,..,..
Average precipitation in depth (mm per year),AG.LND.PRCP.MM,"Somalia, Fed. Rep.",SOM,282,282,282,282,282,282,282,282,282,..,..
Average precipitation in depth (mm per year),AG.LND.PRCP.MM,South Africa,ZAF,495,495,495,495,495,495,495,495,495,..,..
Average precipitation in depth (mm per year),AG.LND.PRCP.MM,South Sudan,SSD,900,900,900,900,900,900,900,900,900,..,..
Average precipitation in depth (mm per year),AG.LND.PRCP.MM,Spain,ESP,636,636,636,636,636,636,636,636,636,..,..
Average precipitation in depth (mm per year),AG.LND.PRCP.MM,Sri Lanka,LKA,1712,1712,1712,1712,1712,1712,1712,1712,1712,..,..
Average precipitation in depth (mm per year),AG.LND.PRCP.MM,St. Kitts and Nevis,KNA,1427,1427,1427,1427,1427,1427,1427,1427,1427,..,..
Average precipitation in depth (mm per year),AG.LND.PRCP.MM,St. Lucia,LCA,2301,2301,2301,2301,2301,2301,2301,2301,2301,..,..
Average precipitation in depth (mm per year),AG.LND.PRCP.MM,St. Martin (French part),MAF,..,..,..,..,..,..,..,..,..,..,..
Average precipitation in depth (mm per year),AG.LND.PRCP.MM,St. Vincent and the Grenadines,VCT,1583,1583,1583,1583,1583,1583,1583,1583,1583,..,..
Average precipitation in depth (mm per year),AG.LND.PRCP.MM,Sudan,SDN,250,250,250,250,250,250,250,250,250,..,..
Average precipitation in depth (mm per year),AG.LND.PRCP.MM,Suriname,SUR,2331,2331,2331,2331,2331,2331,2331,2331,2331,..,..
Average precipitation in depth (mm per year),AG.LND.PRCP.MM,Sweden,SWE,624,624,624,624,624,624,624,624,624,..,..
Average precipitation in depth (mm per year),AG.LND.PRCP.MM,Switzerland,CHE,1537,1537,1537,1537,1537,1537,1537,1537,1537,..,..
Average precipitation in depth (mm per year),AG.LND.PRCP.MM,Syrian Arab Republic,SYR,252,252,252,252,252,252,252,252,252,..,..
Average precipitation in depth (mm per year),AG.LND.PRCP.MM,Tajikistan,TJK,691,691,691,691,691,691,691,691,691,..,..
Average precipitation in depth (mm per year),AG.LND.PRCP.MM,Tanzania,TZA,1071,1071,1071,1071,1071,1071,1071,1071,1071,..,..
Average precipitation in depth (mm per year),AG.LND.PRCP.MM,Thailand,THA,1622,1622,1622,1622,1622,1622,1622,1622,1622,..,..
Average precipitation in depth (mm per year),AG.LND.PRCP.MM,Timor-Leste,TLS,1500,1500,1500,1500,1500,1500,1500,1500,1500,..,..
Average precipitation in depth (mm per year),AG.LND.PRCP.MM,Togo,TGO,1168,1168,1168,1168,1168,1168,1168,1168,1168,..,..
Average precipitation in depth (mm per year),AG.LND.PRCP.MM,Tonga,TON,..,..,..,..,..,..,..,..,..,..,..
Average precipitation in depth (mm per year),AG.LND.PRCP.MM,Trinidad and Tobago,TTO,2200,2200,2200,2200,2200,2200,2200,2200,2200,..,..
Average precipitation in depth (mm per year),AG.LND.PRCP.MM,Tunisia,TUN,207,207,207,207,207,207,207,207,207,..,..
Average precipitation in depth (mm per year),AG.LND.PRCP.MM,Turkiye,TUR,593,593,593,593,593,593,593,593,593,..,..
Average precipitation in depth (mm per year),AG.LND.PRCP.MM,Turkmenistan,TKM,161,161,161,161,161,161,161,161,161,..,..
Average precipitation in depth (mm per year),AG.LND.PRCP.MM,Turks and Caicos Islands,TCA,..,..,..,..,..,..,..,..,..,..,..
Average precipitation in depth (mm per year),AG.LND.PRCP.MM,Tuvalu,TUV,..,..,..,..,..,..,..,..,..,..,..
Average precipitation in depth (mm per year),AG.LND.PRCP.MM,Uganda,UGA,1180,1180,1180,1180,1180,1180,1180,1180,1180,..,..
Average precipitation in depth (mm per year),AG.LND.PRCP.MM,Ukraine,UKR,565,565,565,565,565,565,565,565,565,..,..
Average precipitation in depth (mm per year),AG.LND.PRCP.MM,United Arab Emirates,ARE,78,78,78,78,78,78,78,78,78,..,..
Average precipitation in depth (mm per year),AG.LND.PRCP.MM,United Kingdom,GBR,1220,1220,1220,1220,1220,1220,1220,1220,1220,..,..
Average precipitation in depth (mm per year),AG.LND.PRCP.MM,United States,USA,715,715,715,715,715,715,715,715,715,..,..
Average precipitation in depth (mm per year),AG.LND.PRCP.MM,Uruguay,URY,1300,1300,1300,1300,1300,1300,1300,1300,1300,..,..
Average precipitation in depth (mm per year),AG.LND.PRCP.MM,Uzbekistan,UZB,206,206,206,206,206,206,206,206,206,..,..
Average precipitation in depth (mm per year),AG.LND.PRCP.MM,Vanuatu,VUT,2000,2000,2000,2000,2000,2000,2000,2000,2000,..,..
Average precipitation in depth (mm per year),AG.LND.PRCP.MM,"Venezuela, RB",VEN,2044,2044,2044,2044,2044,2044,2044,2044,2044,..,..
Average precipitation in depth (mm per year),AG.LND.PRCP.MM,Viet Nam,VNM,1821,1821,1821,1821,1821,1821,1821,1821,1821,..,..
Average precipitation in depth (mm per year),AG.LND.PRCP.MM,Virgin Islands (U.S.),VIR,..,..,..,..,..,..,..,..,..,..,..
Average precipitation in depth (mm per year),AG.LND.PRCP.MM,West Bank and Gaza,PSE,402,402,402,402,402,402,402,402,..,..,..
Average precipitation in depth (mm per year),AG.LND.PRCP.MM,"Yemen, Rep.",YEM,167,167,167,167,167,167,167,167,167,..,..
Average precipitation in depth (mm per year),AG.LND.PRCP.MM,Zambia,ZMB,1020,1020,1020,1020,1020,1020,1020,1020,1020,..,..
Average precipitation in depth (mm per year),AG.LND.PRCP.MM,Zimbabwe,ZWE,657,657,657,657,657,657,657,657,657,..,..
Average precipitation in depth (mm per year),AG.LND.PRCP.MM,Africa Eastern and Southern,AFE,..,..,..,..,..,..,..,..,..,..,..
Average precipitation in depth (mm per year),AG.LND.PRCP.MM,Africa Western and Central,AFW,..,..,..,..,..,..,..,..,..,..,..
Average precipitation in depth (mm per year),AG.LND.PRCP.MM,Arab World,ARB,..,..,..,..,..,..,..,..,..,..,..
Average precipitation in depth (mm per year),AG.LND.PRCP.MM,Caribbean small states,CSS,..,..,..,..,..,..,..,..,..,..,..
Average precipitation in depth (mm per year),AG.LND.PRCP.MM,Central Europe and the Baltics,CEB,..,..,..,..,..,..,..,..,..,..,..
Average precipitation in depth (mm per year),AG.LND.PRCP.MM,Early-demographic dividend,EAR,..,..,..,..,..,..,..,..,..,..,..
Average precipitation in depth (mm per year),AG.LND.PRCP.MM,East Asia & Pacific,EAS,..,..,..,..,..,..,..,..,..,..,..
Average precipitation in depth (mm per year),AG.LND.PRCP.MM,East Asia & Pacific (excluding high income),EAP,..,..,..,..,..,..,..,..,..,..,..
Average precipitation in depth (mm per year),AG.LND.PRCP.MM,East Asia & Pacific (IDA & IBRD countries),TEA,..,..,..,..,..,..,..,..,..,..,..
Average precipitation in depth (mm per year),AG.LND.PRCP.MM,Euro area,EMU,..,..,..,..,..,..,..,..,..,..,..
Average precipitation in depth (mm per year),AG.LND.PRCP.MM,Europe & Central Asia,ECS,..,..,..,..,..,..,..,..,..,..,..
Average precipitation in depth (mm per year),AG.LND.PRCP.MM,Europe & Central Asia (excluding high income),ECA,..,..,..,..,..,..,..,..,..,..,..
Average precipitation in depth (mm per year),AG.LND.PRCP.MM,Europe & Central Asia (IDA & IBRD countries),TEC,..,..,..,..,..,..,..,..,..,..,..
Average precipitation in depth (mm per year),AG.LND.PRCP.MM,European Union,EUU,..,..,..,..,..,..,..,..,..,..,..
Average precipitation in depth (mm per year),AG.LND.PRCP.MM,Fragile and conflict affected situations,FCS,..,..,..,..,..,..,..,..,..,..,..
Average precipitation in depth (mm per year),AG.LND.PRCP.MM,Heavily indebted poor countries (HIPC),HPC,..,..,..,..,..,..,..,..,..,..,..
Average precipitation in depth (mm per year),AG.LND.PRCP.MM,High income,HIC,..,..,..,..,..,..,..,..,..,..,..
Average precipitation in depth (mm per year),AG.LND.PRCP.MM,IBRD only,IBD,..,..,..,..,..,..,..,..,..,..,..
Average precipitation in depth (mm per year),AG.LND.PRCP.MM,IDA & IBRD total,IBT,..,..,..,..,..,..,..,..,..,..,..
Average precipitation in depth (mm per year),AG.LND.PRCP.MM,IDA blend,IDB,..,..,..,..,..,..,..,..,..,..,..
Average precipitation in depth (mm per year),AG.LND.PRCP.MM,IDA only,IDX,..,..,..,..,..,..,..,..,..,..,..
Average precipitation in depth (mm per year),AG.LND.PRCP.MM,IDA total,IDA,..,..,..,..,..,..,..,..,..,..,..
Average precipitation in depth (mm per year),AG.LND.PRCP.MM,Late-demographic dividend,LTE,..,..,..,..,..,..,..,..,..,..,..
Average precipitation in depth (mm per year),AG.LND.PRCP.MM,Latin America & Caribbean,LCN,..,..,..,..,..,..,..,..,..,..,..
Average precipitation in depth (mm per year),AG.LND.PRCP.MM,Latin America & Caribbean (excluding high income),LAC,..,..,..,..,..,..,..,..,..,..,..
Average precipitation in depth (mm per year),AG.LND.PRCP.MM,Latin America & the Caribbean (IDA & IBRD countries),TLA,..,..,..,..,..,..,..,..,..,..,..
Average precipitation in depth (mm per year),AG.LND.PRCP.MM,Least developed countries: UN classification,LDC,..,..,..,..,..,..,..,..,..,..,..
Average precipitation in depth (mm per year),AG.LND.PRCP.MM,Low & middle income,LMY,..,..,..,..,..,..,..,..,..,..,..
Average precipitation in depth (mm per year),AG.LND.PRCP.MM,Low income,LIC,..,..,..,..,..,..,..,..,..,..,..
Average precipitation in depth (mm per year),AG.LND.PRCP.MM,Lower middle income,LMC,..,..,..,..,..,..,..,..,..,..,..
Average precipitation in depth (mm per year),AG.LND.PRCP.MM,"Middle East, North Africa, Afghanistan & Pakistan",MEA,..,..,..,..,..,..,..,..,..,..,..
Average precipitation in depth (mm per year),AG.LND.PRCP.MM,"Middle East, North Africa, Afghanistan & Pakistan (excluding high income)",MNA,..,..,..,..,..,..,..,..,..,..,..
Average precipitation in depth (mm per year),AG.LND.PRCP.MM,"Middle East, North Africa, Afghanistan & Pakistan (IDA & IBRD)",TMN,..,..,..,..,..,..,..,..,..,..,..
Average precipitation in depth (mm per year),AG.LND.PRCP.MM,Middle income,MIC,..,..,..,..,..,..,..,..,..,..,..
Average precipitation in depth (mm per year),AG.LND.PRCP.MM,North America,NAC,..,..,..,..,..,..,..,..,..,..,..
Average precipitation in depth (mm per year),AG.LND.PRCP.MM,Not classified,INX,..,..,..,..,..,..,..,..,..,..,..
Average precipitation in depth (mm per year),AG.LND.PRCP.MM,OECD members,OED,..,..,..,..,..,..,..,..,..,..,..
Average precipitation in depth (mm per year),AG.LND.PRCP.MM,Other small states,OSS,..,..,..,..,..,..,..,..,..,..,..
Average precipitation in depth (mm per year),AG.LND.PRCP.MM,Pacific island small states,PSS,..,..,..,..,..,..,..,..,..,..,..
Average precipitation in depth (mm per year),AG.LND.PRCP.MM,Post-demographic dividend,PST,..,..,..,..,..,..,..,..,..,..,..
Average precipitation in depth (mm per year),AG.LND.PRCP.MM,Pre-demographic dividend,PRE,..,..,..,..,..,..,..,..,..,..,..
Average precipitation in depth (mm per year),AG.LND.PRCP.MM,Small states,SST,..,..,..,..,..,..,..,..,..,..,..
Average precipitation in depth (mm per year),AG.LND.PRCP.MM,South Asia,SAS,..,..,..,..,..,..,..,..,..,..,..
Average precipitation in depth (mm per year),AG.LND.PRCP.MM,South Asia (IDA & IBRD),TSA,..,..,..,..,..,..,..,..,..,..,..
Average precipitation in depth (mm per year),AG.LND.PRCP.MM,Sub-Saharan Africa,SSF,..,..,..,..,..,..,..,..,..,..,..
Average precipitation in depth (mm per year),AG.LND.PRCP.MM,Sub-Saharan Africa (excluding high income),SSA,..,..,..,..,..,..,..,..,..,..,..
Average precipitation in depth (mm per year),AG.LND.PRCP.MM,Sub-Saharan Africa (IDA & IBRD countries),TSS,..,..,..,..,..,..,..,..,..,..,..
Average precipitation in depth (mm per year),AG.LND.PRCP.MM,Upper middle income,UMC,..,..,..,..,..,..,..,..,..,..,..
Average precipitation in depth (mm per year),AG.LND.PRCP.MM,World,WLD,..,..,..,..,..,..,..,..,..,..,..
Agricultural land (% of land area),AG.LND.AGRI.ZS,Afghanistan,AFG,58.123668031216,58.123668031216,58.123668031216,58.123668031216,58.2769881790166,58.2769881790166,58.7415482268525,58.7415482268525,58.7415482268525,58.4395075356853,..
Agricultural land (% of land area),AG.LND.AGRI.ZS,Albania,ALB,42.857299270073,42.8576642335766,43.1277372262774,42.8569708029197,42.8496715328467,42.8467153284672,42.538503649635,41.471897810219,41.4452554744526,38.1240875912409,..
Agricultural land (% of land area),AG.LND.AGRI.ZS,Algeria,DZA,17.3952656461243,17.4059228102468,17.3655321884285,17.3550108093197,17.3565679895505,17.3469816184806,17.3352255074022,17.3306070351928,17.351348174024,17.359031632336,..
Agricultural land (% of land area),AG.LND.AGRI.ZS,American Samoa,ASM,13.45,13.6,13.75,13.9,14.05,14.2,14.35,14.5,14.5,14.8,..
Agricultural land (% of land area),AG.LND.AGRI.ZS,Andorra,AND,40,40.0212765957447,40.0425531914894,40.0425531914894,40.0723404255319,40.0002127659574,39.9517021276596,39.9068085106383,39.9068085106383,39.8740425531915,..
Agricultural land (% of land area),AG.LND.AGRI.ZS,Angola,AGO,36.6359188256998,36.7281623486003,36.7562364642657,36.7089115264298,36.7193390551055,36.7819042271597,36.7883211678832,36.8308334001765,36.9471404507901,36.9479425683805,..
Agricultural land (% of land area),AG.LND.AGRI.ZS,Antigua and Barbuda,ATG,20.4545454545455,20.4545454545455,20.4545454545455,20.4545454545455,20.4545454545455,20.4545454545455,20.4545454545455,20.4545454545455,20.4545454545455,20.4545454545455,..
Agricultural land (% of land area),AG.LND.AGRI.ZS,Argentina,ARG,44.1959177327355,44.1239360687546,43.4324236577764,42.9825761047104,42.3613927774063,42.605848671205,43.0004859885482,43.1097420606645,43.4276443440799,42.4367915620695,..
Agricultural land (% of land area),AG.LND.AGRI.ZS,Armenia,ARM,59.0340709518792,58.8935721812434,58.8970846505093,58.872497365648,58.9146469968388,58.9041095890411,59.4380831430972,59.3969093973882,58.6134209413894,58.5933621376878,..
Agricultural land (% of land area),AG.LND.AGRI.ZS,Aruba,ABW,11.1111111111111,11.1111111111111,11.1111111111111,11.1111111111111,11.1111111111111,11.1111111111111,11.1111111111111,11.1111111111111,11.1111111111111,11.1111111111111,..
Agricultural land (% of land area),AG.LND.AGRI.ZS,Australia,AUS,48.7383986566523,45.3144240657095,44.5399257932247,48.3406179391109,46.6580950127535,47.1237724290889,46.2524798427461,47.2592374954823,47.2592374954823,47.2234443228177,..
Agricultural land (% of land area),AG.LND.AGRI.ZS,Austria,AUT,32.8914202617547,32.9429229277751,32.3578526417838,32.1694134755211,32.1477217644207,32.1280901599612,31.5398121667475,31.5376684440136,31.4765838584586,31.4743456131847,..
Agricultural land (% of land area),AG.LND.AGRI.ZS,Azerbaijan,AZE,57.7005431692535,57.7017529003303,57.7355751784202,57.7956013645932,57.8253926004791,57.8278123260822,57.8382498850519,57.8415003024803,57.8402903811252,57.8294010889292,..
Agricultural land (% of land area),AG.LND.AGRI.ZS,"Bahamas, The",BHS,1.2987012987013,1.2987012987013,1.2987012987013,1.2987012987013,1.2987012987013,1.2987012987013,1.2987012987013,1.2987012987013,1.2987012987013,1.2987012987013,..
Agricultural land (% of land area),AG.LND.AGRI.ZS,Bahrain,BHR,10.9338521400778,10.694087403599,10.5519897304236,10.3974358974359,10.4113110539846,10.3846153846154,10.3184713375796,10.253164556962,10.253164556962,10.125,..
Agricultural land (% of land area),AG.LND.AGRI.ZS,Bangladesh,BGD,69.900898824614,70.3867250518553,70.6323269570562,70.5794729968503,70.694476453868,72.1902127986479,72.4437274333564,72.3515402934624,72.3706433287272,72.311124788429,..
Agricultural land (% of land area),AG.LND.AGRI.ZS,Barbados,BRB,27.906976744186,25.5813953488372,23.2558139534884,23.2558139534884,23.2558139534884,23.2558139534884,23.2558139534884,23.2558139534884,23.2558139534884,23.2558139534884,..
Agricultural land (% of land area),AG.LND.AGRI.ZS,Belarus,BLR,42.4879171121282,42.242016376159,42.0354897826473,41.8448381185095,41.6444969947778,41.3223954869066,40.7971228692482,40.2759300320276,39.8738854130745,39.5796692333841,..
Agricultural land (% of land area),AG.LND.AGRI.ZS,Belgium,BEL,43.8894932911351,43.7807008868229,44.5323574984341,43.7477334915768,44.403633620831,44.4677641503247,44.7500918213419,44.7848757132551,44.5661441595068,44.3792221420607,..
Agricultural land (% of land area),AG.LND.AGRI.ZS,Belize,BLZ,7.01446733888645,7.45287154756686,7.45287154756686,7.54055238930294,7.54055238930294,7.62823323103902,7.89127575624726,7.97895659798334,7.97895659798334,7.97895659798334,..
Agricultural land (% of land area),AG.LND.AGRI.ZS,Benin,BEN,35.4549663001064,36.122942532813,34.3804984036893,36.3017018446258,39.5602039730401,41.071385242994,39.3140173820504,41.002345689961,43.0623652004257,41.8300133025896,..
Agricultural land (% of land area),AG.LND.AGRI.ZS,Bermuda,BMU,5.55555555555556,5.55555555555556,5.55555555555556,5.55555555555556,5.55555555555556,5.55555555555556,5.55555555555556,5.55555555555556,5.55555555555556,5.55555555555556,..
Agricultural land (% of land area),AG.LND.AGRI.ZS,Bhutan,BTN,13.7891229635071,13.7891229635071,13.6063338926174,13.4490352348993,13.4504457262716,13.4504457262716,13.5422128998427,13.6339800734137,13.7257472469848,13.8175144205558,..
Agricultural land (% of land area),AG.LND.AGRI.ZS,Bolivia,BOL,35.2829317825164,35.2820086771901,35.1546201421582,35.0226160804948,35.2631302501615,35.5444151204652,35.5645909720299,35.6827879627065,35.8307014677375,35.8307014677375,..
Agricultural land (% of land area),AG.LND.AGRI.ZS,Bosnia and Herzegovina,BIH,42.12890625,42.5,43.14453125,43.515625,43.18359375,43.28125,43.7890625,44.19921875,21.81640625,21.73828125,..
Agricultural land (% of land area),AG.LND.AGRI.ZS,Botswana,BWA,45.8842835212535,45.6330174862809,45.6330174862809,45.6330174862809,45.6330174862809,45.63372328975,45.63372328975,45.63372328975,45.63372328975,45.63372328975,..
Agricultural land (% of land area),AG.LND.AGRI.ZS,Brazil,BRA,28.0824920377022,28.168707391836,28.2549706035075,28.3411141713348,28.338218790305,28.3353473380441,28.3324758857832,28.3296044335223,28.3267329812614,28.3267329812614,..
Agricultural land (% of land area),AG.LND.AGRI.ZS,British Virgin Islands,VGB,46.6666666666667,46.6666666666667,46.6666666666667,46.6666666666667,46.6666666666667,46.6666666666667,46.6666666666667,46.6666666666667,46.6666666666667,46.6666666666667,..
Agricultural land (% of land area),AG.LND.AGRI.ZS,Brunei Darussalam,BRN,2.5426944971537,2.5426944971537,2.5426944971537,2.5426944971537,2.5426944971537,2.5426944971537,2.5426944971537,2.5426944971537,2.5426944971537,2.5426944971537,..
Agricultural land (% of land area),AG.LND.AGRI.ZS,Bulgaria,BGR,45.8456153279293,46.1670965364775,46.2509211495947,46.3294030950626,46.3338246131172,46.3983050847458,46.4904200442152,46.4904200442152,46.2601326455416,46.0850221075903,..
Agricultural land (% of land area),AG.LND.AGRI.ZS,Burkina Faso,BFA,48.686932748538,49.293038377193,49.8260445906433,50.3590508040936,51.1961505847953,51.6768903508772,52.1594579678363,52.6708998538012,53.3497394005848,53.4020054824561,..
Agricultural land (% of land area),AG.LND.AGRI.ZS,Burundi,BDI,74.5327102803738,75.5841121495327,76.6355140186916,77.6869158878505,78.7383177570093,79.7897196261682,80.8411214953271,81.892523364486,82.8079633956386,83.8865576323987,..
Agricultural land (% of land area),AG.LND.AGRI.ZS,Cabo Verde,CPV,19.6029776674938,19.6029776674938,19.6029776674938,19.6029776674938,19.6029776674938,19.6029776674938,19.6029776674938,19.6029776674938,19.6029776674938,19.6029776674938,..
Agricultural land (% of land area),AG.LND.AGRI.ZS,Cambodia,KHM,31.6826087695445,31.9960571040109,32.2909811919329,32.7703597326082,33.1881078631317,33.7162803081804,34.3013919102651,34.6999756401541,34.8115777249037,34.8648294810786,..
Agricultural land (% of land area),AG.LND.AGRI.ZS,Cameroon,CMR,20.6257536333058,20.6257536333058,20.6257536333058,20.6701480823338,20.7145425313617,20.7589369803897,20.8033316409638,20.8477260899917,20.8921205390197,20.9365149880476,..
Agricultural land (% of land area),AG.LND.AGRI.ZS,Canada,CAN,6.45947450195693,6.46750520601544,6.47475514717938,6.45441069689781,6.45681990811536,6.43435624426279,6.37073522211031,6.48457678610033,6.49436207857817,6.47137801950231,..
Agricultural land (% of land area),AG.LND.AGRI.ZS,Cayman Islands,CYM,11.25,11.25,11.25,11.25,11.25,11.25,11.25,11.25,11.25,11.25,..
Agricultural land (% of land area),AG.LND.AGRI.ZS,Central African Republic,CAF,7.87778098815371,7.89351183023532,7.89270923625156,7.89399338662557,8.30203216796687,8.81890269350541,8.96866673087418,9.00526501653344,9.04218433978619,9.09948955022633,..
Agricultural land (% of land area),AG.LND.AGRI.ZS,Chad,TCD,39.8951715374841,39.8959656925032,39.9761753494282,39.9761753494282,39.9761753494282,39.9761753494282,39.9761753494282,39.9761753494282,39.9761753494282,39.9756194409149,..
Agricultural land (% of land area),AG.LND.AGRI.ZS,Channel Islands,CHI,48.0808080808081,46.7676767676768,46.9191919191919,46.5656565656566,43.2828282828283,43.2828282828283,43.2828282828283,43.2828282828283,..,..,..
Agricultural land (% of land area),AG.LND.AGRI.ZS,Chile,CHL,18.0003149864236,17.5651877090955,17.0258627541733,16.5754635041584,16.0160767248496,15.435346965027,14.9026289456383,14.5631870231053,14.3199327104591,14.4010249751882,..
Agricultural land (% of land area),AG.LND.AGRI.ZS,China,CHN,55.8632629794963,55.7831305666223,55.7030573453299,55.6228503623161,55.54274989588,55.462649429444,55.4526368711394,55.4426243128349,55.4326117545304,55.4326117545304,..
Agricultural land (% of land area),AG.LND.AGRI.ZS,Colombia,COL,40.3785488958991,40.3644885083371,40.3504281207751,39.195132942767,39.7007661108607,39.9765660207301,39.8467278954484,38.7691151870212,37.6412798557909,36.4876070301938,..
Agricultural land (% of land area),AG.LND.AGRI.ZS,Comoros,COM,71.4669532509404,71.4669532509404,71.4669532509404,71.4669532509404,71.4669532509404,71.4669532509404,71.4669532509404,71.4669532509404,71.4669532509404,71.4669532509404,..
Agricultural land (% of land area),AG.LND.AGRI.ZS,"Congo, Dem. Rep.",COD,14.2250942855252,14.3137557618932,14.4116803775832,14.6841490042125,14.8275512229549,14.9255199488322,14.9434286848548,14.9450533953817,15.3036258573918,15.480763018019,..
Agricultural land (% of land area),AG.LND.AGRI.ZS,"Congo, Rep.",COG,31.1315256222548,31.1081434846266,31.1140761346999,31.1174758418741,31.1317628111274,31.20878477306,31.1645680819912,31.2521229868228,31.1897510980966,31.1900439238653,..
Agricultural land (% of land area),AG.LND.AGRI.ZS,Costa Rica,CRI,34.9588719153937,34.4533666274971,34.1310771641206,33.8087877007442,33.7196494320407,33.6305131218175,33.541374853114,33.342687034861,33.1439992166079,33.1439992166079,..
Agricultural land (% of land area),AG.LND.AGRI.ZS,Cote d'Ivoire,CIV,72.5917201257862,76.9368119496855,75.4266364779874,77.7044808176101,81.3420738993711,81.5248,82.6258229559748,84.3928672955975,84.1568125786164,86.4758163522013,..
Agricultural land (% of land area),AG.LND.AGRI.ZS,Croatia,HRV,26.954828103781,27.4676577800014,27.6249017225359,26.7493388606962,26.5170466728611,26.8744192695304,26.8942101501072,26.3759828448892,25.8756254467477,26.554681915654,..
Agricultural land (% of land area),AG.LND.AGRI.ZS,Cuba,CUB,60.3622380311479,59.9452449567723,59.8490965013456,60.6936416184971,60.6936416184971,61.6666666666667,61.6666666666667,61.6666666666667,61.6666666666667,61.6666666666667,..
Agricultural land (% of land area),AG.LND.AGRI.ZS,Curacao,CUW,..,..,..,..,..,..,..,..,..,..,..
Agricultural land (% of land area),AG.LND.AGRI.ZS,Cyprus,CYP,11.7943722943723,13.7099567099567,11.8387445887446,13.1406926406926,14.3340800865801,13.5636796536797,13.8147186147186,13.160854978355,13.3160497835498,13.9606385281385,..
Agricultural land (% of land area),AG.LND.AGRI.ZS,Czechia,CZE,45.5322455322455,45.2532055433234,45.17549540215,45.6029011786038,45.628804558995,45.6399997409511,45.6468665918898,45.730560511424,45.7476202749375,45.8019594048309,..
Agricultural land (% of land area),AG.LND.AGRI.ZS,Denmark,DNK,66.315775,65.847475,65.6275,65.7825,65.8125,65.649125,65.499675,65.45,65.6,65.525,..
Agricultural land (% of land area),AG.LND.AGRI.ZS,Djibouti,DJI,73.4598792062122,73.4598792062122,73.4598792062122,73.4598792062122,73.4598792062122,73.4598792062122,73.5030198446937,73.5030198446937,73.5030198446937,73.5073339085419,..
Agricultural land (% of land area),AG.LND.AGRI.ZS,Dominica,DMA,33.3333333333333,33.3333333333333,33.3333333333333,33.3333333333333,33.3333333333333,33.3333333333333,33.3333333333333,33.3333333333333,33.3333333333333,33.3333333333333,..
Agricultural land (% of land area),AG.LND.AGRI.ZS,Dominican Republic,DOM,50.2703291244049,50.0964851997516,51.825944938936,52.3864086110536,53.3660298074933,53.7012184317945,52.3243921638275,52.4107297353709,54.6941243644449,55.3530808941944,..
Agricultural land (% of land area),AG.LND.AGRI.ZS,Ecuador,ECU,22.0446126590433,23.3089064261556,22.2096956031567,22.507650185215,21.9358995007248,21.4607827347399,21.8231599291351,22.024480592688,21.5332581736189,21.5413110001611,..
Agricultural land (% of land area),AG.LND.AGRI.ZS,"Egypt, Arab Rep.",EGY,3.73217137977799,3.80719985936009,3.75083168416294,3.85450680596715,3.88065698930132,3.93992666633181,3.98915063539103,4.04942488321865,4.07654829474107,4.07654829474107,..
Agricultural land (% of land area),AG.LND.AGRI.ZS,El Salvador,SLV,58.6003861003861,59.0250965250965,58.5955598455598,58.1660231660232,57.707528957529,57.707528957529,57.707528957529,57.707528957529,57.707528957529,57.707528957529,..
Agricultural land (% of land area),AG.LND.AGRI.ZS,Equatorial Guinea,GNQ,3.71301247771836,3.71764705882353,3.7222816399287,3.72691622103387,3.73155080213904,3.73618538324421,3.74046345811052,3.74046345811052,3.74046345811052,3.73333333333333,..
Agricultural land (% of land area),AG.LND.AGRI.ZS,Eritrea,ERI,62.7250437544772,62.6978016748456,62.7036614635264,62.70688595366,62.7035294042634,62.7020628070177,62.7226371689837,62.6515330315189,62.6515330315189,62.6515330315189,..
Agricultural land (% of land area),AG.LND.AGRI.ZS,Estonia,EST,22.4062571888659,22.8433402346446,23.0733839429492,22.9707602339181,23.0409356725146,23.1204678362573,23.0409356725146,23.0877192982456,23.075122864498,23.1219283875497,..
Agricultural land (% of land area),AG.LND.AGRI.ZS,Eswatini,SWZ,70.6976744186046,70.4651162790698,70.2325581395349,70,69.8255813953488,69.593023255814,69.4767441860465,69.4767441860465,69.4767441860465,69.4767441860465,..
Agricultural land (% of land area),AG.LND.AGRI.ZS,Ethiopia,ETH,32.7461141549206,32.9671104083739,33.1082473792896,33.263928812192,33.5852351498111,33.8392563550947,34.0927476985506,34.3554706330212,34.0779564851996,34.0779564851996,..
Agricultural land (% of land area),AG.LND.AGRI.ZS,Faroe Islands,FRO,69.067335243553,69.067335243553,69.0186246418338,69.0186246418338,69.0078796561605,69.0078796561605,70.3294289897511,70.1240875912409,70.0729927007299,70.1240875912409,..
Agricultural land (% of land area),AG.LND.AGRI.ZS,Fiji,FJI,17.3125342090859,17.2742200328407,17.2359058565955,17.1975916803503,17.1592775041051,17.1209633278599,17.0552818828681,17.0552818828681,17.0552818828681,17.0552818828681,..
Agricultural land (% of land area),AG.LND.AGRI.ZS,Finland,FIN,7.46026522754944,7.48050409660755,7.48576881313547,7.4690708081074,7.47565148723348,7.48198598361465,7.46857932486675,7.46181004166177,7.45522996225995,7.44176865377023,..
Agricultural land (% of land area),AG.LND.AGRI.ZS,France,FRA,53.3750811763614,53.301604972632,53.2851303460432,53.2470526022822,53.1776602653307,52.915574914185,52.729670655905,52.7417272474256,52.6738892290565,52.5043974394656,..
Agricultural land (% of land area),AG.LND.AGRI.ZS,French Polynesia,PYF,9.06940363007779,8.92808988764045,8.78674733506194,8.93353500432152,9.08029386343993,8.93898012100259,9.085738980121,8.94442523768367,8.80308268510516,8.66176894266782,..
Agricultural land (% of land area),AG.LND.AGRI.ZS,Gabon,GAB,8.35656459812939,8.35656459812939,8.35656459812939,8.35656459812939,8.35656459812939,8.35656459812939,8.35656459812939,8.35656459812939,8.35656459812939,8.35656459812939,..
Agricultural land (% of land area),AG.LND.AGRI.ZS,"Gambia, The",GMB,63.6363636363636,63.6363636363636,63.6363636363636,62.6482213438735,62.6482213438735,62.6482213438735,62.6482213438735,62.6482213438735,62.6482213438735,62.6482213438735,..
Agricultural land (% of land area),AG.LND.AGRI.ZS,Georgia,GEO,34.7675924593467,34.7978126349115,34.4510001439056,34.3186069938121,34.1660670600086,34.1430421643402,34.2193121312419,34.2480932508275,34.3056554899986,34.1329687724852,..
Agricultural land (% of land area),AG.LND.AGRI.ZS,Germany,DEU,47.9363714531384,47.9590666743106,47.6843370735058,47.7631164667831,47.6415364359723,47.7002776267209,47.4970663155786,47.4856177910072,47.5011449507671,47.4658729931603,..
Agricultural land (% of land area),AG.LND.AGRI.ZS,Ghana,GHA,54.3845249186956,54.564096422607,54.3110758547948,53.1069873428848,53.694038850312,54.8490737607292,55.393750274689,55.393019913595,55.393019913595,55.393019913595,..
Agricultural land (% of land area),AG.LND.AGRI.ZS,Gibraltar,GIB,..,..,..,..,..,..,..,..,..,..,..
Agricultural land (% of land area),AG.LND.AGRI.ZS,Greece,GRC,48.1070597362296,48.0915438324282,47.6027928626843,46.9630783553142,46.1108642358417,45.4892645461598,43.6358456167572,44.3128673390225,41.6760170674942,41.6760178432894,..
Agricultural land (% of land area),AG.LND.AGRI.ZS,Greenland,GRL,0.592228042392496,0.59227676939944,0.592301132902911,0.592301132902911,0.592301132902911,0.592301132902911,0.592301132902911,0.592301132902911,0.592301132902911,0.592301132902911,..
Agricultural land (% of land area),AG.LND.AGRI.ZS,Grenada,GRD,23.5294117647059,23.5294117647059,23.5294117647059,23.5294117647059,23.5294117647059,23.5294117647059,23.5294117647059,23.5294117647059,23.5294117647059,23.5294117647059,..
Agricultural land (% of land area),AG.LND.AGRI.ZS,Guam,GUM,33.3333333333333,31.4814814814815,31.4814814814815,31.4814814814815,29.6296296296296,29.6296296296296,29.6296296296296,29.6296296296296,29.6296296296296,29.6296296296296,..
Agricultural land (% of land area),AG.LND.AGRI.ZS,Guatemala,GTM,39.9860022396417,41.6573348264278,41.9354236655468,42.2135125046659,42.491601343785,42.7696901829041,43.0384471817842,43.0384471817842,43.0384471817842,43.0384471817842,..
Agricultural land (% of land area),AG.LND.AGRI.ZS,Guinea,GIN,65.2257594009442,66.0886985186391,66.5092104834771,67.2847460524174,67.9785214878724,67.9118492593196,69.0970645450106,70.5533212599707,71.948919501872,73.2292487384014,..
Agricultural land (% of land area),AG.LND.AGRI.ZS,Guinea-Bissau,GNB,27.7861308677098,28.0864153627312,28.2661948790896,28.2675711237553,28.8265931721195,29.0523897581792,29.3353982930299,29.8490327169275,29.6239118065434,29.8908428165007,..
Agricultural land (% of land area),AG.LND.AGRI.ZS,Guyana,GUY,3.65252730505461,3.65252730505461,3.65252730505461,3.65252730505461,3.65252730505461,3.65252730505461,3.40532348204982,3.41005967604433,3.41005967604433,3.41005967604433,..
Agricultural land (% of land area),AG.LND.AGRI.ZS,Haiti,HTI,75.0362844702467,75.0362844702467,75.0362844702467,72.9317851959361,72.3875181422351,64.9492017416546,64.9492017416546,65.1306240928882,65.1306240928882,65.1306240928882,..
Agricultural land (% of land area),AG.LND.AGRI.ZS,Honduras,HND,30.1635534900349,30.1635534900349,30.6014835999643,31.1734739476271,31.361158280454,31.361158280454,31.6203414067388,31.9599606756636,31.9599606756636,31.9599606756636,..
Agricultural land (% of land area),AG.LND.AGRI.ZS,"Hong Kong SAR, China",HKG,4.85714285714286,4.85714285714286,4.76190476190476,4.85714285714286,4.76190476190476,4.76190476190476,3.80952380952381,3.80952380952381,3.80952380952381,3.80952380952381,..
Agricultural land (% of land area),AG.LND.AGRI.ZS,Hungary,HUN,57.6813499890423,57.6813499890423,57.8785886478194,58.1087004163927,58.031996493535,57.8347578347578,53.8754394039009,55.2672430418584,55.6214332675871,55.6985097523559,..
Agricultural land (% of land area),AG.LND.AGRI.ZS,Iceland,ISL,18.6753117206983,18.6733167082294,18.6733167082294,18.6733167082294,18.565903005058,18.565903005058,18.565903005058,18.565903005058,18.565903005058,16.2451651294258,..
Agricultural land (% of land area),AG.LND.AGRI.ZS,India,IND,60.4495508191538,60.4317248477225,60.3990999566123,60.2840719900175,60.2437112999842,60.2198312250478,60.0459439188212,60.0507647678083,60.0555856504293,60.0604064994165,..
Agricultural land (% of land area),AG.LND.AGRI.ZS,Indonesia,IDN,27.5091419048223,27.6112077694021,27.8730589677122,27.7598939877572,28.411834447481,28.7503293442037,28.9649906072855,28.9558492042508,29.0073830174182,29.1258057551148,..
Agricultural land (% of land area),AG.LND.AGRI.ZS,"Iran, Islamic Rep.",IRN,28.2141015250866,28.2141015250866,28.2141015250866,28.6194144838213,28.9152542372881,28.9602465331279,28.9848998459168,29.008936825886,29.008936825886,29.008936825886,..
Agricultural land (% of land area),AG.LND.AGRI.ZS,Iraq,IRQ,21.5010319537095,21.364205948476,21.4745420705414,21.5116279069767,21.60422732466,21.7695160435814,21.7755050330546,21.8439177204985,21.7784995277912,21.8307880128072,..
Agricultural land (% of land area),AG.LND.AGRI.ZS,Ireland,IRL,64.8279866453767,64.3054144287995,64.7554071708521,65.1618522281899,65.5537813906227,65.6699085498621,65.495717811003,62.9554362026419,63.115111046596,60.8070837567136,..
Agricultural land (% of land area),AG.LND.AGRI.ZS,Isle of Man,IMN,68.2456140350877,72.1052631578947,70.5263157894737,70.8771929824561,72.280701754386,70.5263157894737,70.5263157894737,68.7719298245614,71.4035087719298,69.0898245614035,..
Agricultural land (% of land area),AG.LND.AGRI.ZS,Israel,ISR,24.8475046210721,24.6719038817006,25.5083179297597,29.7597042513863,29.6349353049908,29.5009242144177,25.0369685767098,24.9075785582255,24.7042513863216,24.8012939001848,..
Agricultural land (% of land area),AG.LND.AGRI.ZS,Italy,ITA,44.5086196984965,43.7748124902779,43.3250596852407,43.3743295977925,41.948748469826,44.3699956377212,42.332263616904,41.9422315930434,43.9631475720276,44.2565839307453,..
Agricultural land (% of land area),AG.LND.AGRI.ZS,Jamaica,JAM,38.5872576177285,38.5041551246537,38.5041551246537,38.5041551246537,38.5041551246537,38.5041551246537,38.5041551246537,38.5041551246537,38.5041551246537,38.5041551246537,..
Agricultural land (% of land area),AG.LND.AGRI.ZS,Japan,JPN,13.360768175583,13.2949245541838,13.2043895747599,13.1083676268861,13.0205761316872,12.9355281207133,12.8449931412894,12.7818930041152,12.716049382716,12.6368303066246,..
Agricultural land (% of land area),AG.LND.AGRI.ZS,Jordan,JOR,11.9846812345123,11.8979499887362,12.0067582788916,11.3426447398063,11.5093489524668,11.6730860193256,11.5886208527603,11.5210487195081,11.7462891636822,11.5323107417168,..
Agricultural land (% of land area),AG.LND.AGRI.ZS,Kazakhstan,KAZ,80.304996851502,80.1050857502685,80.0985665073897,80.088046820017,80.0222617327851,79.2585472459903,79.3233322220988,79.3664851650183,79.3664851650183,79.3664851650183,..
Agricultural land (% of land area),AG.LND.AGRI.ZS,Kenya,KEN,49.747157992761,49.5619679036477,49.6614869747445,48.9288901383398,49.5521664949056,49.5174851803854,49.3892110936528,49.4013975092459,49.4830453575056,49.5263223856783,..
Agricultural land (% of land area),AG.LND.AGRI.ZS,Kiribati,KIR,41.9753086419753,41.9753086419753,41.9753086419753,41.9753086419753,41.9753086419753,41.9753086419753,41.9753086419753,41.9753086419753,41.9753086419753,41.9753086419753,..
Agricultural land (% of land area),AG.LND.AGRI.ZS,"Korea, Dem. People's Rep.",PRK,21.8349223486421,21.8469645378291,21.6178058300806,21.5679760817208,21.5762810397807,21.5513661656009,21.5638236026908,21.5596711236608,21.5530271572129,21.5538576530189,..
Agricultural land (% of land area),AG.LND.AGRI.ZS,"Korea, Rep.",KOR,17.9441650415683,17.815177792601,17.4460708387613,17.1951594708235,16.9401148482363,16.7725409836066,16.608606557377,16.4241803278689,16.2295081967213,16.0655737704918,..
Agricultural land (% of land area),AG.LND.AGRI.ZS,Kosovo,XKX,..,..,..,..,..,..,..,..,..,..,..
Agricultural land (% of land area),AG.LND.AGRI.ZS,Kuwait,KWT,8.53535353535353,8.38383838383838,8.41750841750842,8.49607182940516,8.41750841750842,8.41750841750842,8.41750841750842,8.41750841750842,8.41750841750842,8.41750841750842,..
Agricultural land (% of land area),AG.LND.AGRI.ZS,Kyrgyz Republic,KGZ,55.0422314911366,55.0375391032325,54.958811261731,54.9535974973931,54.0709071949948,54.0583941605839,54.0552659019812,54.0464025026069,55.2526068821689,54.0085714285714,..
Agricultural land (% of land area),AG.LND.AGRI.ZS,Lao PDR,LAO,10.3431542461005,10.4545060658579,10.5112651646447,10.2235701906412,10.0511265164645,9.80459272097054,9.56629116117851,9.57712305025997,9.79116117850953,9.90987868284229,..
Agricultural land (% of land area),AG.LND.AGRI.ZS,Latvia,LVA,30.0834043100262,30.2842817426519,31.0315457920195,31.0636861812397,31.1440371542899,31.4975814357112,31.6406877711715,31.6567571910654,31.6567571910654,31.6728266109593,..
Agricultural land (% of land area),AG.LND.AGRI.ZS,Lebanon,LBN,64.7116324535679,65.0048875855327,65.5913978494624,65.8181818181818,65.6451612903226,65.6207233626589,65.8958944281525,66.6294916911046,66.1275659824047,65.9055522971652,..
Agricultural land (% of land area),AG.LND.AGRI.ZS,Lesotho,LSO,74.9769433465086,73.2213438735178,77.6021080368907,79.6442687747035,80.1482213438735,70.961791831357,77.3847167325428,73.4321475625823,74.9472990777339,77.7584980237154,..
Agricultural land (% of land area),AG.LND.AGRI.ZS,Liberia,LBR,18.5462344269103,18.8585257475083,19.1702938122924,19.4838901578073,19.7975892857143,19.9651162790698,19.9651162790698,19.9651162790698,19.9651162790698,19.9651162790698,..
Agricultural land (% of land area),AG.LND.AGRI.ZS,Libya,LBY,8.72387101174171,8.72387101174171,8.72387101174171,8.72387101174171,8.72387101174171,8.72387101174171,8.72387101174171,8.72387101174171,8.72387101174171,8.72387101174171,..
Agricultural land (% of land area),AG.LND.AGRI.ZS,Liechtenstein,LIE,32.75,32.625,32.5,32.375,32.375,32.3125,32.3125,32.3125,32.3125,32.3125,..
Agricultural land (% of land area),AG.LND.AGRI.ZS,Lithuania,LTU,47.1252992817239,47.9792498004789,47.1552632419144,46.8590859022046,47.0541274149768,47.5087831363781,46.9945704247844,46.9222168982591,46.503418311929,45.8945686900959,..
Agricultural land (% of land area),AG.LND.AGRI.ZS,Luxembourg,LUX,50.8805730133698,50.9893336855108,50.7488949138849,50.9458294166544,51.1015902363991,51.1106795211423,51.3218694405817,51.5843322483161,51.4711434630952,51.6606200912036,..
Agricultural land (% of land area),AG.LND.AGRI.ZS,"Macao SAR, China",MAC,..,..,..,..,..,..,..,..,..,..,..
Agricultural land (% of land area),AG.LND.AGRI.ZS,Madagascar,MDG,70.2904778274321,70.2904778274321,70.2904778274321,70.2904778274321,70.2904778274321,70.2904778274321,70.2904778274321,70.2904778274321,70.2904778274321,70.2904778274321,..
Agricultural land (% of land area),AG.LND.AGRI.ZS,Malawi,MWI,59.9384811200679,60.5218498090793,61.1158252015274,61.6991938905388,62.2931692829869,62.8765379719983,63.4705133644463,64.1705557912601,64.1705557912601,64.1705557912601,..
Agricultural land (% of land area),AG.LND.AGRI.ZS,Malaysia,MYS,24.6203013239994,26.0842185359915,26.0873535230558,26.0873535230558,26.0873535230558,26.0873535230558,26.0873535230558,26.0873535230558,26.0873535230558,26.0873535230558,..
Agricultural land (% of land area),AG.LND.AGRI.ZS,Maldives,MDV,21.3333333333333,21.3333333333333,21.3333333333333,21.3333333333333,21.3333333333333,21.3333333333333,21.3333333333333,19.6666666666667,19.6666666666667,19.7986577181208,..
Agricultural land (% of land area),AG.LND.AGRI.ZS,Mali,MLI,34.2535671493784,34.3826333603783,34.6059572689499,34.7400371253657,34.911642121309,35.0888286250502,35.2476788860751,35.4343856284677,35.466125849253,35.4694668863046,..
Agricultural land (% of land area),AG.LND.AGRI.ZS,Malta,MLT,31.96875,31.96875,32.4375,32.4375,32.4375,32.4375,28.46875,27.34375,27.34375,25.909375,..
Agricultural land (% of land area),AG.LND.AGRI.ZS,Marshall Islands,MHL,38.8888888888889,38.8888888888889,38.8888888888889,38.8888888888889,38.8888888888889,38.8888888888889,38.8888888888889,38.8888888888889,38.8888888888889,38.8888888888889,..
Agricultural land (% of land area),AG.LND.AGRI.ZS,Mauritania,MRT,38.5272145144077,38.5272145144077,38.5272145144077,38.5272145144077,38.5272145144077,38.5272145144077,38.5272145144077,38.5272145144077,38.5272145144077,38.5272145144077,..
Agricultural land (% of land area),AG.LND.AGRI.ZS,Mauritius,MUS,43.064596895343,43.064596895343,43.064596895343,43.064596895343,43.064596895343,43.064596895343,43.064596895343,43.064596895343,43.064596895343,43.043264897346,..
Agricultural land (% of land area),AG.LND.AGRI.ZS,Mexico,MEX,50.7976028190025,50.7626224954345,50.5866920445485,49.8706242444507,49.6494251395355,49.4385143650814,51.5149441086448,51.5064078294195,50.8701226883407,50.6933879986625,..
Agricultural land (% of land area),AG.LND.AGRI.ZS,"Micronesia, Fed. Sts.",FSM,7.14285714285714,7.14285714285714,7.14285714285714,7.14285714285714,7.14285714285714,7.14285714285714,7.14285714285714,7.14285714285714,7.14285714285714,7.14285714285714,..
Agricultural land (% of land area),AG.LND.AGRI.ZS,Moldova,MDA,70.4075425790754,70.4987834549878,70.4957420924574,70.456065673457,68.6355301608926,68.7711146722455,75.1445965588756,75.0684098510185,74.9695863746959,74.096568478591,..
Agricultural land (% of land area),AG.LND.AGRI.ZS,Monaco,MCO,..,..,..,..,..,..,..,..,..,..,..
Agricultural land (% of land area),AG.LND.AGRI.ZS,Mongolia,MNG,73.001629001279,72.990217275856,72.9236771309318,72.8635713833453,72.8416347996956,72.6641956567248,72.2189891455646,72.1791744756203,71.9096506603489,68.9555729589301,..
Agricultural land (% of land area),AG.LND.AGRI.ZS,Montenegro,MNE,17.1241635687732,17.2044609665428,19.0111524163569,19.0557620817844,19.092936802974,19.1078066914498,19.17843866171,19.0007434944238,18.8847583643123,19.5925650557621,..
Agricultural land (% of land area),AG.LND.AGRI.ZS,Morocco,MAR,67.404212413175,67.3246695048174,69.1799238180596,69.5643024871163,68.3975066099036,66.34978041676,67.0205229666144,67.0350365225185,65.8091218911046,66.7449381581896,..
Agricultural land (% of land area),AG.LND.AGRI.ZS,Mozambique,MOZ,51.5212390956026,51.8231643734581,52.2482896309672,52.5799231923498,52.7751621353544,52.7979246674636,52.7793585798215,52.7742719804675,52.7726188356774,52.7891502835779,..
Agricultural land (% of land area),AG.LND.AGRI.ZS,Myanmar,MMR,19.342193911925,19.5213448582103,19.5471674990043,19.997855227882,20.0265052857362,19.8857055308718,19.8875388787596,19.8875388787596,19.8875388787596,19.9140944121838,..
Agricultural land (% of land area),AG.LND.AGRI.ZS,Namibia,NAM,47.1389182426605,47.1401328814877,47.1401328814877,47.1413475203148,47.1413475203148,47.1413475203148,47.1413475203148,47.142562159142,47.142562159142,47.142562159142,..
Agricultural land (% of land area),AG.LND.AGRI.ZS,Nauru,NRU,20,20,20,20,20,20,20,20,20,20,..
Agricultural land (% of land area),AG.LND.AGRI.ZS,Nepal,NPL,28.1675388908266,27.9640516219044,27.7312179979072,27.5400788280433,26.9733247296826,26.7748852459016,26.5011008022323,26.3199051273108,26.1213812347401,26.1185908615277,..
Agricultural land (% of land area),AG.LND.AGRI.ZS,Netherlands,NLD,54.5888987830217,54.8262548262548,53.9055539055539,54.024354024354,54.1431541431541,53.959013959014,53.8892188892189,53.8164538164538,53.5788535788536,53.5491535491536,..
Agricultural land (% of land area),AG.LND.AGRI.ZS,New Caledonia,NCL,10.050875273523,10.0672866520788,10.0672866520788,10.0672866520788,10.0672866520788,10.0672866520788,10.0672866520788,10.0672866520788,10.0672866520788,10.0672866520788,..
Agricultural land (% of land area),AG.LND.AGRI.ZS,New Zealand,NZL,42.2163989214234,40.6820857544339,40.3099008772929,40.4238350233565,39.8693555125138,39.2882913675895,38.5629106376514,38.6426645398959,37.0172040560556,36.8804830807793,..
Agricultural land (% of land area),AG.LND.AGRI.ZS,Nicaragua,NIC,42.1555592487951,42.1555592487951,42.1555592487951,42.222037560246,42.2469669270401,42.2469669270401,42.3051354495596,42.3051354495596,42.3051354495596,42.3051354495596,..
Agricultural land (% of land area),AG.LND.AGRI.ZS,Niger,NER,36.063787795058,36.0740506828768,36.6266677192705,36.7845583010973,36.7845583010973,36.7845583010973,36.786689823952,36.7873213862793,36.7877950580248,36.7873213862793,..
Agricultural land (% of land area),AG.LND.AGRI.ZS,Nigeria,NGA,73.6946120315777,73.9246242190674,74.1530467626294,74.3371732709685,74.7367722915775,74.9047952831121,75.4191119602095,75.6659597922637,75.9658687703811,76.1972932793131,..
Agricultural land (% of land area),AG.LND.AGRI.ZS,North Macedonia,MKD,50,50.0396510705789,50.1586042823156,50.1982553528945,50.1189532117367,50.1586042823156,50.0396510705789,49.9603489294211,49.8413957176844,49.6034892942109,..
Agricultural land (% of land area),AG.LND.AGRI.ZS,Northern Mariana Islands,MNP,3.69565217391304,3.69565217391304,3.69565217391304,3.69565217391304,1.17391304347826,1.17391304347826,1.17391304347826,1.17391304347826,1.17391304347826,1.17391304347826,..
Agricultural land (% of land area),AG.LND.AGRI.ZS,Norway,NOR,2.7026523658753,2.70004137564292,2.69388608214041,2.69802778789613,2.70133768638321,2.69589201685045,2.70656765993659,2.70403821341313,2.70403821341313,2.69580256403217,..
Agricultural land (% of land area),AG.LND.AGRI.ZS,Oman,OMN,4.58739903069467,4.63327948303716,4.63974151857835,4.68794830371567,4.71369951534733,4.71369951534733,4.71382875605816,4.73738287560582,4.73738287560582,4.75518578352181,..
Agricultural land (% of land area),AG.LND.AGRI.ZS,Pakistan,PAK,47.0267745952677,46.9619136571191,47.7298671647987,48.0009858862599,47.9361249481112,47.0553134080531,47.572903694479,46.7180365296804,46.6311228725612,46.6933893731839,..
Agricultural land (% of land area),AG.LND.AGRI.ZS,Palau,PLW,9.34782608695652,9.34782608695652,9.34782608695652,9.34782608695652,9.34782608695652,9.34782608695652,9.34782608695652,9.34782608695652,9.34782608695652,9.34782608695652,..
Agricultural land (% of land area),AG.LND.AGRI.ZS,Panama,PAN,30.1268213707501,29.9919050188883,29.8569886670264,29.7220723151646,29.563224588838,29.4284173631707,29.3084389323268,29.4057158263683,29.4057158263683,29.522326772715,..
Agricultural land (% of land area),AG.LND.AGRI.ZS,Papua New Guinea,PNG,2.8816852890518,2.91922448438811,2.93247361215387,3.10250408514773,3.10250408514773,3.10250408514773,3.10250408514773,3.10250408514773,3.10250408514773,3.10250408514773,..
Agricultural land (% of land area),AG.LND.AGRI.ZS,Paraguay,PRY,49.6341485023911,50.1495819280141,50.6678494840171,51.1846647369746,51.7095343569091,52.2353553989429,52.7540030203876,53.2711832368487,54.1069405157129,54.1069421552674,..
Agricultural land (% of land area),AG.LND.AGRI.ZS,Peru,PER,18.75578140625,18.995159375,18.75,18.945396875,18.82389765625,18.6431953125,19.125773046875,19.60835078125,19.05121875,19.05121875,..
Agricultural land (% of land area),AG.LND.AGRI.ZS,Philippines,PHL,41.9156856826642,42.0129456350404,42.1102055874166,42.224234497099,42.3013717007077,42.3785089043163,42.455646107925,42.5361371029949,42.3925948284536,42.6689472448603,..
Agricultural land (% of land area),AG.LND.AGRI.ZS,Poland,POL,47.1080048336001,46.9349096965936,46.9447075345374,47.2321107808877,47.39850409903,47.4437293783281,48.1266128768824,47.3691604050964,46.3131758633082,47.6050543637967,..
Agricultural land (% of land area),AG.LND.AGRI.ZS,Portugal,PRT,39.996244771062,39.7222440549486,39.5066458819112,40.1000899508327,40.791900276839,43.1253165745326,43.1660902826901,43.2538567511157,42.7894964936641,43.33752194189,..
Agricultural land (% of land area),AG.LND.AGRI.ZS,Puerto Rico (US),PRI,21.1499436302142,20.6313416009019,20.1127395715896,19.5941375422773,19.0417136414882,19.0417136414882,19.0417136414882,19.0417136414882,19.0417136414882,19.0417136414882,..
Agricultural land (% of land area),AG.LND.AGRI.ZS,Qatar,QAT,6.1792863359443,6.1792863359443,6.1792863359443,6.26631853785901,6.44038294168842,6.44038294168842,6.44038294168842,6.44038294168842,6.44038294168842,6.44038294168842,..
Agricultural land (% of land area),AG.LND.AGRI.ZS,Romania,ROU,60.1095271210014,60.2312239221141,58.7665159944367,58.1449930458971,58.3014603616134,60.0921418636996,56.7150556328234,56.8454450625869,55.1025730180807,55.2633866481224,..
Agricultural land (% of land area),AG.LND.AGRI.ZS,Russian Federation,RUS,13.1584362579663,13.1584362579663,13.1584362579663,13.1584362579663,13.1584362579663,13.1584362579663,13.1584362579663,13.1584362579663,13.1584362579663,13.171076035897,..
Agricultural land (% of land area),AG.LND.AGRI.ZS,Rwanda,RWA,81.3133360356709,81.3538710985002,81.2728009728415,81.2728009728415,79.0028374543981,77.1787596270774,79.3919740575598,81.2509120389137,80.0367774625051,76.3328334008918,..
Agricultural land (% of land area),AG.LND.AGRI.ZS,Samoa,WSM,23.8515901060071,26.7208480565371,24.3144876325088,22.3021582733813,19.8453237410072,17.773381294964,17.773381294964,17.773381294964,17.773381294964,17.5647482014388,..
Agricultural land (% of land area),AG.LND.AGRI.ZS,San Marino,SMR,16.6666666666667,38.3333333333333,38.3333333333333,38.3333333333333,38.3333333333333,38.3333333333333,38.3333333333333,38.3333333333333,38.3333333333333,38.3333333333333,..
Agricultural land (% of land area),AG.LND.AGRI.ZS,Sao Tome and Principe,STP,38.5416666666667,38.5416666666667,41.6666666666667,42.7083333333333,43.75,43.75,43.75,44.7916666666667,44.7916666666667,44.7916666666667,..
Agricultural land (% of land area),AG.LND.AGRI.ZS,Saudi Arabia,SAU,80.7661454907452,80.7626139582917,80.7596872107141,80.7591328517135,80.7582529108848,80.7636691802074,80.7734077936819,80.7732356758416,80.7732356758416,80.7732356758416,..
Agricultural land (% of land area),AG.LND.AGRI.ZS,Senegal,SEN,46.6005297875656,48.4495922713343,48.2418324416974,48.4236222926297,48.605412143562,48.7975899859762,48.9793798369085,49.4000934919233,49.4000934919233,49.4000934919233,..
Agricultural land (% of land area),AG.LND.AGRI.ZS,Serbia,SRB,40.0914703864624,39.8010519094443,39.5152069517494,39.0921564143609,39.6066773382118,39.5609421449806,41.4080152217862,41.443691283149,41.2534189558806,40.3853014627185,..
Agricultural land (% of land area),AG.LND.AGRI.ZS,Seychelles,SYC,3.3695652173913,3.3695652173913,3.3695652173913,3.3695652173913,3.3695652173913,3.3695652173913,3.3695652173913,3.3695652173913,3.3695652173913,3.3695652173913,..
Agricultural land (% of land area),AG.LND.AGRI.ZS,Sierra Leone,SLE,54.7104461069548,54.7104461069548,54.7104461069548,54.7104461069548,54.7104461069548,54.7104461069548,54.7104461069548,54.7104461069548,54.7104461069548,54.7104461069548,..
Agricultural land (% of land area),AG.LND.AGRI.ZS,Singapore,SGP,0.930888575458392,0.930888575458392,0.930888575458392,0.926966292134832,0.92436974789916,0.921787709497207,0.919220055710306,0.919220055710306,0.919220055710306,0.919220055710306,..
Agricultural land (% of land area),AG.LND.AGRI.ZS,Sint Maarten (Dutch part),SXM,..,..,..,..,..,..,..,..,..,..,..
Agricultural land (% of land area),AG.LND.AGRI.ZS,Slovak Republic,SVK,39.2970049916805,39.2787321658833,39.2262895174709,39.0806988352745,39.2886855241265,39.2054908485857,39.1638935108153,38.6023294509151,38.4567387687188,37.9575707154742,..
Agricultural land (% of land area),AG.LND.AGRI.ZS,Slovenia,SVN,30.5283018867925,30.6062772432556,30.6563399860987,30.5411136105194,30.3927216384259,30.4066268051886,30.3177330605272,30.3410738761646,30.3291551617965,30.355856862599,..
Agricultural land (% of land area),AG.LND.AGRI.ZS,Solomon Islands,SLB,3.59056806002144,3.61200428724544,3.62986780993212,3.6691675598428,3.71561271882815,3.70846730975348,3.73704894605216,3.89067524115756,3.8335119685602,3.90139335476956,..
Agricultural land (% of land area),AG.LND.AGRI.ZS,"Somalia, Fed. Rep.",SOM,70.3382535786017,70.3382535786017,70.3382535786017,70.3393694009628,70.3392099977684,70.3412822392961,70.341601045685,70.3414416424905,70.3430356744349,70.3433544808238,..
Agricultural land (% of land area),AG.LND.AGRI.ZS,South Africa,ZAF,79.4178502831612,79.4178502831612,79.4178502831612,79.4178502831612,79.4178502831612,79.4178502831612,79.4178502831612,79.4178502831612,79.4178502831612,79.4178502831612,..
Agricultural land (% of land area),AG.LND.AGRI.ZS,South Sudan,SSD,44.9849469086766,44.929106071875,44.8732652350735,44.817424398272,44.7057427246689,44.7057427246689,44.7054262339183,44.7085911414239,44.7085911414239,44.8581857167724,..
Agricultural land (% of land area),AG.LND.AGRI.ZS,Spain,ESP,53.1336838527818,53.1890621841609,52.5772473596977,52.6387138276281,52.408209711446,52.4584917258728,52.3316792232841,52.4848941208322,53.3572810066811,49.5753269878931,..
Agricultural land (% of land area),AG.LND.AGRI.ZS,Sri Lanka,LKA,43.6931908786477,44.2699497519913,44.4315189116701,44.5963194545425,45.448079658606,45.4472947072851,45.4574846427417,45.4574846427417,45.4574846427417,48.6081474296799,..
Agricultural land (% of land area),AG.LND.AGRI.ZS,St. Kitts and Nevis,KNA,23.0769230769231,23.0769230769231,23.0769230769231,23.0769230769231,23.0769230769231,23.0769230769231,23.0769230769231,23.0769230769231,23.0769230769231,23.0769230769231,..
Agricultural land (% of land area),AG.LND.AGRI.ZS,St. Lucia,LCA,16.2950819672131,16.2950819672131,16.2950819672131,16.2950819672131,16.2950819672131,16.2950819672131,16.2950819672131,16.2950819672131,16.2950819672131,16.2950819672131,..
Agricultural land (% of land area),AG.LND.AGRI.ZS,St. Martin (French part),MAF,..,..,..,..,..,..,..,..,..,..,..
Agricultural land (% of land area),AG.LND.AGRI.ZS,St. Vincent and the Grenadines,VCT,17.9487179487179,17.9487179487179,17.9487179487179,17.9487179487179,17.9487179487179,17.9487179487179,17.9487179487179,17.9487179487179,17.9487179487179,17.9487179487179,..
Agricultural land (% of land area),AG.LND.AGRI.ZS,Sudan,SDN,59.6600428265525,59.8232762312634,59.9865096359743,60.1497430406852,60.3131691648822,60.3131691648822,60.3131691648822,60.3131691648822,60.3131691648822,60.3131691648822,..
Agricultural land (% of land area),AG.LND.AGRI.ZS,Suriname,SUR,0.549506655790339,0.542030374759178,0.542030374759178,0.523339672181275,0.523339672181275,0.523339672181275,0.498418735410739,0.48595826702547,0.448576861869665,0.445038088848248,..
Agricultural land (% of land area),AG.LND.AGRI.ZS,Sweden,SWE,7.45341050724985,7.43498868578537,7.41674708031197,7.39330060221358,7.36634329022193,7.37821646042035,7.38067177371833,7.3733058338244,7.35366332744058,7.32192403074128,..
Agricultural land (% of land area),AG.LND.AGRI.ZS,Switzerland,CHE,38.5028064078332,38.4205685464246,38.3386607265115,38.259882464098,38.1824051503393,38.1050341397781,38.0271063029444,37.9496922648985,37.8712936567617,37.7938948048868,..
Agricultural land (% of land area),AG.LND.AGRI.ZS,Syrian Arab Republic,SYR,75.7991613570767,75.7882698905408,75.7835103196645,75.804775908076,75.7920165550291,75.7574143658444,75.7685345531776,74.9930675815499,74.0946468441976,74.0946468441976,..
Agricultural land (% of land area),AG.LND.AGRI.ZS,Tajikistan,TJK,26.800974161659,27.076158224656,27.3643634267599,27.6799481230636,27.7728943007421,27.8406225232365,27.8312558541682,27.7887455868578,28.0726277109302,27.9465379350097,..
Agricultural land (% of land area),AG.LND.AGRI.ZS,Tanzania,TZA,43.1792729735832,43.418943328065,43.6586136825469,43.8982840370287,44.1379543915105,44.3776247459923,44.6163919620682,44.6163919620682,44.6163919620682,44.6163919620682,..
Agricultural land (% of land area),AG.LND.AGRI.ZS,Thailand,THA,44.7102115915363,44.7180410655914,44.7102115915363,44.7199984341052,44.7174470042475,45.019475816712,45.5516837283955,45.9981600735971,45.9981600735971,43.7980778641195,..
Agricultural land (% of land area),AG.LND.AGRI.ZS,Timor-Leste,TLS,22.871553463349,22.9051782111634,22.9388029589778,22.9724277067922,23.0060524546066,22.9589778076664,22.9589778076664,22.9589778076664,22.9589778076664,22.9589778076664,..
Agricultural land (% of land area),AG.LND.AGRI.ZS,Togo,TGO,70.2334988049274,70.2334988049274,70.2334988049274,70.2334988049274,70.2334988049274,70.2334988049274,70.2334988049274,70.2334988049274,70.2334988049274,70.2334988049274,..
Agricultural land (% of land area),AG.LND.AGRI.ZS,Tonga,TON,47.2222222222222,48.6111111111111,48.6111111111111,48.6111111111111,48.6111111111111,48.6111111111111,48.6111111111111,48.6111111111111,48.6111111111111,48.6111111111111,..
Agricultural land (% of land area),AG.LND.AGRI.ZS,Trinidad and Tobago,TTO,10.5263157894737,10.5263157894737,10.5263157894737,10.5263157894737,10.5263157894737,10.5263157894737,10.5263157894737,10.5263157894737,10.5263157894737,10.5263157894737,..
Agricultural land (% of land area),AG.LND.AGRI.ZS,Tunisia,TUN,62.8282698249228,63.2981462409887,62.45236869207,62.7117662203914,62.4388516992791,62.4388516992791,62.4388516992791,62.4388516992791,62.4388516992791,62.4388516992791,..
Agricultural land (% of land area),AG.LND.AGRI.ZS,Turkiye,TUR,50.0942011096241,50.0903031326741,49.8005535127269,49.3275989761314,49.1171082208334,49.0053662149344,49.0651351948339,49.4900146823798,50.0253368501748,50.1383781817237,..
Agricultural land (% of land area),AG.LND.AGRI.ZS,Turkmenistan,TKM,76.7154150618177,78.2850637328964,79.8547124039751,81.4243610750537,82.9940097461324,84.5636584172111,84.5587640712447,84.5536569276275,84.5536569276275,84.2215632115421,..
Agricultural land (% of land area),AG.LND.AGRI.ZS,Turks and Caicos Islands,TCA,1.05263157894737,1.05263157894737,1.05263157894737,1.05263157894737,1.05263157894737,1.05263157894737,1.05263157894737,1.05263157894737,1.05263157894737,1.05263157894737,..
Agricultural land (% of land area),AG.LND.AGRI.ZS,Tuvalu,TUV,60,60,60,60,60,60,60,60,60,60,..
Agricultural land (% of land area),AG.LND.AGRI.ZS,Uganda,UGA,71.8880909634949,71.8880909634949,71.8880909634949,71.8880909634949,71.8880909634949,71.8880909634949,71.8880909634949,71.8880909634949,71.8880909634949,71.8880909634949,..
Agricultural land (% of land area),AG.LND.AGRI.ZS,Ukraine,UKR,71.658409432236,71.6532306789345,71.665314436638,71.6191955808735,71.3306869175009,71.2996202968588,71.2996202968588,71.2996202968588,71.2996202968588,71.2996202968588,..
Agricultural land (% of land area),AG.LND.AGRI.ZS,United Arab Emirates,ARE,5.3858068149817,5.39003097718952,5.40411151788229,5.40411151788229,5.37524640946212,5.49704308645452,5.48859476203886,5.51339763446916,5.51339763446916,5.51539988735567,..
Agricultural land (% of land area),AG.LND.AGRI.ZS,United Kingdom,GBR,71.2272144835283,70.8386723432398,71.7148836440293,72.1950667548465,71.7185202331253,72.4229988013062,71.3400491877816,71.1575290373248,71.9816417972141,70.3073227793163,..
Agricultural land (% of land area),AG.LND.AGRI.ZS,United States,USA,46.4263636850609,46.519708562633,46.613053451137,46.7063983396411,46.5817145490204,46.4570307583996,46.3323469677789,46.2076631880902,46.0829793974695,46.0829793974695,..
Agricultural land (% of land area),AG.LND.AGRI.ZS,Uruguay,URY,82.7054050965604,82.6625528511027,81.5066849502914,81.2644269226374,81.0810193120786,80.7182036338704,80.3531025025711,80.3908124785739,80.8735287395726,81.3541309564621,..
Agricultural land (% of land area),AG.LND.AGRI.ZS,Uzbekistan,UZB,58.6109332727536,57.984566500227,57.9805306962693,57.9525543137807,57.9234067278426,58.0070592775022,58.2832179734483,58.3012029873846,58.4792534698583,58.0551458073301,..
Agricultural land (% of land area),AG.LND.AGRI.ZS,Vanuatu,VUT,15.3404429860541,15.3404429860541,15.3404429860541,15.3404429860541,15.3404429860541,15.3404429860541,15.3404429860541,15.3404429860541,15.3404429860541,15.3404429860541,..
Agricultural land (% of land area),AG.LND.AGRI.ZS,"Venezuela, RB",VEN,24.3750354288306,24.3750354288306,24.3750354288306,24.3750354288306,24.3750354288306,24.3750354288306,24.3750354288306,24.3750354288306,24.3750354288306,24.3750354288306,..
Agricultural land (% of land area),AG.LND.AGRI.ZS,Viet Nam,VNM,34.6991265943562,38.7634300520449,38.8407942894887,38.8279627189274,38.7344502263671,39.5241027473527,39.4347683207361,39.4347683207361,39.2911951351024,39.2147376279795,..
Agricultural land (% of land area),AG.LND.AGRI.ZS,Virgin Islands (U.S.),VIR,11.4285714285714,11.4285714285714,11.4285714285714,11.4285714285714,9.42857142857143,9.42857142857143,9.42857142857143,9.42857142857143,9.42857142857143,9.42857142857143,..
Agricultural land (% of land area),AG.LND.AGRI.ZS,West Bank and Gaza,PSE,69.8431063122924,71.4953156146179,72.1624916943522,71.3877906976744,71.2277242524917,70.6523754152824,67.7514285714286,64.9294605809129,64.9294605809129,64.9294605809129,..
Agricultural land (% of land area),AG.LND.AGRI.ZS,"Yemen, Rep.",YEM,44.4184328655037,44.382445972309,44.2938045722295,44.4191904843078,44.4191904843078,44.4191904843078,44.4191904843078,44.4191904843078,44.4191904843078,44.4191904843078,..
Agricultural land (% of land area),AG.LND.AGRI.ZS,Zambia,ZMB,31.9320948627235,31.9334400516553,31.9334400516553,32.0679589448338,32.0679589448338,32.0679589448338,32.0679589448338,32.0679589448338,32.0679589448338,32.0679589448338,..
Agricultural land (% of land area),AG.LND.AGRI.ZS,Zimbabwe,ZWE,41.8387654129508,41.8325022618586,41.8275321183921,41.8217862220499,41.8168160785834,41.8196029468786,41.8169598035414,41.8091454051958,41.7977107405971,41.791706346129,..
Agricultural land (% of land area),AG.LND.AGRI.ZS,Africa Eastern and Southern,AFE,45.9780444690021,46.0506179101141,46.1616694417186,46.2460594392602,46.3695581728234,46.4191789506879,46.4569755495826,46.5105662241913,46.541210005602,..,..
Agricultural land (% of land area),AG.LND.AGRI.ZS,Africa Western and Central,AFW,39.9207438164536,40.2124235942064,40.3000928388707,40.475866835143,40.8043266583976,40.9488697428069,41.1203255554806,41.3739993917601,41.4328200143868,..,..
Agricultural land (% of land area),AG.LND.AGRI.ZS,Arab World,ARB,39.8379996213891,39.8708634110015,39.9363858970886,39.9852153767825,39.9708602889899,39.9077871346411,39.9687286082438,39.9673366228113,40.8754671298261,..,..
Agricultural land (% of land area),AG.LND.AGRI.ZS,Caribbean small states,CSS,3.59859634317432,3.61816838737974,3.61565915094314,3.61314991450655,3.61314991450655,3.61816838737974,3.62318686025292,3.62569609668951,3.61064067806996,..,..
Agricultural land (% of land area),AG.LND.AGRI.ZS,Central Europe and the Baltics,CEB,46.8621980917691,46.9550718027164,46.6831370243936,46.6336578921674,46.7211321228008,47.1607908068912,46.3028102508104,46.1888715416489,45.4859443523745,..,..
Agricultural land (% of land area),AG.LND.AGRI.ZS,Early-demographic dividend,EAR,39.5784288000232,39.609522739982,39.5559691732663,39.579729951588,39.5579109824907,39.7348309082041,39.8510935330681,39.8697318911314,39.892602057568,..,..
Agricultural land (% of land area),AG.LND.AGRI.ZS,East Asia & Pacific,EAS,47.5502629293828,46.5157122685507,46.2548054425342,47.5330196131851,46.9918689743847,47.1073433038964,46.8123125830232,47.1081221878722,47.1231204973794,..,..
Agricultural land (% of land area),AG.LND.AGRI.ZS,East Asia & Pacific (excluding high income),EAP,48.1558151508642,48.246137434057,48.230899057343,48.36051000241,48.3547150908994,48.3201144686903,48.3027668027108,48.2714805560941,48.2659257034793,..,..
Agricultural land (% of land area),AG.LND.AGRI.ZS,East Asia & Pacific (IDA & IBRD countries),TEA,48.3544049366536,48.4453183766427,48.4317349601803,48.5626567689239,48.5567835101683,48.5221201586343,48.504528532633,48.4728899832917,48.4673517446187,..,..
Agricultural land (% of land area),AG.LND.AGRI.ZS,Euro area,EMU,43.0327454805402,42.9803491996728,42.741285150813,42.7262149953053,42.5122403516899,42.812102371831,42.4270924905662,42.3590047918146,42.6163618554284,..,..
Agricultural land (% of land area),AG.LND.AGRI.ZS,Europe & Central Asia,ECS,29.2139345789141,29.1781486482719,29.1416284568934,29.1274734153605,29.0765622008237,29.2629663515846,29.1960571455365,29.1970713688698,29.2035477166433,..,..
Agricultural land (% of land area),AG.LND.AGRI.ZS,Europe & Central Asia (excluding high income),ECA,67.4985722463657,67.3496193759684,67.3104990239317,67.2331470919822,67.1051723956214,67.7343777319299,67.819782608232,67.8760596385148,67.9744935129301,..,..
Agricultural land (% of land area),AG.LND.AGRI.ZS,Europe & Central Asia (IDA & IBRD countries),TEC,28.2324529086689,28.2040653601794,28.1802698665335,28.1562426594153,28.126690671021,28.30804641255,28.3001805073015,28.3046653298449,28.2960923828226,..,..
Agricultural land (% of land area),AG.LND.AGRI.ZS,European Union,EUU,41.394354095904,41.3490029398495,41.1031537631035,41.0935847175088,40.9653304909725,41.2743552952453,40.7796713967613,40.7146016537221,40.7113015792169,..,..
Agricultural land (% of land area),AG.LND.AGRI.ZS,Fragile and conflict affected situations,FCS,36.3616692404815,36.4390147428902,36.5637354495498,36.6748252354521,36.7817737084135,36.823781929074,36.9084955652092,37.0030609020076,37.0825847264518,..,..
Agricultural land (% of land area),AG.LND.AGRI.ZS,Heavily indebted poor countries (HIPC),HPC,40.1684386055446,40.3586422382444,40.450980918155,40.607790638563,40.8314342630611,40.9383760157158,41.0471335432254,41.1723375972432,41.2343038403941,..,..
Agricultural land (% of land area),AG.LND.AGRI.ZS,High income,HIC,28.4772835037384,27.9620161717075,27.8330554062426,28.3978298072899,28.1021277437927,28.158937023124,27.9412793814311,28.150915463499,28.2563005785498,..,..
Agricultural land (% of land area),AG.LND.AGRI.ZS,IBRD only,IBD,35.9448899265898,35.9693947418905,35.9254813833453,35.9023579317526,35.824026768982,35.8269607756833,35.8162435273847,35.7691949920153,35.6902219691441,..,..
Agricultural land (% of land area),AG.LND.AGRI.ZS,IDA & IBRD total,IBT,37.2974646950329,37.3554240477931,37.355448892893,37.3757040429182,37.3669617651601,37.3817782557037,37.4051352954114,37.3960646006915,37.360328421551,..,..
Agricultural land (% of land area),AG.LND.AGRI.ZS,IDA blend,IDB,44.9009059127022,45.1620429030025,45.2735275235573,45.4151816557444,45.8170444198074,45.6952977204496,45.9456982077238,46.1024938870762,46.0800795349982,..,..
Agricultural land (% of land area),AG.LND.AGRI.ZS,IDA only,IDX,40.1664448669797,40.2900025771438,40.4158131246543,40.5570427801633,40.6911552819133,40.7800674292181,40.8668438104436,40.9509203917527,41.061717958723,..,..
Agricultural land (% of land area),AG.LND.AGRI.ZS,IDA total,IDA,41.0835933337325,41.2345782007452,41.3576197665299,41.4989346781288,41.6849608822244,41.7330253333978,41.8515432909684,41.9497191853724,42.0346295429793,..,..
Agricultural land (% of land area),AG.LND.AGRI.ZS,Late-demographic dividend,LTE,34.5646021557795,34.5836343873206,34.575970092195,34.5390913950941,34.4434535621907,34.305658765095,34.228177183671,34.1263121066997,34.2127152121853,..,..
Agricultural land (% of land area),AG.LND.AGRI.ZS,Latin America & Caribbean,LCN,33.082276581794,33.1314835316356,32.9948854654513,32.8342708592751,32.5959803797659,32.4569521312077,32.4346554641747,32.2827240093129,32.03794487597,..,..
Agricultural land (% of land area),AG.LND.AGRI.ZS,Latin America & Caribbean (excluding high income),LAC,34.0005512880288,34.0758729588375,33.9563922349332,33.7981412150473,33.5571202062406,33.4294495427968,33.4309126226007,33.2739299512425,33.0054062426481,..,..
Agricultural land (% of land area),AG.LND.AGRI.ZS,Latin America & the Caribbean (IDA & IBRD countries),TLA,32.9633659091096,33.0151820143697,32.8785420791698,32.7130765027274,32.4735775026569,32.3286085016694,32.3061724125868,32.1532909235878,31.9069727065201,..,..
Agricultural land (% of land area),AG.LND.AGRI.ZS,Least developed countries: UN classification,LDC,39.8456015671815,39.9692004392352,40.0962325886882,40.2427267955764,40.3757774093617,40.4562980261355,40.5363356116756,40.6199944564175,40.675027919323,..,..
Agricultural land (% of land area),AG.LND.AGRI.ZS,Low & middle income,LMY,42.794513424416,42.8680235863842,42.8775153516841,42.9085440371799,42.897760191927,42.9146328371298,42.9539814348274,42.9434538649589,42.9121543426043,..,..
Agricultural land (% of land area),AG.LND.AGRI.ZS,Low income,LIC,42.1573039584478,42.2391402110445,42.3906751097878,42.5241213892114,42.6380714641307,42.7086266626439,42.7776548728898,42.8488574259971,42.9929994294262,..,..
Agricultural land (% of land area),AG.LND.AGRI.ZS,Lower middle income,LMC,42.8043005681898,43.0136428257616,43.0875889411233,43.1586969638896,43.2885402980028,43.2732759798986,43.3836153111403,43.4556979617882,43.4778458277651,..,..
Agricultural land (% of land area),AG.LND.AGRI.ZS,"Middle East, North Africa, Afghanistan & Pakistan",MEA,35.3576312844815,35.3633126258208,35.4553315718915,35.5612418443729,35.5639563528954,35.450367379094,35.5726162555108,35.5218166555224,36.3568120898912,..,..
Agricultural land (% of land area),AG.LND.AGRI.ZS,"Middle East, North Africa, Afghanistan & Pakistan (excluding high income)",MNA,26.9216231139332,26.9287579567932,27.0428545381505,27.1599840981338,27.1631977187374,27.0187355816835,27.1696932069577,27.1053342040203,27.1633891960176,..,..
Agricultural land (% of land area),AG.LND.AGRI.ZS,"Middle East, North Africa, Afghanistan & Pakistan (IDA & IBRD)",TMN,26.8959338361282,26.9020840750597,27.0158496284467,27.1334964796274,27.1368078871308,26.9926038404753,27.1453892201629,27.0826629067265,27.1633891960176,..,..
Agricultural land (% of land area),AG.LND.AGRI.ZS,Middle income,MIC,42.9336904005978,43.0053735091072,42.9838431097447,42.9925121935382,42.9544831422614,42.9596302009285,42.9924977392443,42.9641122526019,42.8944949437169,..,..
Agricultural land (% of land area),AG.LND.AGRI.ZS,North America,NAC,26.1902594889523,26.2243684558283,26.2580909613084,26.2781548168769,26.2164404100819,26.1424144418636,26.0480164427178,26.2343324668907,26.1755999244878,..,..
Agricultural land (% of land area),AG.LND.AGRI.ZS,Not classified,INX,..,..,..,..,..,..,..,..,..,..,..
Agricultural land (% of land area),AG.LND.AGRI.ZS,OECD members,OED,34.6752065097504,33.915993372169,33.7249554043681,34.4722512306256,34.0387692216637,34.105969206573,33.8367924686978,34.1483506849387,34.0485737178821,..,..
Agricultural land (% of land area),AG.LND.AGRI.ZS,Other small states,OSS,26.6787136182668,26.8073517915902,26.8412939628157,26.8502453142428,26.8413741552026,26.8118435315258,26.780866294677,26.6998003040907,26.6839649615494,..,..
Agricultural land (% of land area),AG.LND.AGRI.ZS,Pacific island small states,PSS,12.0218068535826,12.1763239875389,12.0749221183801,12.0140296180826,11.8966484801247,11.7959469992206,11.7772408417771,11.7772408417771,11.7772408417771,..,..
Agricultural land (% of land area),AG.LND.AGRI.ZS,Post-demographic dividend,PST,34.2344876548961,33.389550282867,33.2007445502599,34.1479877979957,33.6613322301536,33.7575041028133,33.4265905595446,33.8239948384087,33.7837147030631,..,..
Agricultural land (% of land area),AG.LND.AGRI.ZS,Pre-demographic dividend,PRE,42.2165337270866,42.3967863737836,42.5033962703965,42.6525526220994,42.8697065334426,42.9558279892552,43.0487515269991,43.1916796850301,43.2550222464783,..,..
Agricultural land (% of land area),AG.LND.AGRI.ZS,Small states,SST,12.935759918763,13.0077342900313,13.0107145314773,12.993941911532,12.9912471957364,12.9741938133281,12.9637325254688,12.9348732159618,12.920463300027,..,..
Agricultural land (% of land area),AG.LND.AGRI.ZS,South Asia,SAS,58.586130895859,58.5947758901949,58.5659179868105,58.454633084029,58.4149005949781,58.4434579692749,58.2854476084625,58.2695288630748,58.2599025100015,..,..
Agricultural land (% of land area),AG.LND.AGRI.ZS,South Asia (IDA & IBRD),TSA,58.586130895859,58.5947758901949,58.5659179868105,58.454633084029,58.4149005949781,58.4434579692749,58.2854476084625,58.2695288630748,58.2599025100015,..,..
Agricultural land (% of land area),AG.LND.AGRI.ZS,Sub-Saharan Africa,SSF,43.6845702197807,43.8401088066797,43.9423078517545,44.0612973705189,44.262401640009,44.3479647951679,44.436365661348,44.5657132015052,44.6070255513579,..,..
Agricultural land (% of land area),AG.LND.AGRI.ZS,Sub-Saharan Africa (excluding high income),SSA,44.2277167612185,44.3800123594983,44.4802922774835,44.5974624187843,44.7926149149871,44.8698319264296,44.9500503139031,45.0728867301834,45.13001726826,..,..
Agricultural land (% of land area),AG.LND.AGRI.ZS,Sub-Saharan Africa (IDA & IBRD countries),TSS,43.6845702197807,43.8401088066797,43.9423078517545,44.0612973705189,44.262401640009,44.347964795168,44.436365661348,44.5657132015052,44.6070255513579,..,..
Agricultural land (% of land area),AG.LND.AGRI.ZS,Upper middle income,UMC,42.9890985166466,43.0018316185846,42.9394076020863,42.9213227872844,42.8113821002454,42.825272636611,42.8249408293915,42.7535869424411,42.6447434247467,..,..
Agricultural land (% of land area),AG.LND.AGRI.ZS,World,WLD,36.8559290595867,36.6949673290446,36.6494624086384,36.8945994209391,36.7727494723685,36.8075384238276,36.7455822677967,36.8380779923531,36.8835927730766,..,..
Cereal yield (kg per hectare),AG.YLD.CREL.KG,Afghanistan,AFG,2096.6,2206.4,2043.3,2091.4,2253.2,2184.7,2050.8,2099.1,2193.4,2295.4,..
Cereal yield (kg per hectare),AG.YLD.CREL.KG,Albania,ALB,4892.6,4873.8,4716.4,4813,4840.5,5038.2,5209.2,5144.7,5200.7,5169.9,..
Cereal yield (kg per hectare),AG.YLD.CREL.KG,Algeria,DZA,1369.2,1400.2,1020.4,990.3,1952,1767.4,1520.4,1433.7,1408,1234.6,..
Cereal yield (kg per hectare),AG.YLD.CREL.KG,American Samoa,ASM,..,..,..,..,..,..,..,..,..,..,..
Cereal yield (kg per hectare),AG.YLD.CREL.KG,Andorra,AND,..,..,..,..,..,..,..,..,..,..,..
Cereal yield (kg per hectare),AG.YLD.CREL.KG,Angola,AGO,888.6,982.3,852.3,809.2,948.3,961.1,984.8,996.1,1033,1061.8,..
Cereal yield (kg per hectare),AG.YLD.CREL.KG,Antigua and Barbuda,ATG,1583,1579.6,1843.2,2030.7,2233.9,1988.8,2064.5,2077.8,2040.8,2060.6,..
Cereal yield (kg per hectare),AG.YLD.CREL.KG,Argentina,ARG,4827.3,4779.1,5203.4,5404.6,4671.2,5474.6,5164.3,5193,5070,3811.8,..
Cereal yield (kg per hectare),AG.YLD.CREL.KG,Armenia,ARM,3181.6,3132.1,3076.1,1975.1,2623.6,1690.6,2055.8,1287.2,2185.8,2369.2,..
Cereal yield (kg per hectare),AG.YLD.CREL.KG,Aruba,ABW,..,..,..,..,..,..,..,..,..,..,..
Cereal yield (kg per hectare),AG.YLD.CREL.KG,Australia,AUS,2137.9,2027.3,2075.2,2674.2,2035.6,1769,1650.5,2547.9,2880.6,3230.7,..
Cereal yield (kg per hectare),AG.YLD.CREL.KG,Austria,AUT,7046.7,6198.1,7246.4,6260.6,6145.8,6954.3,7386.4,7112.4,6895.5,7051,..
Cereal yield (kg per hectare),AG.YLD.CREL.KG,Azerbaijan,AZE,2343.6,3083.6,3005.1,2942.2,3013.7,3239,3227.3,3297.4,3162.9,3368.2,..
Cereal yield (kg per hectare),AG.YLD.CREL.KG,"Bahamas, The",BHS,7516.2,8342.3,7709.5,7820.7,7862.8,7415.8,7607.9,7525.2,7515.9,7549.7,..
Cereal yield (kg per hectare),AG.YLD.CREL.KG,Bahrain,BHR,..,..,..,..,..,..,..,..,..,..,..
Cereal yield (kg per hectare),AG.YLD.CREL.KG,Bangladesh,BGD,4540.9,4560.4,4601,4706,4790.2,4810.9,4901.8,4919.6,5005.3,5159.9,..
Cereal yield (kg per hectare),AG.YLD.CREL.KG,Barbados,BRB,2700,2695.6,2755.8,2815.6,2835.6,2839.1,2812.4,2797.2,2793.8,2790.4,..
Cereal yield (kg per hectare),AG.YLD.CREL.KG,Belarus,BLR,3720.5,3690.2,3207.3,3358.7,2723.9,3095.6,3539.9,3018.7,3386.3,3414.2,..
Cereal yield (kg per hectare),AG.YLD.CREL.KG,Belgium,BEL,9435.4,9842.2,6984.8,9050.7,7983.1,8988.5,8430.6,7906.2,8603.5,8485.7,..
Cereal yield (kg per hectare),AG.YLD.CREL.KG,Belize,BLZ,3594.6,2897.8,3164.6,4229.1,4043.7,2946.5,3526.3,4289.5,4476.2,3857.4,..
Cereal yield (kg per hectare),AG.YLD.CREL.KG,Benin,BEN,1460.3,1336.7,1455.9,1405.4,1428.5,1238.3,1432.8,1408.6,1361.5,1126.7,..
Cereal yield (kg per hectare),AG.YLD.CREL.KG,Bermuda,BMU,..,..,..,..,..,..,..,..,..,..,..
Cereal yield (kg per hectare),AG.YLD.CREL.KG,Bhutan,BTN,3254.9,3475.8,3373.4,3411.5,3416.5,3082.1,3436,3343.2,3447.8,3463.8,..
Cereal yield (kg per hectare),AG.YLD.CREL.KG,Bolivia,BOL,1958.1,2280.2,2111.3,1845.6,2333.7,2030.1,2024,2523,1716.7,2040.9,..
Cereal yield (kg per hectare),AG.YLD.CREL.KG,Bosnia and Herzegovina,BIH,3977.4,3812.1,5191.7,3732.1,5487.9,5354.7,6050.7,4422.1,6912.7,5529.7,..
Cereal yield (kg per hectare),AG.YLD.CREL.KG,Botswana,BWA,305.2,415.3,361.5,316.6,396.2,384.3,502.9,562.9,407.8,468.9,..
Cereal yield (kg per hectare),AG.YLD.CREL.KG,Brazil,BRA,4640.4,5000.6,4181.7,5209.6,4806.5,5321.3,5255.3,4479,4907.4,5336.3,..
Cereal yield (kg per hectare),AG.YLD.CREL.KG,British Virgin Islands,VGB,..,..,..,..,..,..,..,..,..,..,..
Cereal yield (kg per hectare),AG.YLD.CREL.KG,Brunei Darussalam,BRN,1615.4,2384.6,1714.3,1769.2,2000,2090.9,3000,2733.3,2400,2466.7,..
Cereal yield (kg per hectare),AG.YLD.CREL.KG,Bulgaria,BGR,4860.7,4669.6,4817.8,5479.7,5561.7,5774.7,4373.4,5949.6,5151.2,5223.8,..
Cereal yield (kg per hectare),AG.YLD.CREL.KG,Burkina Faso,BFA,1225.8,1168.9,1136.8,1009,1152.3,1156.1,1261.7,1095.7,1204.1,1221.1,..
Cereal yield (kg per hectare),AG.YLD.CREL.KG,Burundi,BDI,1332.4,1203.9,1482.5,1125.4,1322.8,1187.9,1296.6,1382.8,1359.9,1377.6,..
Cereal yield (kg per hectare),AG.YLD.CREL.KG,Cabo Verde,CPV,34.3,276.5,178,0.1,22.7,23.2,15.7,16.3,11.5,23,..
Cereal yield (kg per hectare),AG.YLD.CREL.KG,Cambodia,KHM,3095.7,3088.8,3266.5,3438.6,3507.8,3415.2,3441.3,3565.6,3654,3722.1,..
Cereal yield (kg per hectare),AG.YLD.CREL.KG,Cameroon,CMR,1630.4,1615.3,1578.1,1711.2,1826.3,1510.2,1670.7,1726.6,1692.6,1779.2,..
Cereal yield (kg per hectare),AG.YLD.CREL.KG,Canada,CAN,3647,3673,4239.1,4104.8,3914.7,4010.8,4091.9,3119.8,4078.7,3694.7,..
Cereal yield (kg per hectare),AG.YLD.CREL.KG,Cayman Islands,CYM,..,..,..,..,..,..,..,..,..,..,..
Cereal yield (kg per hectare),AG.YLD.CREL.KG,Central African Republic,CAF,896,884.1,875.1,871.5,863.8,859.3,713,807.2,830,878.1,..
Cereal yield (kg per hectare),AG.YLD.CREL.KG,Chad,TCD,855.7,801.9,844.7,825.2,893,886.3,867.1,814.3,845.5,819.3,..
Cereal yield (kg per hectare),AG.YLD.CREL.KG,Channel Islands,CHI,..,..,..,..,..,..,..,..,..,..,..
Cereal yield (kg per hectare),AG.YLD.CREL.KG,Chile,CHL,6128.4,7082.3,6858.2,6779.4,7144.3,7157.2,6245.8,6491.2,6113.9,6382.3,..
Cereal yield (kg per hectare),AG.YLD.CREL.KG,China,CHN,5896.3,5985.2,6018.6,6110.8,6122,6265.1,6296.1,6317.5,6381.3,6418.1,..
Cereal yield (kg per hectare),AG.YLD.CREL.KG,Colombia,COL,3754.6,3893.5,3792.5,3856,4014.2,4167,4398.6,4278.9,4397.1,4333.1,..
Cereal yield (kg per hectare),AG.YLD.CREL.KG,Comoros,COM,1877.5,1860.6,1843.6,1826.6,1800.2,1782.6,1781.7,1770.3,1755,1734.4,..
Cereal yield (kg per hectare),AG.YLD.CREL.KG,"Congo, Dem. Rep.",COD,769,768.9,785.5,794.1,812.4,836.2,878.6,889.4,829.2,838.5,..
Cereal yield (kg per hectare),AG.YLD.CREL.KG,"Congo, Rep.",COG,832.8,833.5,845.6,860.4,870.8,890.8,871.5,894.4,877.1,877.7,..
Cereal yield (kg per hectare),AG.YLD.CREL.KG,Costa Rica,CRI,4497.5,3831.6,4026.1,3731,4210.1,4052.4,3357.1,4311.2,4061.6,4448.2,..
Cereal yield (kg per hectare),AG.YLD.CREL.KG,Cote d'Ivoire,CIV,2206.9,2200.3,2219.8,2247.4,2254.4,2233.6,2248.7,2255.1,2326.7,2397.8,..
Cereal yield (kg per hectare),AG.YLD.CREL.KG,Croatia,HRV,6027.7,5695,6665.5,5704.8,7055.6,7157.3,6992.4,7012.9,5823.1,5913.8,..
Cereal yield (kg per hectare),AG.YLD.CREL.KG,Cuba,CUB,2813.7,2964.6,2939.3,2854.3,2876.5,2832.5,2572.1,2408.7,2088.9,2070,..
Cereal yield (kg per hectare),AG.YLD.CREL.KG,Curacao,CUW,..,..,..,..,..,..,..,..,..,..,..
Cereal yield (kg per hectare),AG.YLD.CREL.KG,Cyprus,CYP,291,2683,436.3,1802.7,1052.9,2656.3,2381.4,2063.5,2305.7,2160.6,..
Cereal yield (kg per hectare),AG.YLD.CREL.KG,Czechia,CZE,6219.8,5880.6,6317,5497.5,5206.9,5653.2,6042.7,6113,5929.6,6070.1,..
Cereal yield (kg per hectare),AG.YLD.CREL.KG,Denmark,DNK,6752.1,6884.7,6222,6916.5,4888.8,6928.9,6926.3,6355,7241.4,5671.7,..
Cereal yield (kg per hectare),AG.YLD.CREL.KG,Djibouti,DJI,1986.4,2007.6,1998.2,1998.7,1998.2,2002.6,2037,2051.3,2010.5,2020.7,..
Cereal yield (kg per hectare),AG.YLD.CREL.KG,Dominica,DMA,1623.5,1604,1597.7,1601.7,1609,1622,1644,1659.1,1670.8,1682.4,..
Cereal yield (kg per hectare),AG.YLD.CREL.KG,Dominican Republic,DOM,4538.9,4666.6,4728.1,4730.4,4607.1,4652.5,4653.7,4784.8,4707.8,4468.8,..
Cereal yield (kg per hectare),AG.YLD.CREL.KG,Ecuador,ECU,3216,3927,3362.1,3771.3,3552.6,3970.2,3531.9,4016.2,4052,4025.3,..
Cereal yield (kg per hectare),AG.YLD.CREL.KG,"Egypt, Arab Rep.",EGY,7085,7117.3,7251.5,7400.6,6776,6043.8,7167.4,7340.5,7080.3,7402.2,..
Cereal yield (kg per hectare),AG.YLD.CREL.KG,El Salvador,SLV,2485.7,2288.1,2745.5,2909.7,2379.7,2777,2732,2950.3,2757.1,2762.1,..
Cereal yield (kg per hectare),AG.YLD.CREL.KG,Equatorial Guinea,GNQ,..,..,..,..,..,..,..,..,..,..,..
Cereal yield (kg per hectare),AG.YLD.CREL.KG,Eritrea,ERI,666.4,642.4,639.7,642.2,638.9,638.5,639.1,639.7,639.1,639,..
Cereal yield (kg per hectare),AG.YLD.CREL.KG,Estonia,EST,3669.6,4381.6,2658.4,3967.3,2624.9,4458.6,4411.5,3502.4,4224.5,3409.5,..
Cereal yield (kg per hectare),AG.YLD.CREL.KG,Eswatini,SWZ,1362.3,1259.7,1224.9,1240.4,1271.9,1280.2,1287,1438.5,1597.3,1227.8,..
Cereal yield (kg per hectare),AG.YLD.CREL.KG,Ethiopia,ETH,2235.1,2344.9,2352.2,2539.4,2729.8,2831.8,2841.2,2902.7,2822.5,2863.8,..
Cereal yield (kg per hectare),AG.YLD.CREL.KG,Faroe Islands,FRO,..,..,..,..,..,..,..,..,..,..,..
Cereal yield (kg per hectare),AG.YLD.CREL.KG,Fiji,FJI,4475.4,3001,3000.9,3000.9,3002.2,3352.9,3666.2,3887.4,4090.4,4109.1,..
Cereal yield (kg per hectare),AG.YLD.CREL.KG,Finland,FIN,3691.4,3613.9,3573.3,3957.9,3052.7,4257.5,3589.3,2777.3,3770.1,3310.5,..
Cereal yield (kg per hectare),AG.YLD.CREL.KG,France,FRA,7579.1,7590.5,5690.9,7306.7,6829.1,7491.9,6394.9,7171.3,6654.9,7274,..
Cereal yield (kg per hectare),AG.YLD.CREL.KG,French Polynesia,PYF,..,..,..,..,..,..,..,..,..,..,..
Cereal yield (kg per hectare),AG.YLD.CREL.KG,Gabon,GAB,1592.5,1591.7,1590.2,1587.6,1587,1586.2,1587.2,1587,1586.8,1586.8,..
Cereal yield (kg per hectare),AG.YLD.CREL.KG,"Gambia, The",GMB,753.2,893.1,739.5,575.3,593.5,450.9,659.8,1054.1,805,800.7,..
Cereal yield (kg per hectare),AG.YLD.CREL.KG,Georgia,GEO,2032.8,1959.4,2514.5,1976.2,2531.2,2539.1,2647,2750.4,2408.5,2568.5,..
Cereal yield (kg per hectare),AG.YLD.CREL.KG,Germany,DEU,8050.3,7497.8,7182.1,7269.9,6178.9,6952,7133.3,6998.1,7126.1,7007.3,..
Cereal yield (kg per hectare),AG.YLD.CREL.KG,Ghana,GHA,1703.4,1830.3,1842.4,1930.7,2172.6,2346.2,2410.8,2360.5,2433.8,2687.6,..
Cereal yield (kg per hectare),AG.YLD.CREL.KG,Gibraltar,GIB,..,..,..,..,..,..,..,..,..,..,..
Cereal yield (kg per hectare),AG.YLD.CREL.KG,Greece,GRC,4286.5,4214.9,4223.5,4317.2,3799.6,4043.5,4197.1,4194.7,4142.6,4139.9,..
Cereal yield (kg per hectare),AG.YLD.CREL.KG,Greenland,GRL,..,..,..,..,..,..,..,..,..,..,..
Cereal yield (kg per hectare),AG.YLD.CREL.KG,Grenada,GRD,993.3,1002.1,998.3,997.2,996.5,997.5,998.7,999.3,999.1,998.8,..
Cereal yield (kg per hectare),AG.YLD.CREL.KG,Guam,GUM,..,..,..,..,..,..,..,..,..,..,..
Cereal yield (kg per hectare),AG.YLD.CREL.KG,Guatemala,GTM,2092.4,2115.7,2152.3,2153.3,2153.3,2114.4,2047.4,1990.2,1930.7,1821.7,..
Cereal yield (kg per hectare),AG.YLD.CREL.KG,Guinea,GIN,1123,1122.4,1155.5,1165.4,1186.7,1257.9,1323.7,1356.5,1369.5,1370.7,..
Cereal yield (kg per hectare),AG.YLD.CREL.KG,Guinea-Bissau,GNB,1394.8,1402.1,1414.4,1385.9,1397.3,1287,1343,1352.4,1558.3,1582,..
Cereal yield (kg per hectare),AG.YLD.CREL.KG,Guyana,GUY,5210.7,5476.9,5395.5,5523.4,5696.2,5831.3,5634.1,5443.6,5941.9,6028.1,..
Cereal yield (kg per hectare),AG.YLD.CREL.KG,Haiti,HTI,895,978.1,1012.3,894.6,709.9,1599.3,927.7,1070.6,1061.6,1062.6,..
Cereal yield (kg per hectare),AG.YLD.CREL.KG,Honduras,HND,1854.7,1821.3,1890.9,1865.7,1847,1862.6,1886.3,1885.7,1892.9,1887.4,..
Cereal yield (kg per hectare),AG.YLD.CREL.KG,"Hong Kong SAR, China",HKG,2030.6,2079.4,2095.7,2101.1,2109,2102.4,2115.8,2039.9,2049.4,2059,..
Cereal yield (kg per hectare),AG.YLD.CREL.KG,Hungary,HUN,5897,5243.4,6486.6,5835.5,6286.2,6365.8,6659.1,5920,4032.1,6252,..
Cereal yield (kg per hectare),AG.YLD.CREL.KG,Iceland,ISL,..,3186.8,3212.6,3523.8,2600,3590.9,4858,3120.8,2966.7,2430.1,..
Cereal yield (kg per hectare),AG.YLD.CREL.KG,India,IND,2966.4,2854,2995.1,3127.7,3278,3416,3383.8,3497.8,3589.1,3626.4,..
Cereal yield (kg per hectare),AG.YLD.CREL.KG,Indonesia,IDN,5099.1,5313.8,5158.7,5138.4,5227.8,5351.2,5461.8,5695.7,5833.8,5828.8,..
Cereal yield (kg per hectare),AG.YLD.CREL.KG,"Iran, Islamic Rep.",IRN,2051.5,2231,2653.3,2531,2657.3,2653.7,2618.8,2301.5,2317.6,2420.4,..
Cereal yield (kg per hectare),AG.YLD.CREL.KG,Iraq,IRQ,2116.7,2726.6,3138.9,2833.8,2682.6,2673.7,2639.3,2793.3,2978.6,2748.9,..
Cereal yield (kg per hectare),AG.YLD.CREL.KG,Ireland,IRL,8471.4,9008.2,8222.8,8783.6,6839.5,8505.2,7124.8,8606.5,8701.5,6977.8,..
Cereal yield (kg per hectare),AG.YLD.CREL.KG,Isle of Man,IMN,..,..,..,..,..,..,..,..,..,..,..
Cereal yield (kg per hectare),AG.YLD.CREL.KG,Israel,ISR,4910.1,4978.9,4834.9,3196.9,2461.7,3624.2,3834.1,2147.5,1844.4,2550.9,..
Cereal yield (kg per hectare),AG.YLD.CREL.KG,Italy,ITA,5717.5,5402.2,5599,5174.8,5350.8,5336.2,5626.5,5562.8,4750,5059.4,..
Cereal yield (kg per hectare),AG.YLD.CREL.KG,Jamaica,JAM,1138.7,1143.1,1090.1,1162.5,1148.5,1125.8,1114.3,1118,1162.4,1140.4,..
Cereal yield (kg per hectare),AG.YLD.CREL.KG,Japan,JPN,6325.1,6316.7,6253.4,6284.5,6132.3,6295.5,6230.1,6417,6319.9,6245.1,..
Cereal yield (kg per hectare),AG.YLD.CREL.KG,Jordan,JOR,1315.9,1115.3,1274.9,1309.6,1221.7,1354.3,1858.1,1532,1434.7,1595.1,..
Cereal yield (kg per hectare),AG.YLD.CREL.KG,Kazakhstan,KAZ,1172.7,1278.1,1347.7,1355,1366,1155.2,1287.7,1048.8,1377.2,1037.4,..
Cereal yield (kg per hectare),AG.YLD.CREL.KG,Kenya,KEN,1583.4,1772.7,1383.1,1426,1709.2,1604.7,1842.6,1522.4,1477.4,1757.5,..
Cereal yield (kg per hectare),AG.YLD.CREL.KG,Kiribati,KIR,..,..,..,..,..,..,..,..,..,..,..
Cereal yield (kg per hectare),AG.YLD.CREL.KG,"Korea, Dem. People's Rep.",PRK,4151.8,3654,4079.7,4015.9,3504.3,4381.9,3495.6,3423.7,3631.4,3576.3,..
Cereal yield (kg per hectare),AG.YLD.CREL.KG,"Korea, Rep.",KOR,6618,6814.9,6792.7,6678.5,6607.2,6538.1,6211.6,6826.1,6612.2,6615.2,..
Cereal yield (kg per hectare),AG.YLD.CREL.KG,Kosovo,XKX,..,..,..,..,..,..,..,..,..,..,..
Cereal yield (kg per hectare),AG.YLD.CREL.KG,Kuwait,KWT,21865.5,6542.5,5220.5,5656.2,10483.2,17625.4,15627.2,14702.4,14492.4,14956.8,..
Cereal yield (kg per hectare),AG.YLD.CREL.KG,Kyrgyz Republic,KGZ,2276.3,2999,3104.2,3093.4,3162.2,3234,3260.4,2334.9,3249.4,2798.6,..
Cereal yield (kg per hectare),AG.YLD.CREL.KG,Lao PDR,LAO,4507.8,4608.2,4626.7,4497.7,4504.2,4317.6,3993,4158.2,4454.2,4434.9,..
Cereal yield (kg per hectare),AG.YLD.CREL.KG,Latvia,LVA,3486.5,4513.1,3828.4,4250.2,3026.3,4310.1,4662.8,3900.2,4186,3557.5,..
Cereal yield (kg per hectare),AG.YLD.CREL.KG,Lebanon,LBN,3386,3268.6,3155.5,2898.5,2970.1,2940.6,3100,2177.9,2414.5,2415.3,..
Cereal yield (kg per hectare),AG.YLD.CREL.KG,Lesotho,LSO,683.2,661.5,471.4,990.2,715.9,705,436.7,972.5,728.9,804.1,..
Cereal yield (kg per hectare),AG.YLD.CREL.KG,Liberia,LBR,1172,1129.1,1073.2,1059.5,1083.6,1128.2,1148.1,1051.9,1120.6,1067.5,..
Cereal yield (kg per hectare),AG.YLD.CREL.KG,Libya,LBY,666.8,665.3,669.9,676,680.5,679.7,672.4,673.4,671.9,671.4,..
Cereal yield (kg per hectare),AG.YLD.CREL.KG,Liechtenstein,LIE,..,..,..,..,..,..,..,..,..,..,..
Cereal yield (kg per hectare),AG.YLD.CREL.KG,Lithuania,LTU,3975.2,4564.6,3859.8,4230.2,3094.1,3801.6,4734.2,3937.2,4210.2,4187.3,..
Cereal yield (kg per hectare),AG.YLD.CREL.KG,Luxembourg,LUX,5935.5,6027.1,4999.6,5339.5,5993.5,5972.6,5736.8,5593.3,6154.3,5539.5,..
Cereal yield (kg per hectare),AG.YLD.CREL.KG,"Macao SAR, China",MAC,..,..,..,..,..,..,..,..,..,..,..
Cereal yield (kg per hectare),AG.YLD.CREL.KG,Madagascar,MDG,3010.1,3057.8,2852.1,2750.2,2645.1,2389,2467.7,2776.5,2975.8,2425.6,..
Cereal yield (kg per hectare),AG.YLD.CREL.KG,Malawi,MWI,2218.1,1590.6,1347.4,1903.1,1531.2,1874,2004.4,2319.1,1944.2,1856.9,..
Cereal yield (kg per hectare),AG.YLD.CREL.KG,Malaysia,MYS,4629.2,4022.3,3977.5,3749.6,3770.4,3500.9,3653.8,3768.1,3576.5,3523.7,..
Cereal yield (kg per hectare),AG.YLD.CREL.KG,Maldives,MDV,2309,2280.1,2467.8,2391.6,2469,2431.4,2432.4,2444,2441.8,2444,..
Cereal yield (kg per hectare),AG.YLD.CREL.KG,Mali,MLI,1550.7,1575.5,1607.5,1601.9,1728.9,1767.7,1686,1441.2,1671,1587.6,..
Cereal yield (kg per hectare),AG.YLD.CREL.KG,Malta,MLT,4740.4,4824.3,4820.4,4879.9,..,..,..,..,..,..,..
Cereal yield (kg per hectare),AG.YLD.CREL.KG,Marshall Islands,MHL,..,..,..,..,..,..,..,..,..,..,..
Cereal yield (kg per hectare),AG.YLD.CREL.KG,Mauritania,MRT,1678.8,1262.2,1231.2,1912,1506.4,1391.4,1322.2,2035,1522.2,1968.2,..
Cereal yield (kg per hectare),AG.YLD.CREL.KG,Mauritius,MUS,3765.1,2695.9,3455,5234.8,5272.7,6880,8942.5,8640.6,9247.2,11643.4,..
Cereal yield (kg per hectare),AG.YLD.CREL.KG,Mexico,MEX,3581.9,3470.1,3748.8,3799.7,3826.3,3992.4,3806.5,3878.9,3950.2,4262.2,..
Cereal yield (kg per hectare),AG.YLD.CREL.KG,"Micronesia, Fed. Sts.",FSM,1670.5,1678.1,1697.3,1722.4,1741.9,1755,1710.4,1717.7,1711.5,1703.7,..
Cereal yield (kg per hectare),AG.YLD.CREL.KG,Moldova,MDA,3162.3,2370.9,3197.3,3651.9,3683.2,3859,1893.6,5157.7,2127.9,3434,..
Cereal yield (kg per hectare),AG.YLD.CREL.KG,Monaco,MCO,..,..,..,..,..,..,..,..,..,..,..
Cereal yield (kg per hectare),AG.YLD.CREL.KG,Mongolia,MNG,1668,574.7,1279.6,843.7,1379.6,1271.9,1218.6,1420,1113.2,1295.5,..
Cereal yield (kg per hectare),AG.YLD.CREL.KG,Montenegro,MNE,3451.5,3146.5,3261.7,3288,3311.8,3166.8,3260,3193.4,3216.6,3314.8,..
Cereal yield (kg per hectare),AG.YLD.CREL.KG,Morocco,MAR,1454.3,2140.7,936,1757.4,2263.2,1453.6,747.3,2328.8,943.3,1494.9,..
Cereal yield (kg per hectare),AG.YLD.CREL.KG,Mozambique,MOZ,745.3,734,662.6,678.7,798.9,799.4,685.2,997.3,1162.8,737.7,..
Cereal yield (kg per hectare),AG.YLD.CREL.KG,Myanmar,MMR,3690.2,3710.9,3659.7,3671.5,3761.3,3714.1,3726.7,3743.8,3799.2,3792,..
Cereal yield (kg per hectare),AG.YLD.CREL.KG,Namibia,NAM,226.1,370.7,261.5,426.3,502.5,943,549.3,471.2,487.8,451.2,..
Cereal yield (kg per hectare),AG.YLD.CREL.KG,Nauru,NRU,..,..,..,..,..,..,..,..,..,..,..
Cereal yield (kg per hectare),AG.YLD.CREL.KG,Nepal,NPL,2721.8,2647.9,2730.5,2840.7,3045.9,3106,3203.3,3063.2,3218.5,3344.3,..
Cereal yield (kg per hectare),AG.YLD.CREL.KG,Netherlands,NLD,9073.7,8752.8,7776.9,8794.5,7905.1,8654.2,7919.9,7872.3,8885.1,8059.1,..
Cereal yield (kg per hectare),AG.YLD.CREL.KG,New Caledonia,NCL,4800.1,4540,5713.9,6853.6,7574.8,7796,8444.4,8255.7,9968,9789.8,..
Cereal yield (kg per hectare),AG.YLD.CREL.KG,New Zealand,NZL,8033.9,8026.6,8383.8,8464.4,8064.3,8192.2,9015.4,8801.7,8385,8244.4,..
Cereal yield (kg per hectare),AG.YLD.CREL.KG,Nicaragua,NIC,1914.3,1940.4,1933.7,2104.1,2281.8,2248.8,2223.7,2403.1,2358.9,2515.3,..
Cereal yield (kg per hectare),AG.YLD.CREL.KG,Niger,NER,446.8,551.3,536.5,541.9,554.8,501.5,551.9,360.6,557.4,488.7,..
Cereal yield (kg per hectare),AG.YLD.CREL.KG,Nigeria,NGA,1555.4,1527.1,1596.9,1506.1,1549.3,1629.7,1620.2,1622.1,1659.7,1548.5,..
Cereal yield (kg per hectare),AG.YLD.CREL.KG,North Macedonia,MKD,3900,3051.1,3859.2,2807.5,3714.6,3554,3664.2,3537.8,3472.1,3408,..
Cereal yield (kg per hectare),AG.YLD.CREL.KG,Northern Mariana Islands,MNP,..,..,..,..,..,..,..,..,..,..,..
Cereal yield (kg per hectare),AG.YLD.CREL.KG,Norway,NOR,4363.4,4803,4651.6,4561.4,2656.2,4709.8,4683.8,4183.7,4728,2767.9,..
Cereal yield (kg per hectare),AG.YLD.CREL.KG,Oman,OMN,7750.2,13982.3,12928.2,11339.2,12344.6,12375.7,15341,25977.8,35157.2,29147,..
Cereal yield (kg per hectare),AG.YLD.CREL.KG,Pakistan,PAK,3001.2,2942.4,3020.7,3180.4,3149,3160.6,3353.4,3489.4,3463,3634,..
Cereal yield (kg per hectare),AG.YLD.CREL.KG,Palau,PLW,..,..,..,..,..,..,..,..,..,..,..
Cereal yield (kg per hectare),AG.YLD.CREL.KG,Panama,PAN,2983.2,2437.5,2992.5,2955.7,3227.5,3301.2,3377.4,3515.4,3621.3,3844.7,..
Cereal yield (kg per hectare),AG.YLD.CREL.KG,Papua New Guinea,PNG,4726.4,4748.4,4642.9,4853,4805.4,4886.5,4769.1,4817.3,4825.9,4787.4,..
Cereal yield (kg per hectare),AG.YLD.CREL.KG,Paraguay,PRY,3276.7,4148.9,4425.5,4446.5,4225.7,4601.1,4706.5,3823.1,3505.3,4482.5,..
Cereal yield (kg per hectare),AG.YLD.CREL.KG,Peru,PER,4017,4242.2,4370.1,4216.5,4530.8,4369.7,4556.7,4704.1,4638.7,4791.1,..
Cereal yield (kg per hectare),AG.YLD.CREL.KG,Philippines,PHL,3637.4,3556.1,3529,3692.3,3670.5,3737.9,3769.4,3832.9,3821.5,3869.2,..
Cereal yield (kg per hectare),AG.YLD.CREL.KG,Poland,POL,4268,3727.8,4033.5,4199.6,3366.7,3605.3,4691.7,4562.5,4861.5,4894.7,..
Cereal yield (kg per hectare),AG.YLD.CREL.KG,Portugal,PRT,4416,4606.9,4422.4,4759.7,4809,5176.5,4881.3,5379.7,5137.4,5501.9,..
Cereal yield (kg per hectare),AG.YLD.CREL.KG,Puerto Rico (US),PRI,2110,3010.5,2929,3015.6,3099.5,3188.5,3309.1,3410.5,3308,3612.4,..
Cereal yield (kg per hectare),AG.YLD.CREL.KG,Qatar,QAT,6494.7,5845.8,4692.7,4996.4,8709.4,6594.9,7124.6,8431.1,11242,18274.6,..
Cereal yield (kg per hectare),AG.YLD.CREL.KG,Romania,ROU,4069.2,3543.9,3971.3,5227.7,5997.2,5457.5,3398.6,5187.8,3634.1,4020.8,..
Cereal yield (kg per hectare),AG.YLD.CREL.KG,Russian Federation,RUS,2444,2391.7,2650.8,2967.1,2615.6,2713.2,2904.8,2705.4,3428.8,3166.6,..
Cereal yield (kg per hectare),AG.YLD.CREL.KG,Rwanda,RWA,1408,1428.8,1446.7,1387.1,1441.4,1443.2,1473.6,1519,1510.7,1605.1,..
Cereal yield (kg per hectare),AG.YLD.CREL.KG,Samoa,WSM,..,..,..,..,..,..,..,..,..,..,..
Cereal yield (kg per hectare),AG.YLD.CREL.KG,San Marino,SMR,..,..,..,..,..,..,..,..,..,..,..
Cereal yield (kg per hectare),AG.YLD.CREL.KG,Sao Tome and Principe,STP,2065,2033.2,2012.5,2002.3,2002.4,2005.7,2003.5,2003.8,2004.3,2003.9,..
Cereal yield (kg per hectare),AG.YLD.CREL.KG,Saudi Arabia,SAU,5192.8,5582.8,5440.9,5630.9,5605.5,5295.4,4819.4,4727.5,5002.1,5121.7,..
Cereal yield (kg per hectare),AG.YLD.CREL.KG,Senegal,SEN,1111.5,1376.1,1350.6,1476.2,1644.3,1601.3,1821.6,1854.7,1931.9,2192.1,..
Cereal yield (kg per hectare),AG.YLD.CREL.KG,Serbia,SRB,5960.6,4787.3,6165.9,3967.9,6132.1,6128.1,6569.7,5770,4637.8,6105.8,..
Cereal yield (kg per hectare),AG.YLD.CREL.KG,Seychelles,SYC,..,..,..,..,..,..,..,..,..,..,..
Cereal yield (kg per hectare),AG.YLD.CREL.KG,Sierra Leone,SLE,1519.7,1339.7,1092.3,1141.7,813,1523,1636,1967.5,1963.1,1469.7,..
Cereal yield (kg per hectare),AG.YLD.CREL.KG,Singapore,SGP,..,..,..,..,..,..,..,..,..,..,..
Cereal yield (kg per hectare),AG.YLD.CREL.KG,Sint Maarten (Dutch part),SXM,..,..,..,..,..,..,..,..,..,..,..
Cereal yield (kg per hectare),AG.YLD.CREL.KG,Slovak Republic,SVK,6038.7,5079.6,6430.4,4856,5409.7,5336,6129.8,5976.8,4754.5,6201.1,..
Cereal yield (kg per hectare),AG.YLD.CREL.KG,Slovenia,SVN,6472.5,6283.9,6464.6,5540,6071.9,6503.1,7385.5,6864.8,5564.5,6287.3,..
Cereal yield (kg per hectare),AG.YLD.CREL.KG,Solomon Islands,SLB,1914,1879.7,1936.2,1873.3,1905,1912.3,1897.6,1896.1,1899.1,1900.5,..
Cereal yield (kg per hectare),AG.YLD.CREL.KG,"Somalia, Fed. Rep.",SOM,582.9,593.8,507.3,506.6,710.2,523.3,503.5,314,396,503.5,..
Cereal yield (kg per hectare),AG.YLD.CREL.KG,South Africa,ZAF,4899.6,3348.4,3623.1,5331.8,4651.9,4101.6,5121.8,5504.7,5326.8,5726.1,..
Cereal yield (kg per hectare),AG.YLD.CREL.KG,South Sudan,SSD,1253.7,907.3,879.1,885.2,843.7,880.5,885.5,844.6,1055.7,983.6,..
Cereal yield (kg per hectare),AG.YLD.CREL.KG,Spain,ESP,3248.5,3243.1,3877.8,2770.2,4205.5,3445.5,4501.5,4227.4,3307.4,2190.9,..
Cereal yield (kg per hectare),AG.YLD.CREL.KG,Sri Lanka,LKA,3799.6,3943.3,3845.2,3046,3761.5,4723.6,4733.4,4541.1,3033.2,3804.3,..
Cereal yield (kg per hectare),AG.YLD.CREL.KG,St. Kitts and Nevis,KNA,..,..,..,..,..,..,..,..,..,..,..
Cereal yield (kg per hectare),AG.YLD.CREL.KG,St. Lucia,LCA,..,..,..,..,..,..,..,..,..,..,..
Cereal yield (kg per hectare),AG.YLD.CREL.KG,St. Martin (French part),MAF,..,..,..,..,..,..,..,..,..,..,..
Cereal yield (kg per hectare),AG.YLD.CREL.KG,St. Vincent and the Grenadines,VCT,24485.7,24218.8,24742.9,28225,27837.8,28125,29241.4,14472.7,14222.2,14066.7,..
Cereal yield (kg per hectare),AG.YLD.CREL.KG,Sudan,SDN,683.4,572.1,686,600.9,731.8,554.4,595.2,508.1,678.1,449.1,..
Cereal yield (kg per hectare),AG.YLD.CREL.KG,Suriname,SUR,4433,4529.6,4433,4879,4868.4,4555.3,4319.1,4638.3,3763.2,4078.9,..
Cereal yield (kg per hectare),AG.YLD.CREL.KG,Sweden,SWE,5646.9,6053.6,5438.2,5992.3,3535.5,6292.1,5994.4,5064.7,6107.4,4456.5,..
Cereal yield (kg per hectare),AG.YLD.CREL.KG,Switzerland,CHE,7044.6,6431.9,5154.6,6800.2,6332.3,6580.8,6978,5515.8,6081.1,5706,..
Cereal yield (kg per hectare),AG.YLD.CREL.KG,Syrian Arab Republic,SYR,1063.1,1905.8,1108.9,1233.4,750,2203.9,1832.3,820.4,949.9,1814.6,..
Cereal yield (kg per hectare),AG.YLD.CREL.KG,Tajikistan,TJK,3189.4,3261,3348.7,3459.5,3404.4,3636.7,3482.2,3821.5,3561.5,3628.8,..
Cereal yield (kg per hectare),AG.YLD.CREL.KG,Tanzania,TZA,1669.1,1617.2,1711.1,1692,1938.5,1883.5,1869.5,1782.3,1815.4,1961.1,..
Cereal yield (kg per hectare),AG.YLD.CREL.KG,Thailand,THA,3141.1,2958.7,3064.5,3172.3,3151.7,3021.6,3014.1,3062,3105.6,3071.7,..
Cereal yield (kg per hectare),AG.YLD.CREL.KG,Timor-Leste,TLS,2923.1,2595.7,2567.9,2383.3,2503.6,2354.2,2658.5,1201.9,1943.8,2129.4,..
Cereal yield (kg per hectare),AG.YLD.CREL.KG,Togo,TGO,1153.1,1236.2,1130.8,1137.2,1145.2,1143,1150.3,1149.5,1167.8,1173.1,..
Cereal yield (kg per hectare),AG.YLD.CREL.KG,Tonga,TON,..,..,..,..,..,..,..,..,..,..,..
Cereal yield (kg per hectare),AG.YLD.CREL.KG,Trinidad and Tobago,TTO,1329.4,1110.4,1444.3,1627.5,1688.1,1554,1515.4,1594.1,1639.3,1600.3,..
Cereal yield (kg per hectare),AG.YLD.CREL.KG,Tunisia,TUN,1805.8,1102.7,1541.2,1304,1223.4,1946.8,1324.6,1452,1640.7,1152.4,..
Cereal yield (kg per hectare),AG.YLD.CREL.KG,Turkiye,TUR,2832.1,3307.8,3105.4,3257.4,3163.9,3200.8,3341.5,2918.5,3464.7,3659.1,..
Cereal yield (kg per hectare),AG.YLD.CREL.KG,Turkmenistan,TKM,1738.3,1909.5,1880.2,1843.8,1496.8,2214.1,2191.4,2121.4,1892.4,1834.2,..
Cereal yield (kg per hectare),AG.YLD.CREL.KG,Turks and Caicos Islands,TCA,..,..,..,..,..,..,..,..,..,..,..
Cereal yield (kg per hectare),AG.YLD.CREL.KG,Tuvalu,TUV,..,..,..,..,..,..,..,..,..,..,..
Cereal yield (kg per hectare),AG.YLD.CREL.KG,Uganda,UGA,2080.6,2086.8,1880.5,1704,1338,1401.1,1618.4,1907.7,1963.9,2086.4,..
Cereal yield (kg per hectare),AG.YLD.CREL.KG,Ukraine,UKR,4400.2,4140.9,4651.6,4314.6,4850.3,4978.3,4295.5,5454.6,4614.1,5577.1,..
Cereal yield (kg per hectare),AG.YLD.CREL.KG,United Arab Emirates,ARE,14238.4,35291.3,33396.5,30801.8,20853.3,23842.3,18982.7,19809.2,20369.8,23306.5,..
Cereal yield (kg per hectare),AG.YLD.CREL.KG,United Kingdom,GBR,7696.5,7980.9,7022.6,7229,6788.7,7946,6241,6966.8,7720.1,7137.9,..
Cereal yield (kg per hectare),AG.YLD.CREL.KG,United States,USA,7638.1,7430.1,8614.2,8281.3,8196,8005.5,8144.7,8246.2,8065.5,8329.7,..
Cereal yield (kg per hectare),AG.YLD.CREL.KG,Uruguay,URY,4351.8,4142.9,4766.7,5056.6,3941.1,5329.4,4964,5497.7,5299,4593.8,..
Cereal yield (kg per hectare),AG.YLD.CREL.KG,Uzbekistan,UZB,4806.6,4835.2,4827,4298.2,4103.9,4554,4510.8,4774.4,5007.8,5343.6,..
Cereal yield (kg per hectare),AG.YLD.CREL.KG,Vanuatu,VUT,615.8,600.8,601.8,606.8,613.1,619.8,623.2,625.4,629.3,633.2,..
Cereal yield (kg per hectare),AG.YLD.CREL.KG,"Venezuela, RB",VEN,4040.7,3505.7,3458.2,3122.7,2883.3,3132.6,4034.8,3942,3526.9,4079.9,..
Cereal yield (kg per hectare),AG.YLD.CREL.KG,Viet Nam,VNM,5577.8,5601.2,5441,5434.4,5685.4,5715.8,5797.3,5947.1,5903.9,5995.3,..
Cereal yield (kg per hectare),AG.YLD.CREL.KG,Virgin Islands (U.S.),VIR,..,..,..,..,..,..,..,..,..,..,..
Cereal yield (kg per hectare),AG.YLD.CREL.KG,West Bank and Gaza,PSE,2183.1,2110.5,2449.1,2187.1,2279.4,2170.6,2222.9,2922.9,2528.7,2464.7,..
Cereal yield (kg per hectare),AG.YLD.CREL.KG,"Yemen, Rep.",YEM,962.7,784.2,687,699,682.8,864.9,1423.4,1524.8,819.5,801.1,..
Cereal yield (kg per hectare),AG.YLD.CREL.KG,Zambia,ZMB,2774.9,3026.4,2432.2,2489.9,2168.1,2400.4,2481.6,2525,2457.4,2343.8,..
Cereal yield (kg per hectare),AG.YLD.CREL.KG,Zimbabwe,ZWE,831.4,557.5,435.1,1203.3,1254.2,749.6,1149.4,1545.5,956.9,743.9,..
Cereal yield (kg per hectare),AG.YLD.CREL.KG,Africa Eastern and Southern,AFE,1653.29581276937,1639.94386972544,1510.04271128901,1771.17582816425,1737.64345754504,1727.18153065616,1864.02845935817,1923.42231168138,1841.85848775724,..,..
Cereal yield (kg per hectare),AG.YLD.CREL.KG,Africa Western and Central,AFW,1226.52274059071,1268.25418624382,1311.27370011136,1289.93369270314,1344.82613051624,1369.21827674214,1368.25679474563,1323.35277110564,1395.06759687225,..,..
Cereal yield (kg per hectare),AG.YLD.CREL.KG,Arab World,ARB,1798.64359801575,2166.2371642852,1702.39413557419,1884.12089253531,1796.06855755294,1948.41518669519,1864.67057949534,1957.92238972674,1910.16546182985,..,..
Cereal yield (kg per hectare),AG.YLD.CREL.KG,Caribbean small states,CSS,4817.1852370785,4949.7311500511,4827.68089220255,5189.95563046994,5300.77666233047,5183.89066154531,5067.21275569087,5057.59302524417,5422.95994528252,..,..
Cereal yield (kg per hectare),AG.YLD.CREL.KG,Central Europe and the Baltics,CEB,4656.46074237987,4255.41241111787,4617.85283482632,4868.75539593912,4708.74790909173,4843.27593030782,4754.23590815757,5106.54021323608,4524.10338144774,..,..
Cereal yield (kg per hectare),AG.YLD.CREL.KG,Early-demographic dividend,EAR,3271.96410143899,3274.56225263122,3347.26099533607,3480.76860340481,3515.05696579209,3618.2585795761,3621.60925425698,3673.16926095101,3741.66838344923,..,..
Cereal yield (kg per hectare),AG.YLD.CREL.KG,East Asia & Pacific,EAS,4962.1960241519,5046.0475511928,5066.08799259784,5150.36299106085,5143.75190746719,5194.16303539865,5191.83706363983,5259.16625911339,5322.83509013686,..,..
Cereal yield (kg per hectare),AG.YLD.CREL.KG,East Asia & Pacific (excluding high income),EAP,5261.06098375175,5361.98798645292,5356.70607146512,5414.71659275419,5440.31312935439,5534.69545534111,5536.77084046097,5575.73933377584,5605.47240105599,..,..
Cereal yield (kg per hectare),AG.YLD.CREL.KG,East Asia & Pacific (IDA & IBRD countries),TEA,5270.23865060579,5375.15181311418,5366.53434975642,5425.36177681054,5455.10744461338,5544.65117504257,5554.55766360742,5594.32980989442,5623.30080567488,..,..
Cereal yield (kg per hectare),AG.YLD.CREL.KG,Euro area,EMU,6105.65089448584,5992.85216753353,5477.98054798017,5750.56086742743,5531.80883973543,5923.34734443009,5874.80403070657,5936.42468734105,5578.25764056774,..,..
Cereal yield (kg per hectare),AG.YLD.CREL.KG,Europe & Central Asia,ECS,3899.61992917346,3803.37712370412,3818.76098727681,3966.41427221741,3839.01363373109,4028.24020375831,3932.68021680152,4031.17590690089,4043.05823986393,..,..
Cereal yield (kg per hectare),AG.YLD.CREL.KG,Europe & Central Asia (excluding high income),ECA,3006.68723479728,3034.25394006103,3173.39489437589,3026.60744270639,3224.21717859137,3262.12480584116,3127.29759266294,3310.02475448279,3069.30282630429,..,..
Cereal yield (kg per hectare),AG.YLD.CREL.KG,Europe & Central Asia (IDA & IBRD countries),TEC,2975.3759941312,2894.69414815845,3104.54467659905,3238.46211313343,3188.3501369116,3242.75271542638,3196.15540313031,3311.85290019323,3414.16294669198,..,..
Cereal yield (kg per hectare),AG.YLD.CREL.KG,European Union,EUU,5612.19301455192,5377.75627490777,5193.83059210441,5499.55110194519,5230.17192293821,5574.78676338519,5465.24041142327,5663.96313719122,5260.3150935671,..,..
Cereal yield (kg per hectare),AG.YLD.CREL.KG,Fragile and conflict affected situations,FCS,1880.416351594,1945.57333371232,1928.19352463603,1919.59520634136,2012.7018213939,2115.61946475408,2010.44907708984,2138.69681330697,1940.77673944353,..,..
Cereal yield (kg per hectare),AG.YLD.CREL.KG,Heavily indebted poor countries (HIPC),HPC,1360.71770268636,1419.33082395861,1360.01305294269,1415.72673183407,1455.44666511154,1502.34310859617,1533.44564415971,1543.14414964113,1528.73019475148,..,..
Cereal yield (kg per hectare),AG.YLD.CREL.KG,High income,HIC,5109.82899922929,4953.0638059183,5349.34893846678,5352.77079777954,5148.87735841156,5192.61361739529,5200.3046820911,5245.91866142072,5295.41106501263,..,..
Cereal yield (kg per hectare),AG.YLD.CREL.KG,IBRD only,IBD,3892.42401930602,3934.55237285447,3991.17765412806,4137.40710908148,4137.55609886097,4238.33357120253,4192.93924194535,4264.19368136497,4350.73923779071,..,..
Cereal yield (kg per hectare),AG.YLD.CREL.KG,IDA & IBRD total,IBT,3397.98457274987,3470.26569146545,3468.95570593764,3604.57806228313,3600.45019717575,3700.57705278767,3672.84435774033,3724.44543094063,3783.58420901407,..,..
Cereal yield (kg per hectare),AG.YLD.CREL.KG,IDA blend,IDB,2192.61420003399,2182.39937699777,2233.95806731332,2242.23123925563,2273.52791072837,2306.67567427439,2345.39582592518,2395.91480820413,2371.47596404909,..,..
Cereal yield (kg per hectare),AG.YLD.CREL.KG,IDA only,IDX,1978.31304501436,2082.44942260234,1975.97714568823,2057.02697676817,2085.65834478145,2161.77246098003,2184.86253099482,2174.04066330802,2159.25994526855,..,..
Cereal yield (kg per hectare),AG.YLD.CREL.KG,IDA total,IDA,2033.9460742267,2109.53301277611,2043.77683655037,2106.99195946652,2134.96271429298,2199.96312681342,2226.71255717026,2232.76499634376,2214.9891001868,..,..
Cereal yield (kg per hectare),AG.YLD.CREL.KG,Late-demographic dividend,LTE,4361.6224024429,4439.34735121955,4438.2443886196,4634.42380460462,4575.71937307261,4682.1841519372,4666.99620766595,4638.34600998252,4780.10987358976,..,..
Cereal yield (kg per hectare),AG.YLD.CREL.KG,Latin America & Caribbean,LCN,4169.47538170421,4353.65709313673,4183.99233909074,4680.83689906231,4339.24445774562,4851.8945259423,4714.57893880141,4433.53355648433,4586.63397421245,..,..
Cereal yield (kg per hectare),AG.YLD.CREL.KG,Latin America & Caribbean (excluding high income),LAC,4146.21142063353,4342.30098492718,4154.65446632244,4676.74907323309,4331.76684224126,4844.54090765102,4708.82322510648,4414.41807685418,4590.03475189088,..,..
Cereal yield (kg per hectare),AG.YLD.CREL.KG,Latin America & the Caribbean (IDA & IBRD countries),TLA,4178.50981111731,4360.4968907214,4191.40062819285,4689.55478167619,4346.4732745215,4860.59886617859,4721.75356949807,4439.82971069969,4591.73190009513,..,..
Cereal yield (kg per hectare),AG.YLD.CREL.KG,Least developed countries: UN classification,LDC,1956.48680526639,2030.1295040756,1933.07553321024,2018.6323611436,2049.67944915433,2084.18164423968,2116.70743481465,2138.3653920336,2123.72919346413,..,..
Cereal yield (kg per hectare),AG.YLD.CREL.KG,Low & middle income,LMY,3467.68653887494,3568.16535361463,3536.97957674291,3644.11975669672,3661.87172347507,3768.66648400962,3730.49768986575,3779.85415235703,3809.97538614,..,..
Cereal yield (kg per hectare),AG.YLD.CREL.KG,Low income,LIC,1123.57193742747,1166.66888997568,1082.16906445392,1102.30335077887,1100.46432394339,1198.69270153473,1214.11641204988,1155.30522452204,1182.6604538674,..,..
Cereal yield (kg per hectare),AG.YLD.CREL.KG,Lower middle income,LMC,2960.44151128956,2925.60823137543,2969.08844341448,3037.47377419441,3146.72620359653,3229.58294245132,3204.20905077103,3307.17007505458,3305.47716034237,..,..
Cereal yield (kg per hectare),AG.YLD.CREL.KG,"Middle East, North Africa, Afghanistan & Pakistan",MEA,2545.57707833169,2731.0970940163,2680.55301482764,2627.99717534092,2657.05666139185,2657.78951370099,2572.00382964278,2769.56630096671,2733.66487408575,..,..
Cereal yield (kg per hectare),AG.YLD.CREL.KG,"Middle East, North Africa, Afghanistan & Pakistan (excluding high income)",MNA,2521.95358004954,2706.20938915069,2657.70587705023,2607.09488480179,2637.76560393984,2640.43879250446,2552.84830907965,2756.35300007748,2714.94695428452,..,..
Cereal yield (kg per hectare),AG.YLD.CREL.KG,"Middle East, North Africa, Afghanistan & Pakistan (IDA & IBRD)",TMN,2522.157446852,2706.54513324217,2657.82470926215,2607.34013523933,2638.10802990353,2640.67100298058,2553.01271215697,2756.49724504515,2715.14584400558,..,..
Cereal yield (kg per hectare),AG.YLD.CREL.KG,Middle income,MIC,3770.14600508463,3838.93927818785,3857.57336849856,3950.81024810632,3995.25495804672,4096.20460927128,4049.67772397459,4104.94082513981,4140.69419058332,..,..
Cereal yield (kg per hectare),AG.YLD.CREL.KG,North America,NAC,6854.17694675897,6676.54214019325,7773.80311562806,7419.09743467828,7260.43869080045,7103.77483914177,7209.16333387306,7134.40687368241,7119.3313918178,..,..
Cereal yield (kg per hectare),AG.YLD.CREL.KG,Not classified,INX,..,..,..,..,..,..,..,..,..,..,..
Cereal yield (kg per hectare),AG.YLD.CREL.KG,OECD members,OED,5561.70132027249,5448.5000204746,5862.86473728574,5764.96649962456,5562.40516212769,5639.42194187211,5694.87288754745,5667.9941078374,5668.81412042631,..,..
Cereal yield (kg per hectare),AG.YLD.CREL.KG,Other small states,OSS,2868.79028522554,3406.26727584355,2410.63286453772,3104.25945277464,2248.23686459483,3452.55629547321,3497.19221313708,2690.58417073989,3293.09340153225,..,..
Cereal yield (kg per hectare),AG.YLD.CREL.KG,Pacific island small states,PSS,2448.59669094693,2038.79823391602,2157.41246790757,2162.16898362681,2087.24600170503,2178.47161572052,2418.24277158543,2557.8115683733,2773.39582466568,..,..
Cereal yield (kg per hectare),AG.YLD.CREL.KG,Post-demographic dividend,PST,5820.25681893088,5665.24092703788,6155.1769946155,5999.18217472576,5883.04521869577,5936.1356780934,5865.51189060677,5985.68858630566,5871.24228379328,..,..
Cereal yield (kg per hectare),AG.YLD.CREL.KG,Pre-demographic dividend,PRE,1293.88552817922,1310.84457623128,1289.71221846723,1293.14031847278,1329.59469282841,1354.811848669,1397.53855715924,1369.6120336098,1366.04074037451,..,..
Cereal yield (kg per hectare),AG.YLD.CREL.KG,Small states,SST,3478.82588864174,3877.20908843838,3141.89088062327,3747.6242984971,3143.58390207758,3988.39922826686,3996.04340937136,3369.99017098364,3905.76319272797,..,..
Cereal yield (kg per hectare),AG.YLD.CREL.KG,South Asia,SAS,3130.25143220034,3037.6591380176,3160.6564603551,3287.57637586864,3437.48618660645,3571.99721817813,3548.8639511586,3646.05598971943,3704.9477178779,..,..
Cereal yield (kg per hectare),AG.YLD.CREL.KG,South Asia (IDA & IBRD),TSA,3130.25143220034,3037.6591380176,3160.6564603551,3287.57637586864,3437.48618660645,3571.99721817813,3548.8639511586,3646.05598971943,3704.9477178779,..,..
Cereal yield (kg per hectare),AG.YLD.CREL.KG,Sub-Saharan Africa,SSF,1444.7263727268,1448.93480918587,1410.50686403303,1522.66060928052,1535.11114793136,1540.78519456164,1612.33748243178,1619.33210721353,1612.88341960525,..,..
Cereal yield (kg per hectare),AG.YLD.CREL.KG,Sub-Saharan Africa (excluding high income),SSA,1356.37151054529,1340.20505311729,1304.38268327004,1407.13566972285,1414.6445483693,1402.71567240364,1483.11408812612,1488.23764926162,1481.72714860905,..,..
Cereal yield (kg per hectare),AG.YLD.CREL.KG,Sub-Saharan Africa (IDA & IBRD countries),TSS,1444.7263727268,1448.93480918587,1410.50686403303,1522.66060928052,1535.11114793136,1540.78519456164,1612.33748243178,1619.33210721353,1612.88341960525,..,..
Cereal yield (kg per hectare),AG.YLD.CREL.KG,Upper middle income,UMC,4502.22416782653,4646.30105595716,4640.61598617455,4759.03445649379,4738.4270865748,4835.77308378981,4792.41827419024,4810.07448228436,4863.94447801627,..,..
Cereal yield (kg per hectare),AG.YLD.CREL.KG,World,WLD,3896.2492880021,3928.0008548521,4008.42739418534,4075.04406690677,4035.03857477814,4131.81959813035,4100.76803936595,4152.23271838927,4182.38297042313,..,..
Crop production index (2014-2016 = 100),AG.PRD.CROP.XD,Afghanistan,AFG,100.31,95.65,104.04,99.21,94.89,115.78,121.77,125.67,121.34,..,..
Crop production index (2014-2016 = 100),AG.PRD.CROP.XD,Albania,ALB,95.94,99.91,104.15,105.84,106.17,107.67,114.06,114.68,121.68,..,..
Crop production index (2014-2016 = 100),AG.PRD.CROP.XD,Algeria,DZA,94.93,101.74,103.33,104.4,115.36,121.01,120.95,108.76,118.19,..,..
Crop production index (2014-2016 = 100),AG.PRD.CROP.XD,American Samoa,ASM,..,..,..,..,..,..,..,..,..,..,..
Crop production index (2014-2016 = 100),AG.PRD.CROP.XD,Andorra,AND,..,..,..,..,..,..,..,..,..,..,..
Crop production index (2014-2016 = 100),AG.PRD.CROP.XD,Angola,AGO,94,100.89,105.11,104.58,107.34,109.43,115.08,116.22,122.45,..,..
Crop production index (2014-2016 = 100),AG.PRD.CROP.XD,Antigua and Barbuda,ATG,100.77,101.02,98.21,89.69,85.51,83.2,81.44,81.79,81.72,..,..
Crop production index (2014-2016 = 100),AG.PRD.CROP.XD,Argentina,ARG,94.16,104.14,101.71,106.82,92.2,113.14,106.59,107.19,107.33,..,..
Crop production index (2014-2016 = 100),AG.PRD.CROP.XD,Armenia,ARM,99.12,110.61,90.27,87.87,71.74,68.53,74.7,71.89,73.65,..,..
Crop production index (2014-2016 = 100),AG.PRD.CROP.XD,Aruba,ABW,..,..,..,..,..,..,..,..,..,..,..
Crop production index (2014-2016 = 100),AG.PRD.CROP.XD,Australia,AUS,102.87,97.94,99.19,131.17,104.5,84.09,76.66,129.02,146.08,..,..
Crop production index (2014-2016 = 100),AG.PRD.CROP.XD,Austria,AUT,107.93,92.74,99.33,93.71,98.78,98.08,103.38,100.74,100.31,..,..
Crop production index (2014-2016 = 100),AG.PRD.CROP.XD,Azerbaijan,AZE,92.52,102.1,105.38,115.97,125.24,137.56,137.81,142.51,144.86,..,..
Crop production index (2014-2016 = 100),AG.PRD.CROP.XD,"Bahamas, The",BHS,98.92,100.59,100.49,100.75,100.31,102.7,101.67,101.75,102.18,..,..
Crop production index (2014-2016 = 100),AG.PRD.CROP.XD,Bahrain,BHR,92.36,98.43,109.21,94.53,96.15,99.88,101.93,106.7,106.87,..,..
Crop production index (2014-2016 = 100),AG.PRD.CROP.XD,Bangladesh,BGD,98.76,100.69,100.55,108.47,108,109.89,111.84,116.46,119.1,..,..
Crop production index (2014-2016 = 100),AG.PRD.CROP.XD,Barbados,BRB,112.84,99.47,87.69,102.47,114.62,97.58,96.79,90.63,108.33,..,..
Crop production index (2014-2016 = 100),AG.PRD.CROP.XD,Belarus,BLR,109.33,97.86,92.81,98.79,87.82,91.51,97.89,89.63,93.16,..,..
Crop production index (2014-2016 = 100),AG.PRD.CROP.XD,Belgium,BEL,110.25,99.92,89.83,102.82,86.5,99.05,95.28,98.11,95.86,..,..
Crop production index (2014-2016 = 100),AG.PRD.CROP.XD,Belize,BLZ,104.03,102.26,93.71,103.24,95.77,93.19,93.39,99.93,98.44,..,..
Crop production index (2014-2016 = 100),AG.PRD.CROP.XD,Benin,BEN,103.67,92.24,104.08,110.4,117.28,124.87,122.58,129.62,128.14,..,..
Crop production index (2014-2016 = 100),AG.PRD.CROP.XD,Bermuda,BMU,..,..,..,..,..,..,..,..,..,..,..
Crop production index (2014-2016 = 100),AG.PRD.CROP.XD,Bhutan,BTN,94.86,95.71,109.43,106.26,87.99,94.68,103.39,91.44,68.09,..,..
Crop production index (2014-2016 = 100),AG.PRD.CROP.XD,Bolivia,BOL,96.23,102.41,101.36,95.23,108.12,107.88,107.12,116.71,111.72,..,..
Crop production index (2014-2016 = 100),AG.PRD.CROP.XD,Bosnia and Herzegovina,BIH,83.5,98.45,118.05,95.06,127.48,115.35,129.61,107.92,128.06,..,..
Crop production index (2014-2016 = 100),AG.PRD.CROP.XD,Botswana,BWA,93.14,104.08,102.78,101.74,135.06,115.41,179.04,147.63,138.33,..,..
Crop production index (2014-2016 = 100),AG.PRD.CROP.XD,Brazil,BRA,98.65,102.82,98.53,109.59,109.91,112.23,116.58,115.35,115.91,..,..
Crop production index (2014-2016 = 100),AG.PRD.CROP.XD,British Virgin Islands,VGB,..,..,..,..,..,..,..,..,..,..,..
Crop production index (2014-2016 = 100),AG.PRD.CROP.XD,Brunei Darussalam,BRN,96.68,99.14,104.18,102.86,97.66,95.78,98.15,95.83,97.29,..,..
Crop production index (2014-2016 = 100),AG.PRD.CROP.XD,Bulgaria,BGR,101.26,97.03,101.71,108.23,108.08,110.9,89.77,113.36,102.66,..,..
Crop production index (2014-2016 = 100),AG.PRD.CROP.XD,Burkina Faso,BFA,99.64,98.08,102.28,95.51,107.71,116.48,123.49,111.24,122.69,..,..
Crop production index (2014-2016 = 100),AG.PRD.CROP.XD,Burundi,BDI,101.22,95.57,103.21,97.88,116.23,127.71,115.26,118.07,117.72,..,..
Crop production index (2014-2016 = 100),AG.PRD.CROP.XD,Cabo Verde,CPV,100.53,101.41,98.06,91.26,72.04,70.18,69.34,70.52,66.15,..,..
Crop production index (2014-2016 = 100),AG.PRD.CROP.XD,Cambodia,KHM,94.78,97.45,107.77,110.25,113.63,112.94,116.1,131.19,130.37,..,..
Crop production index (2014-2016 = 100),AG.PRD.CROP.XD,Cameroon,CMR,96.08,101.61,102.31,102.55,106.74,106.22,108.86,106.66,108.5,..,..
Crop production index (2014-2016 = 100),AG.PRD.CROP.XD,Canada,CAN,93.45,98.52,108.03,107.87,107.06,107.23,111.22,84.04,107.97,..,..
Crop production index (2014-2016 = 100),AG.PRD.CROP.XD,Cayman Islands,CYM,..,..,..,..,..,..,..,..,..,..,..
Crop production index (2014-2016 = 100),AG.PRD.CROP.XD,Central African Republic,CAF,93.04,96.07,110.89,111.84,130.54,153.47,165.58,169.35,173.39,..,..
Crop production index (2014-2016 = 100),AG.PRD.CROP.XD,Chad,TCD,100.74,92.45,106.81,98.37,103.38,109.83,105.9,101.49,104.38,..,..
Crop production index (2014-2016 = 100),AG.PRD.CROP.XD,Channel Islands,CHI,..,..,..,..,..,..,..,..,..,..,..
Crop production index (2014-2016 = 100),AG.PRD.CROP.XD,Chile,CHL,96.62,101.86,101.52,100.41,112.62,110.32,104.83,107.19,106.37,..,..
Crop production index (2014-2016 = 100),AG.PRD.CROP.XD,China,CHN,97.36,101.49,101.14,103.12,104.39,107.84,107.94,109.76,111.85,..,..
Crop production index (2014-2016 = 100),AG.PRD.CROP.XD,Colombia,COL,95.23,100.36,104.41,96.42,84.67,110.94,110.22,108.9,111.63,..,..
Crop production index (2014-2016 = 100),AG.PRD.CROP.XD,Comoros,COM,98.72,98.58,102.7,103.12,105.43,105.74,106.46,107.72,107.76,..,..
Crop production index (2014-2016 = 100),AG.PRD.CROP.XD,"Congo, Dem. Rep.",COD,98.71,99.2,102.09,104.04,106.53,108.98,113.81,118.6,123.65,..,..
Crop production index (2014-2016 = 100),AG.PRD.CROP.XD,"Congo, Rep.",COG,100.98,100.53,98.49,99.12,100.7,100.5,101.45,104.78,105.92,..,..
Crop production index (2014-2016 = 100),AG.PRD.CROP.XD,Costa Rica,CRI,99.17,97.63,103.2,105.21,105.6,91.12,95.16,97.42,96.09,..,..
Crop production index (2014-2016 = 100),AG.PRD.CROP.XD,Cote d'Ivoire,CIV,94.35,104.58,101.08,111.1,116.99,121.5,125.74,129.93,133.26,..,..
Crop production index (2014-2016 = 100),AG.PRD.CROP.XD,Croatia,HRV,92.3,96.85,110.84,88.14,100.5,98.19,110.96,94.56,85.16,..,..
Crop production index (2014-2016 = 100),AG.PRD.CROP.XD,Cuba,CUB,97.18,101.09,101.73,103.91,91.8,93.14,72.92,66.07,65.76,..,..
Crop production index (2014-2016 = 100),AG.PRD.CROP.XD,Curacao,CUW,..,..,..,..,..,..,..,..,..,..,..
Crop production index (2014-2016 = 100),AG.PRD.CROP.XD,Cyprus,CYP,101.4,109.17,89.43,94.43,86.67,88.74,87.51,84.41,85.49,..,..
Crop production index (2014-2016 = 100),AG.PRD.CROP.XD,Czechia,CZE,104.2,94.61,101.19,90.19,87.42,87.1,92.93,92.26,93.98,..,..
Crop production index (2014-2016 = 100),AG.PRD.CROP.XD,Denmark,DNK,101.12,103.9,94.98,107.11,75.83,103.74,103.05,96.3,107.01,..,..
Crop production index (2014-2016 = 100),AG.PRD.CROP.XD,Djibouti,DJI,98.53,101.23,100.24,123.49,137.16,160.68,169.14,150.47,139.41,..,..
Crop production index (2014-2016 = 100),AG.PRD.CROP.XD,Dominica,DMA,98.44,99.87,101.69,99.73,100.34,100.29,100.27,100.63,100.61,..,..
Crop production index (2014-2016 = 100),AG.PRD.CROP.XD,Dominican Republic,DOM,97.53,98.71,103.76,109.76,118.35,120.86,117.58,119.04,136.2,..,..
Crop production index (2014-2016 = 100),AG.PRD.CROP.XD,Ecuador,ECU,99.16,106.98,93.86,98,94.23,96.2,97.08,104.34,100.03,..,..
Crop production index (2014-2016 = 100),AG.PRD.CROP.XD,"Egypt, Arab Rep.",EGY,99.07,101.99,98.94,100.63,96.26,101.22,101.83,104.17,105.25,..,..
Crop production index (2014-2016 = 100),AG.PRD.CROP.XD,El Salvador,SLV,101.06,93.95,104.99,107.19,103.48,107.12,101.89,107.86,105.36,..,..
Crop production index (2014-2016 = 100),AG.PRD.CROP.XD,Equatorial Guinea,GNQ,97.57,102.64,99.78,101.97,103.27,105.27,103.98,103.56,104.28,..,..
Crop production index (2014-2016 = 100),AG.PRD.CROP.XD,Eritrea,ERI,100.72,99.32,99.96,100.67,100.48,100.24,100.42,100.35,100.58,..,..
Crop production index (2014-2016 = 100),AG.PRD.CROP.XD,Estonia,EST,95.87,122.83,81.3,103.72,71.14,120.29,122.38,101.94,118.97,..,..
Crop production index (2014-2016 = 100),AG.PRD.CROP.XD,Eswatini,SWZ,101.71,100.11,98.18,102.14,104.89,106.06,105.5,105.66,107.49,..,..
Crop production index (2014-2016 = 100),AG.PRD.CROP.XD,Ethiopia,ETH,95.98,100.99,103.03,106.37,105.88,108.07,116.89,114.29,116.51,..,..
Crop production index (2014-2016 = 100),AG.PRD.CROP.XD,Faroe Islands,FRO,109.33,89.84,100.83,98.28,98,98.13,98.75,99.07,99.4,..,..
Crop production index (2014-2016 = 100),AG.PRD.CROP.XD,Fiji,FJI,107.17,107.8,85.03,97.46,103.25,109.47,115.1,110.62,125.17,..,..
Crop production index (2014-2016 = 100),AG.PRD.CROP.XD,Finland,FIN,106.62,97.31,96.07,93.69,80.26,106.37,92.98,78.32,98.69,..,..
Crop production index (2014-2016 = 100),AG.PRD.CROP.XD,France,FRA,105.3,103.95,90.75,103.14,95.93,98.39,89.97,96.52,94.72,..,..
Crop production index (2014-2016 = 100),AG.PRD.CROP.XD,French Polynesia,PYF,101.11,97.92,100.97,101.15,102.16,101.91,102.02,102.15,102.19,..,..
Crop production index (2014-2016 = 100),AG.PRD.CROP.XD,Gabon,GAB,99.09,100.09,100.82,102.14,102.92,104.09,104.02,105.3,106.23,..,..
Crop production index (2014-2016 = 100),AG.PRD.CROP.XD,"Gambia, The",GMB,97.31,110.52,92.17,76.03,46.9,56.47,59.57,63.04,70.82,..,..
Crop production index (2014-2016 = 100),AG.PRD.CROP.XD,Georgia,GEO,100.78,101.65,97.56,81.82,103.77,107.22,126.5,126.82,119.42,..,..
Crop production index (2014-2016 = 100),AG.PRD.CROP.XD,Germany,DEU,107.61,97.52,94.87,95.45,81.78,88.69,90.66,90.39,91.48,..,..
Crop production index (2014-2016 = 100),AG.PRD.CROP.XD,Ghana,GHA,99.33,99.62,101.05,108.02,113.29,119.88,123.03,131.73,137.06,..,..
Crop production index (2014-2016 = 100),AG.PRD.CROP.XD,Gibraltar,GIB,..,..,..,..,..,..,..,..,..,..,..
Crop production index (2014-2016 = 100),AG.PRD.CROP.XD,Greece,GRC,96.69,104.59,98.73,100.6,99.7,102.71,104.47,101.56,94.17,..,..
Crop production index (2014-2016 = 100),AG.PRD.CROP.XD,Greenland,GRL,..,..,..,..,..,..,..,..,..,..,..
Crop production index (2014-2016 = 100),AG.PRD.CROP.XD,Grenada,GRD,94.36,104.54,101.1,92.93,92.28,84.68,81.46,85.42,75.86,..,..
Crop production index (2014-2016 = 100),AG.PRD.CROP.XD,Guam,GUM,..,..,..,..,..,..,..,..,..,..,..
Crop production index (2014-2016 = 100),AG.PRD.CROP.XD,Guatemala,GTM,96.52,101.05,102.43,94.43,97.67,95.75,97.47,99.72,100.13,..,..
Crop production index (2014-2016 = 100),AG.PRD.CROP.XD,Guinea,GIN,95.56,100.14,104.3,110.06,115.09,124.24,136.83,143.63,150.02,..,..
Crop production index (2014-2016 = 100),AG.PRD.CROP.XD,Guinea-Bissau,GNB,93.88,101.55,104.57,105.68,109.52,115.72,121.08,126.14,127.5,..,..
Crop production index (2014-2016 = 100),AG.PRD.CROP.XD,Guyana,GUY,93.13,112.19,94.67,105.54,106.77,107.89,109.88,97.56,105.61,..,..
Crop production index (2014-2016 = 100),AG.PRD.CROP.XD,Haiti,HTI,102.73,98.69,98.58,93.07,88.06,77.02,68.09,74.27,72.06,..,..
Crop production index (2014-2016 = 100),AG.PRD.CROP.XD,Honduras,HND,91.88,100.39,107.73,119.59,122.09,119.29,108.11,105.87,102.27,..,..
Crop production index (2014-2016 = 100),AG.PRD.CROP.XD,"Hong Kong SAR, China",HKG,100.7,98.82,100.48,101.06,101.45,101.16,100.87,101.47,101.49,..,..
Crop production index (2014-2016 = 100),AG.PRD.CROP.XD,Hungary,HUN,102.15,92.61,105.24,98.17,95.47,93.81,90.38,85.88,62.75,..,..
Crop production index (2014-2016 = 100),AG.PRD.CROP.XD,Iceland,ISL,81.79,100.47,117.73,111.79,82.85,109.87,102.84,101.66,117.58,..,..
Crop production index (2014-2016 = 100),AG.PRD.CROP.XD,India,IND,101.33,97.64,101.03,107.28,110.84,112.25,115.74,120.63,123.29,..,..
Crop production index (2014-2016 = 100),AG.PRD.CROP.XD,Indonesia,IDN,99.7,101.32,98.98,108.58,112.99,107.87,108.22,108.64,111.41,..,..
Crop production index (2014-2016 = 100),AG.PRD.CROP.XD,"Iran, Islamic Rep.",IRN,98.58,99.46,101.96,95.01,84.62,92.36,81.94,84.35,77.41,..,..
Crop production index (2014-2016 = 100),AG.PRD.CROP.XD,Iraq,IRQ,144.82,76.18,79,75.67,72.82,127.79,158.63,127.72,104.22,..,..
Crop production index (2014-2016 = 100),AG.PRD.CROP.XD,Ireland,IRL,101.25,103.53,95.22,99.13,73.32,90.49,79.1,95.17,99.43,..,..
Crop production index (2014-2016 = 100),AG.PRD.CROP.XD,Isle of Man,IMN,..,..,..,..,..,..,..,..,..,..,..
Crop production index (2014-2016 = 100),AG.PRD.CROP.XD,Israel,ISR,102.91,97.89,99.21,97.34,92.34,96.15,93.42,94.81,99.92,..,..
Crop production index (2014-2016 = 100),AG.PRD.CROP.XD,Italy,ITA,95.4,103.06,101.54,96.92,95.4,93.87,97.24,95.16,93.95,..,..
Crop production index (2014-2016 = 100),AG.PRD.CROP.XD,Jamaica,JAM,100.3,97.31,102.39,99.28,102.89,100.47,97.61,104.45,111.66,..,..
Crop production index (2014-2016 = 100),AG.PRD.CROP.XD,Japan,JPN,101.89,99.82,98.3,98.65,96.95,97.86,95.99,95.82,94.6,..,..
Crop production index (2014-2016 = 100),AG.PRD.CROP.XD,Jordan,JOR,88.57,103.93,107.5,88.05,90.6,85.61,86.8,95.89,98.36,..,..
Crop production index (2014-2016 = 100),AG.PRD.CROP.XD,Kazakhstan,KAZ,93.3,98.39,108.31,114.31,117.87,108.65,117.04,108.65,129.35,..,..
Crop production index (2014-2016 = 100),AG.PRD.CROP.XD,Kenya,KEN,101.59,98.27,100.15,97.26,108.89,108.66,137.6,133.91,116.97,..,..
Crop production index (2014-2016 = 100),AG.PRD.CROP.XD,Kiribati,KIR,89.61,90.19,120.2,120.15,107.65,92.88,92.85,92.93,95.75,..,..
Crop production index (2014-2016 = 100),AG.PRD.CROP.XD,"Korea, Dem. People's Rep.",PRK,104.06,98.36,97.58,93.93,90.72,102.42,93.99,93.76,92.58,..,..
Crop production index (2014-2016 = 100),AG.PRD.CROP.XD,"Korea, Rep.",KOR,105.44,97.64,96.92,96.22,97.18,97.12,90.26,95.82,93.62,..,..
Crop production index (2014-2016 = 100),AG.PRD.CROP.XD,Kosovo,XKX,..,..,..,..,..,..,..,..,..,..,..
Crop production index (2014-2016 = 100),AG.PRD.CROP.XD,Kuwait,KWT,109.54,96.91,93.55,103.95,102.01,121.89,92.27,104.95,109.27,..,..
Crop production index (2014-2016 = 100),AG.PRD.CROP.XD,Kyrgyz Republic,KGZ,90.44,103.82,105.74,107.3,109.29,110.09,109.04,97.94,106.82,..,..
Crop production index (2014-2016 = 100),AG.PRD.CROP.XD,Lao PDR,LAO,90.44,103.79,105.77,97.29,99.09,98.73,102.2,104.6,113.65,..,..
Crop production index (2014-2016 = 100),AG.PRD.CROP.XD,Latvia,LVA,82.21,112.14,105.64,107.8,71.02,106.48,117.21,100.47,105.2,..,..
Crop production index (2014-2016 = 100),AG.PRD.CROP.XD,Lebanon,LBN,93.97,98.05,107.98,108.32,102.29,99.58,97.95,97.15,97.9,..,..
Crop production index (2014-2016 = 100),AG.PRD.CROP.XD,Lesotho,LSO,114.24,102.87,82.89,149.5,132.65,86.25,87.47,119.14,107.64,..,..
Crop production index (2014-2016 = 100),AG.PRD.CROP.XD,Liberia,LBR,90.47,97.33,112.21,94.53,99.78,106.06,108.58,111.76,115.6,..,..
Crop production index (2014-2016 = 100),AG.PRD.CROP.XD,Libya,LBY,100.06,98.5,101.44,99.31,99.17,96.44,99.85,98.85,98.35,..,..
Crop production index (2014-2016 = 100),AG.PRD.CROP.XD,Liechtenstein,LIE,..,..,..,..,..,..,..,..,..,..,..
Crop production index (2014-2016 = 100),AG.PRD.CROP.XD,Lithuania,LTU,91.1,108.63,100.28,102.91,76.2,94.54,117.67,99.34,105.08,..,..
Crop production index (2014-2016 = 100),AG.PRD.CROP.XD,Luxembourg,LUX,108.7,105.53,85.77,90.01,103.18,92.85,89.56,86.94,96.39,..,..
Crop production index (2014-2016 = 100),AG.PRD.CROP.XD,"Macao SAR, China",MAC,100.42,99.97,99.61,99.61,99.66,101.69,102.03,102.6,103.18,..,..
Crop production index (2014-2016 = 100),AG.PRD.CROP.XD,Madagascar,MDG,101.75,98.43,99.82,97.24,101.87,102.83,103.99,105.75,108.17,..,..
Crop production index (2014-2016 = 100),AG.PRD.CROP.XD,Malawi,MWI,105.77,98.75,95.49,111.86,114.83,121.09,128.17,134.07,135.51,..,..
Crop production index (2014-2016 = 100),AG.PRD.CROP.XD,Malaysia,MYS,101.21,104.44,94.36,106.57,102.78,103.03,101.74,97.74,97.93,..,..
Crop production index (2014-2016 = 100),AG.PRD.CROP.XD,Maldives,MDV,98.07,99.75,102.18,101.42,100.61,108.02,108.65,94.11,93.7,..,..
Crop production index (2014-2016 = 100),AG.PRD.CROP.XD,Mali,MLI,89.18,96.9,113.91,115.23,125.08,128.69,126.5,126.74,133.12,..,..
Crop production index (2014-2016 = 100),AG.PRD.CROP.XD,Malta,MLT,105.18,100.45,94.37,93.98,65.69,59.71,55.87,53.89,53.79,..,..
Crop production index (2014-2016 = 100),AG.PRD.CROP.XD,Marshall Islands,MHL,83.33,90,126.67,126.67,80,90.04,90.04,90.04,90.84,..,..
Crop production index (2014-2016 = 100),AG.PRD.CROP.XD,Mauritania,MRT,108.91,96.41,94.67,111.63,122.02,105.19,116.02,140.7,145.03,..,..
Crop production index (2014-2016 = 100),AG.PRD.CROP.XD,Mauritius,MUS,103.38,99.95,96.67,95.77,83.33,88.44,70.56,74.1,67.76,..,..
Crop production index (2014-2016 = 100),AG.PRD.CROP.XD,Mexico,MEX,97.86,97.14,105,110.96,113.1,112.3,111.12,111.91,115.12,..,..
Crop production index (2014-2016 = 100),AG.PRD.CROP.XD,"Micronesia, Fed. Sts.",FSM,100.41,99.27,100.31,100.5,122.67,122.79,122.83,122.83,125.71,..,..
Crop production index (2014-2016 = 100),AG.PRD.CROP.XD,Moldova,MDA,104.33,87.74,107.93,121.19,128.96,126.53,79.73,135.27,93.04,..,..
Crop production index (2014-2016 = 100),AG.PRD.CROP.XD,Monaco,MCO,..,..,..,..,..,..,..,..,..,..,..
Crop production index (2014-2016 = 100),AG.PRD.CROP.XD,Mongolia,MNG,120.19,72.32,107.49,68.58,106.52,109.78,116.38,138.19,122.9,..,..
Crop production index (2014-2016 = 100),AG.PRD.CROP.XD,Montenegro,MNE,87.34,101.61,111.05,100.94,104.35,92.76,94.2,96.94,89.55,..,..
Crop production index (2014-2016 = 100),AG.PRD.CROP.XD,Morocco,MAR,101.96,110.39,87.66,107.35,117.05,108.12,93.14,118.58,106.83,..,..
Crop production index (2014-2016 = 100),AG.PRD.CROP.XD,Mozambique,MOZ,102.31,95.65,102.04,115.68,135.99,144.9,139.32,151.17,157.47,..,..
Crop production index (2014-2016 = 100),AG.PRD.CROP.XD,Myanmar,MMR,99.86,100.9,99.24,97.07,100.45,98.16,96.55,98.9,94.24,..,..
Crop production index (2014-2016 = 100),AG.PRD.CROP.XD,Namibia,NAM,100.72,103.3,95.98,108.31,111.76,99.04,116.68,116.61,116.27,..,..
Crop production index (2014-2016 = 100),AG.PRD.CROP.XD,Nauru,NRU,99.16,100.02,100.82,102.06,103.09,102.23,102.51,102.59,102.69,..,..
Crop production index (2014-2016 = 100),AG.PRD.CROP.XD,Nepal,NPL,98,96.32,105.67,104.94,108.15,111.28,113.73,112.82,116.66,..,..
Crop production index (2014-2016 = 100),AG.PRD.CROP.XD,Netherlands,NLD,102.63,99.75,97.61,107.1,93.55,104.66,103.19,103.94,100.37,..,..
Crop production index (2014-2016 = 100),AG.PRD.CROP.XD,New Caledonia,NCL,75.95,108.43,115.62,111.75,116.05,116.19,117.7,105.13,94.33,..,..
Crop production index (2014-2016 = 100),AG.PRD.CROP.XD,New Zealand,NZL,101.36,96.04,102.6,93.53,103.18,106.2,108.93,104.93,108.2,..,..
Crop production index (2014-2016 = 100),AG.PRD.CROP.XD,Nicaragua,NIC,95.92,97.11,106.97,114.06,117.1,118.24,123.28,127.55,130.79,..,..
Crop production index (2014-2016 = 100),AG.PRD.CROP.XD,Niger,NER,90.03,100.23,109.74,110.28,121.82,120.12,130.08,103.52,137.93,..,..
Crop production index (2014-2016 = 100),AG.PRD.CROP.XD,Nigeria,NGA,95.08,97.29,107.64,109.74,114.88,109.64,112.71,118.31,120.89,..,..
Crop production index (2014-2016 = 100),AG.PRD.CROP.XD,North Macedonia,MKD,91.64,104.14,104.22,79.24,101.3,94.74,102.86,96.24,102.74,..,..
Crop production index (2014-2016 = 100),AG.PRD.CROP.XD,Northern Mariana Islands,MNP,..,..,..,..,..,..,..,..,..,..,..
Crop production index (2014-2016 = 100),AG.PRD.CROP.XD,Norway,NOR,97.26,101.85,100.89,98.95,71.74,101.43,100.21,95.01,101.79,..,..
Crop production index (2014-2016 = 100),AG.PRD.CROP.XD,Oman,OMN,89.89,103.07,107.05,133.98,137.49,139.81,160.11,154.29,161.69,..,..
Crop production index (2014-2016 = 100),AG.PRD.CROP.XD,Pakistan,PAK,102.34,97.1,100.56,105.46,99.66,100.32,105.14,113.42,104.13,..,..
Crop production index (2014-2016 = 100),AG.PRD.CROP.XD,Palau,PLW,..,..,..,..,..,..,..,..,..,..,..
Crop production index (2014-2016 = 100),AG.PRD.CROP.XD,Panama,PAN,99.47,98.44,102.09,104.95,109.94,118.42,126.08,129.48,130.95,..,..
Crop production index (2014-2016 = 100),AG.PRD.CROP.XD,Papua New Guinea,PNG,99.8,99.79,100.41,100.18,101.18,100.99,97.48,98.77,99.03,..,..
Crop production index (2014-2016 = 100),AG.PRD.CROP.XD,Paraguay,PRY,98.79,99.68,101.53,109.45,111.5,101.14,118.78,108.94,74.78,..,..
Crop production index (2014-2016 = 100),AG.PRD.CROP.XD,Peru,PER,97.97,98.85,103.18,102.64,112.31,114.67,118.61,125,130.74,..,..
Crop production index (2014-2016 = 100),AG.PRD.CROP.XD,Philippines,PHL,102.04,100.38,97.58,103.23,102.8,101.81,102.93,105.11,103.98,..,..
Crop production index (2014-2016 = 100),AG.PRD.CROP.XD,Poland,POL,105.29,92.36,102.35,103.14,93.26,90.07,107.75,107.9,110.01,..,..
Crop production index (2014-2016 = 100),AG.PRD.CROP.XD,Portugal,PRT,92.88,111.68,95.44,116.61,102.05,118.31,110.11,144.08,113.88,..,..
Crop production index (2014-2016 = 100),AG.PRD.CROP.XD,Puerto Rico (US),PRI,90.89,101.89,107.22,107.43,105.79,109.01,108.12,107.54,107.53,..,..
Crop production index (2014-2016 = 100),AG.PRD.CROP.XD,Qatar,QAT,99.22,100.26,100.52,101.36,122.73,128.78,138.06,148.93,153.35,..,..
Crop production index (2014-2016 = 100),AG.PRD.CROP.XD,Romania,ROU,104.98,94.2,100.82,123.9,132.87,123.84,87.26,115.92,85.41,..,..
Crop production index (2014-2016 = 100),AG.PRD.CROP.XD,Russian Federation,RUS,96.88,99.62,103.5,110.11,103.6,111.52,112.78,111.37,133.67,..,..
Crop production index (2014-2016 = 100),AG.PRD.CROP.XD,Rwanda,RWA,97.24,100.32,102.45,106.03,111.58,114.9,116.33,122.56,123.19,..,..
Crop production index (2014-2016 = 100),AG.PRD.CROP.XD,Samoa,WSM,128.29,87.02,84.69,82.65,82.81,80.7,81.74,85.19,84.07,..,..
Crop production index (2014-2016 = 100),AG.PRD.CROP.XD,San Marino,SMR,..,..,..,..,..,..,..,..,..,..,..
Crop production index (2014-2016 = 100),AG.PRD.CROP.XD,Sao Tome and Principe,STP,106.54,88.87,104.59,110.39,106.57,106.22,105.73,106.25,107.39,..,..
Crop production index (2014-2016 = 100),AG.PRD.CROP.XD,Saudi Arabia,SAU,84.55,105.05,110.39,136.79,138.35,152.11,181.73,174.15,182.29,..,..
Crop production index (2014-2016 = 100),AG.PRD.CROP.XD,Senegal,SEN,80.07,114.05,105.88,141.51,166.28,165.89,203.82,198.07,189.93,..,..
Crop production index (2014-2016 = 100),AG.PRD.CROP.XD,Serbia,SRB,98.78,92.06,109.16,86.01,107.24,108.26,113.06,103.4,94.58,..,..
Crop production index (2014-2016 = 100),AG.PRD.CROP.XD,Seychelles,SYC,95.33,103.36,101.3,101.56,101.47,102.09,101.91,102.55,101.78,..,..
Crop production index (2014-2016 = 100),AG.PRD.CROP.XD,Sierra Leone,SLE,110.39,96.14,93.47,83.94,89,77.42,91.15,133.47,105.75,..,..
Crop production index (2014-2016 = 100),AG.PRD.CROP.XD,Singapore,SGP,100.1,100.94,98.96,100.12,106.1,107.4,101.67,104.66,90.86,..,..
Crop production index (2014-2016 = 100),AG.PRD.CROP.XD,Sint Maarten (Dutch part),SXM,..,..,..,..,..,..,..,..,..,..,..
Crop production index (2014-2016 = 100),AG.PRD.CROP.XD,Slovak Republic,SVK,105.03,86.66,108.31,87.54,96.8,93.51,101.12,99.81,85,..,..
Crop production index (2014-2016 = 100),AG.PRD.CROP.XD,Slovenia,SVN,98.26,106,95.74,87.31,101.33,93.98,105.74,84.9,81.75,..,..
Crop production index (2014-2016 = 100),AG.PRD.CROP.XD,Solomon Islands,SLB,98.9,100.49,100.6,102.04,103.63,104.71,104.29,108.11,108,..,..
Crop production index (2014-2016 = 100),AG.PRD.CROP.XD,"Somalia, Fed. Rep.",SOM,101.08,105.5,93.42,101.67,105.58,102.53,100.95,101.06,101.37,..,..
Crop production index (2014-2016 = 100),AG.PRD.CROP.XD,South Africa,ZAF,107.89,100.68,91.43,117.28,111.94,106.95,119.28,125.16,124.13,..,..
Crop production index (2014-2016 = 100),AG.PRD.CROP.XD,South Sudan,SSD,98.25,103.33,98.41,96.58,101.12,106.95,110.85,112.4,117.91,..,..
Crop production index (2014-2016 = 100),AG.PRD.CROP.XD,Spain,ESP,94.65,99.16,106.19,98.65,121.45,102.04,116.68,114.78,87.04,..,..
Crop production index (2014-2016 = 100),AG.PRD.CROP.XD,Sri Lanka,LKA,97.76,104.53,97.71,86.75,94.14,95.85,107.34,117.02,95.73,..,..
Crop production index (2014-2016 = 100),AG.PRD.CROP.XD,St. Kitts and Nevis,KNA,102,98.04,99.96,104.33,105.11,111.43,107.75,109.84,108.37,..,..
Crop production index (2014-2016 = 100),AG.PRD.CROP.XD,St. Lucia,LCA,102.31,101.3,96.39,100.37,104.32,98.66,79.91,72.91,77.63,..,..
Crop production index (2014-2016 = 100),AG.PRD.CROP.XD,St. Martin (French part),MAF,..,..,..,..,..,..,..,..,..,..,..
Crop production index (2014-2016 = 100),AG.PRD.CROP.XD,St. Vincent and the Grenadines,VCT,102.13,100.22,97.65,99.48,101.23,102.74,103.68,102.09,102.52,..,..
Crop production index (2014-2016 = 100),AG.PRD.CROP.XD,Sudan,SDN,106.91,85.38,107.7,103.42,130.94,122.21,128.05,116.62,126.22,..,..
Crop production index (2014-2016 = 100),AG.PRD.CROP.XD,Suriname,SUR,102.88,97.92,99.2,102.18,95.87,89.67,79.98,79.9,80.24,..,..
Crop production index (2014-2016 = 100),AG.PRD.CROP.XD,Sweden,SWE,99.87,103.91,96.22,103.35,64.14,105.2,102.54,91.72,103.06,..,..
Crop production index (2014-2016 = 100),AG.PRD.CROP.XD,Switzerland,CHE,110.22,96.5,93.29,96.02,107.56,98.23,104.23,80.53,97.36,..,..
Crop production index (2014-2016 = 100),AG.PRD.CROP.XD,Syrian Arab Republic,SYR,85.07,113.44,101.49,112.54,107.35,123.99,128.83,100.49,96.3,..,..
Crop production index (2014-2016 = 100),AG.PRD.CROP.XD,Tajikistan,TJK,98.91,99.16,101.93,109.07,119.18,131.07,137.86,131.68,131.33,..,..
Crop production index (2014-2016 = 100),AG.PRD.CROP.XD,Tanzania,TZA,99.52,104.21,96.27,93.64,99.97,101.22,106.51,104.72,100.37,..,..
Crop production index (2014-2016 = 100),AG.PRD.CROP.XD,Thailand,THA,103.13,96.14,100.72,102.94,106.38,102.51,97.97,102.1,106.6,..,..
Crop production index (2014-2016 = 100),AG.PRD.CROP.XD,Timor-Leste,TLS,104.53,102.75,92.72,87.16,95.52,86.08,92.42,93.42,107.66,..,..
Crop production index (2014-2016 = 100),AG.PRD.CROP.XD,Togo,TGO,102.38,97.1,100.52,105.63,111.28,112.96,112.72,115.76,119.81,..,..
Crop production index (2014-2016 = 100),AG.PRD.CROP.XD,Tonga,TON,94.25,107.67,98.07,98.07,96.26,96.61,96.53,96.72,97.18,..,..
Crop production index (2014-2016 = 100),AG.PRD.CROP.XD,Trinidad and Tobago,TTO,97.58,101.01,101.41,104.64,105.87,101.45,102,101.09,98.55,..,..
Crop production index (2014-2016 = 100),AG.PRD.CROP.XD,Tunisia,TUN,86.95,119.87,93.18,90.71,118.98,106.36,131.04,102.89,111.48,..,..
Crop production index (2014-2016 = 100),AG.PRD.CROP.XD,Turkiye,TUR,94.98,102.18,102.84,108.25,107.22,109.98,115.79,114.51,125.29,..,..
Crop production index (2014-2016 = 100),AG.PRD.CROP.XD,Turkmenistan,TKM,92.25,96.04,111.71,113.42,107.51,116.92,126.11,125.31,121.16,..,..
Crop production index (2014-2016 = 100),AG.PRD.CROP.XD,Turks and Caicos Islands,TCA,..,..,..,..,..,..,..,..,..,..,..
Crop production index (2014-2016 = 100),AG.PRD.CROP.XD,Tuvalu,TUV,98.97,100.14,100.89,101.66,102.59,116.36,117.35,117.01,112.68,..,..
Crop production index (2014-2016 = 100),AG.PRD.CROP.XD,Uganda,UGA,103.15,104.94,91.92,105.08,103.86,122.78,153.38,169.72,148.35,..,..
Crop production index (2014-2016 = 100),AG.PRD.CROP.XD,Ukraine,UKR,100.14,96.11,103.75,100.82,111.07,112.83,100.9,121.71,90.06,..,..
Crop production index (2014-2016 = 100),AG.PRD.CROP.XD,United Arab Emirates,ARE,90.32,104.59,105.09,98.67,98.98,102.45,108.17,113.32,116.03,..,..
Crop production index (2014-2016 = 100),AG.PRD.CROP.XD,United Kingdom,GBR,104.19,102.87,92.94,101.62,91.3,101.7,83.04,90.1,94.33,..,..
Crop production index (2014-2016 = 100),AG.PRD.CROP.XD,United States,USA,97.81,95.48,106.71,100.53,100.21,93.68,98.43,101,92.96,..,..
Crop production index (2014-2016 = 100),AG.PRD.CROP.XD,Uruguay,URY,107.55,103.42,89.03,104.17,65.2,97.48,85.09,91.17,79.71,..,..
Crop production index (2014-2016 = 100),AG.PRD.CROP.XD,Uzbekistan,UZB,95.4,101.34,103.26,95.76,89.45,95.67,99.01,102.59,107.7,..,..
Crop production index (2014-2016 = 100),AG.PRD.CROP.XD,Vanuatu,VUT,104.56,97.51,97.93,82.67,83.09,83.93,83.43,84.58,84.55,..,..
Crop production index (2014-2016 = 100),AG.PRD.CROP.XD,"Venezuela, RB",VEN,107.27,103.62,96.38,95.79,86.25,86.75,95.11,97.18,93.94,..,..
Crop production index (2014-2016 = 100),AG.PRD.CROP.XD,Viet Nam,VNM,99.4,100.98,99.63,101.53,104.7,105.44,106.01,109.24,109.55,..,..
Crop production index (2014-2016 = 100),AG.PRD.CROP.XD,Virgin Islands (U.S.),VIR,..,..,..,..,..,..,..,..,..,..,..
Crop production index (2014-2016 = 100),AG.PRD.CROP.XD,West Bank and Gaza,PSE,101.93,84.78,113.29,114.9,126.82,129.95,124.13,117.31,116.75,..,..
Crop production index (2014-2016 = 100),AG.PRD.CROP.XD,"Yemen, Rep.",YEM,108.59,98.61,92.8,92.49,88.83,105.46,109.51,124.71,118.58,..,..
Crop production index (2014-2016 = 100),AG.PRD.CROP.XD,Zambia,ZMB,102.67,91.35,105.97,128.94,117.61,107.69,129.22,136.31,123.04,..,..
Crop production index (2014-2016 = 100),AG.PRD.CROP.XD,Zimbabwe,ZWE,109.52,96.35,94.14,107.07,135.98,104.29,127.77,129.97,123.48,..,..
Crop production index (2014-2016 = 100),AG.PRD.CROP.XD,Africa Eastern and Southern,AFE,100,100,100,100,100,100,100,..,..,..,..
Crop production index (2014-2016 = 100),AG.PRD.CROP.XD,Africa Western and Central,AFW,100,100,100,100,100,100,100,..,..,..,..
Crop production index (2014-2016 = 100),AG.PRD.CROP.XD,Arab World,ARB,100,100,100,100,100,100,100,..,..,..,..
Crop production index (2014-2016 = 100),AG.PRD.CROP.XD,Caribbean small states,CSS,100,100,100,100,100,100,100,..,..,..,..
Crop production index (2014-2016 = 100),AG.PRD.CROP.XD,Central Europe and the Baltics,CEB,100,100,100,100,100,100,100,..,..,..,..
Crop production index (2014-2016 = 100),AG.PRD.CROP.XD,Early-demographic dividend,EAR,100,100,100,100,100,100,100,..,..,..,..
Crop production index (2014-2016 = 100),AG.PRD.CROP.XD,East Asia & Pacific,EAS,98.5739184777165,100,100,100,100,100,100,..,..,..,..
Crop production index (2014-2016 = 100),AG.PRD.CROP.XD,East Asia & Pacific (excluding high income),EAP,100,100,100,100,100,100,100,..,..,..,..
Crop production index (2014-2016 = 100),AG.PRD.CROP.XD,East Asia & Pacific (IDA & IBRD countries),TEA,100,100,100,100,100,100,100,..,..,..,..
Crop production index (2014-2016 = 100),AG.PRD.CROP.XD,Euro area,EMU,100,100,100,100,100,100,100,..,..,..,..
Crop production index (2014-2016 = 100),AG.PRD.CROP.XD,Europe & Central Asia,ECS,99.9691203619053,100,100,100,100,100,100,..,..,..,..
Crop production index (2014-2016 = 100),AG.PRD.CROP.XD,Europe & Central Asia (excluding high income),ECA,100,100,100,100,100,100,100,..,..,..,..
Crop production index (2014-2016 = 100),AG.PRD.CROP.XD,Europe & Central Asia (IDA & IBRD countries),TEC,100,100,100,100,100,100,100,..,..,..,..
Crop production index (2014-2016 = 100),AG.PRD.CROP.XD,European Union,EUU,100,100,100,100,100,100,100,..,..,..,..
Crop production index (2014-2016 = 100),AG.PRD.CROP.XD,Fragile and conflict affected situations,FCS,100,100,100,100,100,100,100,..,..,..,..
Crop production index (2014-2016 = 100),AG.PRD.CROP.XD,Heavily indebted poor countries (HIPC),HPC,100,100,100,100,100,100,100,..,..,..,..
Crop production index (2014-2016 = 100),AG.PRD.CROP.XD,High income,HIC,97.617867207386,100,100,100,100,100,100,..,..,..,..
Crop production index (2014-2016 = 100),AG.PRD.CROP.XD,IBRD only,IBD,100,100,100,100,100,100,100,..,..,..,..
Crop production index (2014-2016 = 100),AG.PRD.CROP.XD,IDA & IBRD total,IBT,100,100,100,100,100,100,100,..,..,..,..
Crop production index (2014-2016 = 100),AG.PRD.CROP.XD,IDA blend,IDB,100,100,100,100,100,100,100,..,..,..,..
Crop production index (2014-2016 = 100),AG.PRD.CROP.XD,IDA only,IDX,100,100,100,100,100,100,100,..,..,..,..
Crop production index (2014-2016 = 100),AG.PRD.CROP.XD,IDA total,IDA,100,100,100,100,100,100,100,..,..,..,..
Crop production index (2014-2016 = 100),AG.PRD.CROP.XD,Late-demographic dividend,LTE,99.1058607727028,100,100,100,100,100,100,..,..,..,..
Crop production index (2014-2016 = 100),AG.PRD.CROP.XD,Latin America & Caribbean,LCN,99.8958001010148,100,100,100,100,100,100,..,..,..,..
Crop production index (2014-2016 = 100),AG.PRD.CROP.XD,Latin America & Caribbean (excluding high income),LAC,100,100,100,100,100,100,100,..,..,..,..
Crop production index (2014-2016 = 100),AG.PRD.CROP.XD,Latin America & the Caribbean (IDA & IBRD countries),TLA,100,100,100,100,100,100,100,..,..,..,..
Crop production index (2014-2016 = 100),AG.PRD.CROP.XD,Least developed countries: UN classification,LDC,100,100,100,100,100,100,100,..,..,..,..
Crop production index (2014-2016 = 100),AG.PRD.CROP.XD,Low & middle income,LMY,100,100,100,100,100,100,100,..,..,..,..
Crop production index (2014-2016 = 100),AG.PRD.CROP.XD,Low income,LIC,100,100,100,100,100,100,100,..,..,..,..
Crop production index (2014-2016 = 100),AG.PRD.CROP.XD,Lower middle income,LMC,100,100,100,100,100,100,100,..,..,..,..
Crop production index (2014-2016 = 100),AG.PRD.CROP.XD,"Middle East, North Africa, Afghanistan & Pakistan",MEA,100,100,100,100,100,100,100,..,..,..,..
Crop production index (2014-2016 = 100),AG.PRD.CROP.XD,"Middle East, North Africa, Afghanistan & Pakistan (excluding high income)",MNA,100,100,100,100,100,100,100,..,..,..,..
Crop production index (2014-2016 = 100),AG.PRD.CROP.XD,"Middle East, North Africa, Afghanistan & Pakistan (IDA & IBRD)",TMN,100,100,100,100,100,100,100,..,..,..,..
Crop production index (2014-2016 = 100),AG.PRD.CROP.XD,Middle income,MIC,100,100,100,100,100,100,100,..,..,..,..
Crop production index (2014-2016 = 100),AG.PRD.CROP.XD,North America,NAC,99.5974343686715,100,100,100,100,100,100,..,..,..,..
Crop production index (2014-2016 = 100),AG.PRD.CROP.XD,Not classified,INX,..,..,..,..,..,..,..,..,..,..,..
Crop production index (2014-2016 = 100),AG.PRD.CROP.XD,OECD members,OED,100,100,100,100,100,100,100,..,..,..,..
Crop production index (2014-2016 = 100),AG.PRD.CROP.XD,Other small states,OSS,100,100,100,100,100,100,100,..,..,..,..
Crop production index (2014-2016 = 100),AG.PRD.CROP.XD,Pacific island small states,PSS,100,100,100,100,100,100,100,..,..,..,..
Crop production index (2014-2016 = 100),AG.PRD.CROP.XD,Post-demographic dividend,PST,100,100,100,100,100,100,100,..,..,..,..
Crop production index (2014-2016 = 100),AG.PRD.CROP.XD,Pre-demographic dividend,PRE,100,100,100,100,100,100,100,..,..,..,..
Crop production index (2014-2016 = 100),AG.PRD.CROP.XD,Small states,SST,100,100,100,100,100,100,100,..,..,..,..
Crop production index (2014-2016 = 100),AG.PRD.CROP.XD,South Asia,SAS,100,100,100,100,100,100,100,..,..,..,..
Crop production index (2014-2016 = 100),AG.PRD.CROP.XD,South Asia (IDA & IBRD),TSA,100,100,100,100,100,100,100,..,..,..,..
Crop production index (2014-2016 = 100),AG.PRD.CROP.XD,Sub-Saharan Africa,SSF,100,100,100,100,100,100,100,..,..,..,..
Crop production index (2014-2016 = 100),AG.PRD.CROP.XD,Sub-Saharan Africa (excluding high income),SSA,100,100,100,100,100,100,100,..,..,..,..
Crop production index (2014-2016 = 100),AG.PRD.CROP.XD,Sub-Saharan Africa (IDA & IBRD countries),TSS,100,100,100,100,100,100,100,..,..,..,..
Crop production index (2014-2016 = 100),AG.PRD.CROP.XD,Upper middle income,UMC,100,100,100,100,100,100,100,..,..,..,..
Crop production index (2014-2016 = 100),AG.PRD.CROP.XD,World,WLD,99.4300069581185,100,100,100,100,100,100,..,..,..,..
Agricultural irrigated land (% of total agricultural land),AG.LND.IRIG.AG.ZS,Afghanistan,AFG,5.74254814033237,5.71089422316012,6.4811395410182,5.99050382484833,5.1223362273086,6.00631412786109,6.50692976274372,6.32161407355206,5.82830892908412,5.97911638157204,..
Agricultural irrigated land (% of total agricultural land),AG.LND.IRIG.AG.ZS,Albania,ALB,12.7566444404704,13.4548241505578,14.3014301430143,14.5621022566149,14.9904478481468,15.2470187393526,15.6148787487506,16.5444897168956,16.7928848185981,18.1600612674708,..
Agricultural irrigated land (% of total agricultural land),AG.LND.IRIG.AG.ZS,Algeria,DZA,2.74253336873356,2.93141951544273,3.04763516617424,3.16041260466687,..,3.34495110852938,..,..,..,..,..
Agricultural irrigated land (% of total agricultural land),AG.LND.IRIG.AG.ZS,American Samoa,ASM,..,..,..,..,..,..,..,..,..,..,..
Agricultural irrigated land (% of total agricultural land),AG.LND.IRIG.AG.ZS,Andorra,AND,..,..,..,..,..,..,..,..,..,..,..
Agricultural irrigated land (% of total agricultural land),AG.LND.IRIG.AG.ZS,Angola,AGO,..,..,..,..,..,..,..,..,..,..,..
Agricultural irrigated land (% of total agricultural land),AG.LND.IRIG.AG.ZS,Antigua and Barbuda,ATG,..,..,..,..,..,..,..,..,..,..,..
Agricultural irrigated land (% of total agricultural land),AG.LND.IRIG.AG.ZS,Argentina,ARG,..,..,..,..,1.19986198568101,..,..,..,..,..,..
Agricultural irrigated land (% of total agricultural land),AG.LND.IRIG.AG.ZS,Armenia,ARM,9.1985482239543,9.22645673048249,9.23187022900763,9.22975956088539,9.23508018839802,9.2546213476446,9.28520286396181,9.30786591991975,9.43187318489835,9.45348907583369,..
Agricultural irrigated land (% of total agricultural land),AG.LND.IRIG.AG.ZS,Aruba,ABW,..,..,..,..,..,..,..,..,..,..,..
Agricultural irrigated land (% of total agricultural land),AG.LND.IRIG.AG.ZS,Australia,AUS,0.630650360688312,0.61734636719053,0.626674683743819,0.603490239002574,0.640298694604271,0.539344565310351,0.427517391609866,0.535047686640863,0.535047686640863,0.535453227882219,..
Agricultural irrigated land (% of total agricultural land),AG.LND.IRIG.AG.ZS,Austria,AUT,..,..,1.43062052228884,..,..,..,..,..,..,..,..
Agricultural irrigated land (% of total agricultural land),AG.LND.IRIG.AG.ZS,Azerbaijan,AZE,29.7230433779902,30.001257914378,29.8114393463231,29.9298796441654,29.9884925201381,30.0144360524719,30.6458023890714,30.7346358197716,30.7352787365338,30.6301782575948,..
Agricultural irrigated land (% of total agricultural land),AG.LND.IRIG.AG.ZS,"Bahamas, The",BHS,..,..,..,..,..,..,..,..,..,..,..
Agricultural irrigated land (% of total agricultural land),AG.LND.IRIG.AG.ZS,Bahrain,BHR,..,..,..,..,..,..,..,..,..,..,..
Agricultural irrigated land (% of total agricultural land),AG.LND.IRIG.AG.ZS,Bangladesh,BGD,59.3691614463128,59.4614417435038,59.7114923413757,60.158936274195,60.3828825402345,82.7604554645099,83.5524920466596,84.3491187088554,88.7769173650154,89.0413873816363,..
Agricultural irrigated land (% of total agricultural land),AG.LND.IRIG.AG.ZS,Barbados,BRB,..,..,..,..,..,..,..,..,..,..,..
Agricultural irrigated land (% of total agricultural land),AG.LND.IRIG.AG.ZS,Belarus,BLR,0.344391748512854,0.352219449044809,0.355104480410656,0.356722392276901,0.358452620371466,0.361273399308454,0.365897838425311,0.349889894788353,0.321225599209291,0.318645755538959,..
Agricultural irrigated land (% of total agricultural land),AG.LND.IRIG.AG.ZS,Belgium,BEL,..,..,..,..,..,..,..,..,..,..,..
Agricultural irrigated land (% of total agricultural land),AG.LND.IRIG.AG.ZS,Belize,BLZ,..,..,..,..,..,..,..,..,..,..,..
Agricultural irrigated land (% of total agricultural land),AG.LND.IRIG.AG.ZS,Benin,BEN,..,..,..,0.420190659557399,..,1.14440949269105,..,..,..,..,..
Agricultural irrigated land (% of total agricultural land),AG.LND.IRIG.AG.ZS,Bermuda,BMU,..,..,..,..,..,..,..,..,..,..,..
Agricultural irrigated land (% of total agricultural land),AG.LND.IRIG.AG.ZS,Bhutan,BTN,..,..,..,..,..,..,..,..,..,..,..
Agricultural irrigated land (% of total agricultural land),AG.LND.IRIG.AG.ZS,Bolivia,BOL,..,..,..,0.783342119135477,..,..,..,..,..,..,..
Agricultural irrigated land (% of total agricultural land),AG.LND.IRIG.AG.ZS,Bosnia and Herzegovina,BIH,..,..,..,..,..,..,..,..,..,..,..
Agricultural irrigated land (% of total agricultural land),AG.LND.IRIG.AG.ZS,Botswana,BWA,0.00961390555299185,..,..,..,..,..,..,..,..,..,..
Agricultural irrigated land (% of total agricultural land),AG.LND.IRIG.AG.ZS,Brazil,BRA,..,..,..,2.91412915454726,..,3.46044099838366,3.56603573039288,3.70707547169811,3.87876104288415,3.87876104288415,..
Agricultural irrigated land (% of total agricultural land),AG.LND.IRIG.AG.ZS,British Virgin Islands,VGB,..,..,..,..,..,..,..,..,..,..,..
Agricultural irrigated land (% of total agricultural land),AG.LND.IRIG.AG.ZS,Brunei Darussalam,BRN,..,..,..,..,..,..,6.7865671641791,7.74925373134328,8.33805970149254,8.23507462686567,..
Agricultural irrigated land (% of total agricultural land),AG.LND.IRIG.AG.ZS,Bulgaria,BGR,..,..,1.85022903804023,..,..,..,0.541149197543095,0.56164454131167,0.547192353643967,0.616381403920456,..
Agricultural irrigated land (% of total agricultural land),AG.LND.IRIG.AG.ZS,Burkina Faso,BFA,..,..,..,..,..,..,..,..,..,..,..
Agricultural irrigated land (% of total agricultural land),AG.LND.IRIG.AG.ZS,Burundi,BDI,..,..,..,..,..,..,..,..,..,..,..
Agricultural irrigated land (% of total agricultural land),AG.LND.IRIG.AG.ZS,Cabo Verde,CPV,..,..,..,..,..,..,..,..,..,..,..
Agricultural irrigated land (% of total agricultural land),AG.LND.IRIG.AG.ZS,Cambodia,KHM,..,..,..,..,..,..,..,..,..,..,..
Agricultural irrigated land (% of total agricultural land),AG.LND.IRIG.AG.ZS,Cameroon,CMR,..,..,..,..,..,..,..,..,..,..,..
Agricultural irrigated land (% of total agricultural land),AG.LND.IRIG.AG.ZS,Canada,CAN,..,1.55988617745969,..,..,..,..,..,..,..,..,..
Agricultural irrigated land (% of total agricultural land),AG.LND.IRIG.AG.ZS,Cayman Islands,CYM,..,..,..,..,..,..,..,..,..,..,..
Agricultural irrigated land (% of total agricultural land),AG.LND.IRIG.AG.ZS,Central African Republic,CAF,..,..,..,..,..,..,..,..,..,..,..
Agricultural irrigated land (% of total agricultural land),AG.LND.IRIG.AG.ZS,Chad,TCD,..,..,..,..,..,..,..,..,..,..,..
Agricultural irrigated land (% of total agricultural land),AG.LND.IRIG.AG.ZS,Channel Islands,CHI,3.57142857142857,3.67170626349892,3.65984930032293,..,..,..,..,..,..,..,..
Agricultural irrigated land (% of total agricultural land),AG.LND.IRIG.AG.ZS,Chile,CHL,..,..,..,..,..,..,..,8.4063628013325,8.5491626347143,8.50102224465314,..
Agricultural irrigated land (% of total agricultural land),AG.LND.IRIG.AG.ZS,China,CHN,..,..,..,..,..,..,..,..,..,..,..
Agricultural irrigated land (% of total agricultural land),AG.LND.IRIG.AG.ZS,Colombia,COL,..,..,..,..,..,..,..,..,..,..,..
Agricultural irrigated land (% of total agricultural land),AG.LND.IRIG.AG.ZS,Comoros,COM,..,..,..,..,..,..,..,..,..,..,..
Agricultural irrigated land (% of total agricultural land),AG.LND.IRIG.AG.ZS,"Congo, Dem. Rep.",COD,..,..,..,..,..,..,..,..,..,..,..
Agricultural irrigated land (% of total agricultural land),AG.LND.IRIG.AG.ZS,"Congo, Rep.",COG,..,..,..,..,..,..,..,..,..,..,..
Agricultural irrigated land (% of total agricultural land),AG.LND.IRIG.AG.ZS,Costa Rica,CRI,..,..,..,..,..,..,..,..,..,..,..
Agricultural irrigated land (% of total agricultural land),AG.LND.IRIG.AG.ZS,Cote d'Ivoire,CIV,..,..,..,..,..,..,..,..,..,..,..
Agricultural irrigated land (% of total agricultural land),AG.LND.IRIG.AG.ZS,Croatia,HRV,..,..,1.01552393272962,..,..,..,1.13621262458472,1.15853658536585,1.17403314917127,1.61507402422611,..
Agricultural irrigated land (% of total agricultural land),AG.LND.IRIG.AG.ZS,Cuba,CUB,..,..,..,..,..,..,..,..,..,..,..
Agricultural irrigated land (% of total agricultural land),AG.LND.IRIG.AG.ZS,Curacao,CUW,..,..,..,..,..,..,..,..,..,..,..
Agricultural irrigated land (% of total agricultural land),AG.LND.IRIG.AG.ZS,Cyprus,CYP,21.2883097816113,19.9715819387433,21.4772831154585,20.0420029649152,19.0083724118873,20.7590617928578,21.0405960140386,21.4501222387327,20.5717151209807,19.0224835906146,..
Agricultural irrigated land (% of total agricultural land),AG.LND.IRIG.AG.ZS,Czechia,CZE,0.511945392491468,0.515168860904407,0.716743119266055,0.710025560920193,0.709622480840193,0.709489766177715,0.624313432585926,0.623803578506073,0.623154789100343,0.670379870609385,..
Agricultural irrigated land (% of total agricultural land),AG.LND.IRIG.AG.ZS,Denmark,DNK,..,5.54311308064584,8.30444554493162,8.20887014023486,8.69895536562203,11.652859044199,9.00767828237316,9.01451489686784,9.22256097560976,6.86760778328882,..
Agricultural irrigated land (% of total agricultural land),AG.LND.IRIG.AG.ZS,Djibouti,DJI,..,..,..,..,..,..,..,..,..,..,..
Agricultural irrigated land (% of total agricultural land),AG.LND.IRIG.AG.ZS,Dominica,DMA,..,..,..,..,..,..,..,..,..,..,..
Agricultural irrigated land (% of total agricultural land),AG.LND.IRIG.AG.ZS,Dominican Republic,DOM,10.1624024380542,10.7265582143867,10.8798482125376,11.2692200063901,11.5588421282869,11.5133823365552,11.8163371646683,11.7968718021273,11.304370751496,11.1697966898345,..
Agricultural irrigated land (% of total agricultural land),AG.LND.IRIG.AG.ZS,Ecuador,ECU,16.6392694063927,15.6676455346347,16.2799129804206,17.2808586762075,15.8957415565345,17.4484052532833,18.450184501845,18.8665447897623,23.4106207928197,21.1214953271028,..
Agricultural irrigated land (% of total agricultural land),AG.LND.IRIG.AG.ZS,"Egypt, Arab Rep.",EGY,..,..,..,..,..,..,..,..,..,..,..
Agricultural irrigated land (% of total agricultural land),AG.LND.IRIG.AG.ZS,El Salvador,SLV,1.76247735134245,..,1.86969771847459,..,1.86501630843857,2.12427866521703,2.29154470184829,2.01028686125282,2.01028686125282,2.01028686125282,..
Agricultural irrigated land (% of total agricultural land),AG.LND.IRIG.AG.ZS,Equatorial Guinea,GNQ,..,..,..,..,..,..,..,..,..,..,..
Agricultural irrigated land (% of total agricultural land),AG.LND.IRIG.AG.ZS,Eritrea,ERI,..,..,..,..,..,..,..,..,..,..,..
Agricultural irrigated land (% of total agricultural land),AG.LND.IRIG.AG.ZS,Estonia,EST,..,..,0.199401794616152,..,..,..,..,..,..,..,..
Agricultural irrigated land (% of total agricultural land),AG.LND.IRIG.AG.ZS,Eswatini,SWZ,..,..,..,..,..,..,..,..,..,..,..
Agricultural irrigated land (% of total agricultural land),AG.LND.IRIG.AG.ZS,Ethiopia,ETH,..,..,..,1.84001614273803,2.08070495739124,..,0.471448509594268,..,..,..,..
Agricultural irrigated land (% of total agricultural land),AG.LND.IRIG.AG.ZS,Faroe Islands,FRO,..,..,..,..,..,..,..,..,..,..,..
Agricultural irrigated land (% of total agricultural land),AG.LND.IRIG.AG.ZS,Fiji,FJI,..,..,..,..,..,..,..,..,..,..,..
Agricultural irrigated land (% of total agricultural land),AG.LND.IRIG.AG.ZS,Finland,FIN,0.396982929734021,0.351895838831706,0.351648351648352,..,..,..,..,..,..,..,..
Agricultural irrigated land (% of total agricultural land),AG.LND.IRIG.AG.ZS,France,FRA,..,..,..,..,..,..,6.4253566389628,..,..,..,..
Agricultural irrigated land (% of total agricultural land),AG.LND.IRIG.AG.ZS,French Polynesia,PYF,..,..,..,..,..,..,..,..,..,..,..
Agricultural irrigated land (% of total agricultural land),AG.LND.IRIG.AG.ZS,Gabon,GAB,..,..,..,..,..,..,..,..,..,..,..
Agricultural irrigated land (% of total agricultural land),AG.LND.IRIG.AG.ZS,"Gambia, The",GMB,..,..,..,..,..,..,..,..,..,..,..
Agricultural irrigated land (% of total agricultural land),AG.LND.IRIG.AG.ZS,Georgia,GEO,..,..,..,..,..,..,..,..,..,..,..
Agricultural irrigated land (% of total agricultural land),AG.LND.IRIG.AG.ZS,Germany,DEU,..,..,2.71204754186926,..,..,..,3.05212413377523,..,..,..,..
Agricultural irrigated land (% of total agricultural land),AG.LND.IRIG.AG.ZS,Ghana,GHA,0.29091720602986,..,..,..,..,..,..,..,..,..,..
Agricultural irrigated land (% of total agricultural land),AG.LND.IRIG.AG.ZS,Gibraltar,GIB,..,..,..,..,..,..,..,..,..,..,..
Agricultural irrigated land (% of total agricultural land),AG.LND.IRIG.AG.ZS,Greece,GRC,20.2386711820674,19.9064365220197,19.6870925684485,20.4361107139147,20.6583539411811,20.2151294889448,21.5464951173497,21.3427492773632,22.2555567638699,22.2555563495847,..
Agricultural irrigated land (% of total agricultural land),AG.LND.IRIG.AG.ZS,Greenland,GRL,..,..,..,..,..,..,..,..,..,..,..
Agricultural irrigated land (% of total agricultural land),AG.LND.IRIG.AG.ZS,Grenada,GRD,..,..,..,..,..,..,..,..,..,..,..
Agricultural irrigated land (% of total agricultural land),AG.LND.IRIG.AG.ZS,Guam,GUM,..,..,..,..,..,..,..,..,..,..,..
Agricultural irrigated land (% of total agricultural land),AG.LND.IRIG.AG.ZS,Guatemala,GTM,..,..,..,..,..,..,..,..,..,..,..
Agricultural irrigated land (% of total agricultural land),AG.LND.IRIG.AG.ZS,Guinea,GIN,..,..,..,0.573996293689601,..,..,..,..,..,..,..
Agricultural irrigated land (% of total agricultural land),AG.LND.IRIG.AG.ZS,Guinea-Bissau,GNB,..,..,..,..,..,..,..,..,..,..,..
Agricultural irrigated land (% of total agricultural land),AG.LND.IRIG.AG.ZS,Guyana,GUY,..,..,..,..,..,..,..,..,..,..,..
Agricultural irrigated land (% of total agricultural land),AG.LND.IRIG.AG.ZS,Haiti,HTI,..,..,..,..,..,..,..,..,..,..,..
Agricultural irrigated land (% of total agricultural land),AG.LND.IRIG.AG.ZS,Honduras,HND,..,..,..,..,..,..,..,..,..,..,..
Agricultural irrigated land (% of total agricultural land),AG.LND.IRIG.AG.ZS,"Hong Kong SAR, China",HKG,..,..,..,..,..,..,..,..,..,..,..
Agricultural irrigated land (% of total agricultural land),AG.LND.IRIG.AG.ZS,Hungary,HUN,1.88677811550152,2.36132218844985,1.84967815221507,1.91212521214407,1.82871978851964,1.91544145509663,2.27491250891914,2.19097586635305,2.6226494342409,2.34471614067628,..
Agricultural irrigated land (% of total agricultural land),AG.LND.IRIG.AG.ZS,Iceland,ISL,..,..,..,..,0.00267094017094017,0.00267094017094017,0.00267094017094017,0.00267094017094017,0.00267094017094017,0.00305250305250305,..
Agricultural irrigated land (% of total agricultural land),AG.LND.IRIG.AG.ZS,India,IND,37.899492566545,38.0592736886044,37.4767510496831,38.3008993728938,38.7893878827129,39.9642547962803,42.2656390034056,42.9821498809773,43.6985457569589,44.4148265955838,..
Agricultural irrigated land (% of total agricultural land),AG.LND.IRIG.AG.ZS,Indonesia,IDN,..,..,..,..,..,..,..,..,..,..,..
Agricultural irrigated land (% of total agricultural land),AG.LND.IRIG.AG.ZS,"Iran, Islamic Rep.",IRN,16.5804935370153,16.5804935370153,16.5796231013622,..,16.9924331237344,16.9660338809909,16.9516033001616,16.937557099454,16.937557099454,16.937557099454,..
Agricultural irrigated land (% of total agricultural land),AG.LND.IRIG.AG.ZS,Iraq,IRQ,..,..,..,..,..,..,..,..,..,..,..
Agricultural irrigated land (% of total agricultural land),AG.LND.IRIG.AG.ZS,Ireland,IRL,..,..,..,..,..,..,..,..,..,..,..
Agricultural irrigated land (% of total agricultural land),AG.LND.IRIG.AG.ZS,Isle of Man,IMN,..,..,..,..,..,..,..,..,..,..,..
Agricultural irrigated land (% of total agricultural land),AG.LND.IRIG.AG.ZS,Israel,ISR,38.4787055979171,38.73384528938,55.4347826086957,37.2049689440994,34.0714174333385,33.5996240601504,39.8486526393503,37.3654916512059,36.0456416011972,36.1058319359046,..
Agricultural irrigated land (% of total agricultural land),AG.LND.IRIG.AG.ZS,Italy,ITA,..,..,19.926631283172,..,..,..,20.6256884881977,19.7209861018729,..,..,..
Agricultural irrigated land (% of total agricultural land),AG.LND.IRIG.AG.ZS,Jamaica,JAM,..,..,..,..,..,..,..,..,..,..,..
Agricultural irrigated land (% of total agricultural land),AG.LND.IRIG.AG.ZS,Japan,JPN,32.299794661191,..,..,..,..,..,..,..,..,..,..
Agricultural irrigated land (% of total agricultural land),AG.LND.IRIG.AG.ZS,Jordan,JOR,9.86842105263158,9.79835274069866,10.0003752486022,8.58987090367428,8.25993345077315,7.72407139411481,8.09718172983479,8.75855327468231,8.38926174496644,9.0625,..
Agricultural irrigated land (% of total agricultural land),AG.LND.IRIG.AG.ZS,Kazakhstan,KAZ,0.785011397633019,0.79635734258394,0.809324363757104,0.821132055924301,0.817687414279373,0.83159519624553,0.830916015562981,0.830464232025938,0.830464232025938,0.830464232025938,..
Agricultural irrigated land (% of total agricultural land),AG.LND.IRIG.AG.ZS,Kenya,KEN,..,..,..,..,..,..,..,..,..,0.964591098240982,..
Agricultural irrigated land (% of total agricultural land),AG.LND.IRIG.AG.ZS,Kiribati,KIR,..,..,..,..,..,..,..,..,..,..,..
Agricultural irrigated land (% of total agricultural land),AG.LND.IRIG.AG.ZS,"Korea, Dem. People's Rep.",PRK,..,..,..,..,..,..,..,..,..,..,..
Agricultural irrigated land (% of total agricultural land),AG.LND.IRIG.AG.ZS,"Korea, Rep.",KOR,..,..,..,..,..,..,..,..,..,..,..
Agricultural irrigated land (% of total agricultural land),AG.LND.IRIG.AG.ZS,Kosovo,XKX,..,..,..,..,..,..,..,..,..,..,..
Agricultural irrigated land (% of total agricultural land),AG.LND.IRIG.AG.ZS,Kuwait,KWT,..,..,..,..,..,..,..,..,..,..,..
Agricultural irrigated land (% of total agricultural land),AG.LND.IRIG.AG.ZS,Kyrgyz Republic,KGZ,9.50166238834528,9.50341979121275,9.5208279970781,9.52362880807583,9.68006325452231,9.68519733034991,9.68672235189722,9.68831093661068,9.47492085360157,9.69316653479867,..
Agricultural irrigated land (% of total agricultural land),AG.LND.IRIG.AG.ZS,Lao PDR,LAO,11.4359919571046,..,..,18.6048482793694,18.898827485128,19.487825356843,19.9732777752616,19.9506876583424,19.5145588105142,19.2807799930045,..
Agricultural irrigated land (% of total agricultural land),AG.LND.IRIG.AG.ZS,Latvia,LVA,..,..,0.0310719834282755,..,..,..,..,..,..,..,..
Agricultural irrigated land (% of total agricultural land),AG.LND.IRIG.AG.ZS,Lebanon,LBN,..,..,..,..,..,..,..,..,..,..,..
Agricultural irrigated land (% of total agricultural land),AG.LND.IRIG.AG.ZS,Lesotho,LSO,..,..,..,..,..,..,..,..,..,..,..
Agricultural irrigated land (% of total agricultural land),AG.LND.IRIG.AG.ZS,Liberia,LBR,..,..,..,..,..,..,..,..,..,..,..
Agricultural irrigated land (% of total agricultural land),AG.LND.IRIG.AG.ZS,Libya,LBY,..,..,..,..,..,..,..,..,..,..,..
Agricultural irrigated land (% of total agricultural land),AG.LND.IRIG.AG.ZS,Liechtenstein,LIE,..,..,..,..,..,..,..,..,..,..,..
Agricultural irrigated land (% of total agricultural land),AG.LND.IRIG.AG.ZS,Lithuania,LTU,..,..,0.0710924540438065,..,..,..,0.207183634633682,..,..,..,..
Agricultural irrigated land (% of total agricultural land),AG.LND.IRIG.AG.ZS,Luxembourg,LUX,..,..,..,..,..,..,..,..,..,0.275567639261283,..
Agricultural irrigated land (% of total agricultural land),AG.LND.IRIG.AG.ZS,"Macao SAR, China",MAC,..,..,..,..,..,..,..,..,..,..,..
Agricultural irrigated land (% of total agricultural land),AG.LND.IRIG.AG.ZS,Madagascar,MDG,..,..,..,..,..,..,..,..,..,..,..
Agricultural irrigated land (% of total agricultural land),AG.LND.IRIG.AG.ZS,Malawi,MWI,..,..,..,..,..,..,..,..,..,..,..
Agricultural irrigated land (% of total agricultural land),AG.LND.IRIG.AG.ZS,Malaysia,MYS,5.47657312399555,5.15754430878988,5.15692451289231,5.15692451289231,5.15692451289231,5.15692451289231,5.15692451289231,5.15692451289231,5.15692451289231,5.15692451289231,..
Agricultural irrigated land (% of total agricultural land),AG.LND.IRIG.AG.ZS,Maldives,MDV,..,..,..,..,..,..,..,..,..,..,..
Agricultural irrigated land (% of total agricultural land),AG.LND.IRIG.AG.ZS,Mali,MLI,..,..,..,..,..,..,..,..,..,..,..
Agricultural irrigated land (% of total agricultural land),AG.LND.IRIG.AG.ZS,Malta,MLT,36.1681329423265,36.1681329423265,33.718689788054,33.718689788054,33.718689788054,33.718689788054,42.7113062568606,44.4685714285714,44.4685714285714,33.8680496924376,..
Agricultural irrigated land (% of total agricultural land),AG.LND.IRIG.AG.ZS,Marshall Islands,MHL,..,..,..,..,..,..,..,..,..,..,..
Agricultural irrigated land (% of total agricultural land),AG.LND.IRIG.AG.ZS,Mauritania,MRT,..,..,..,..,..,..,..,..,..,..,..
Agricultural irrigated land (% of total agricultural land),AG.LND.IRIG.AG.ZS,Mauritius,MUS,19.7674418604651,19.3023255813953,19.5348837209302,19.1860465116279,20.2325581395349,18.1395348837209,18.3720930232558,17.7906976744186,16.6279069767442,15.7054540970295,..
Agricultural irrigated land (% of total agricultural land),AG.LND.IRIG.AG.ZS,Mexico,MEX,5.94341151213189,..,..,..,..,6.28056520924812,6.32398985750658,6.24613726871408,6.31212933494356,6.5807224250307,..
Agricultural irrigated land (% of total agricultural land),AG.LND.IRIG.AG.ZS,"Micronesia, Fed. Sts.",FSM,..,..,..,..,..,..,..,..,..,..,..
Agricultural irrigated land (% of total agricultural land),AG.LND.IRIG.AG.ZS,Moldova,MDA,9.84449244060475,9.83175150992235,9.83217567625868,9.83472144305873,9.84449071817819,9.81605942695437,8.72202662781757,8.66747671121912,8.72210953346856,8.72950819672131,..
Agricultural irrigated land (% of total agricultural land),AG.LND.IRIG.AG.ZS,Monaco,MCO,..,..,..,..,..,..,..,..,..,..,..
Agricultural irrigated land (% of total agricultural land),AG.LND.IRIG.AG.ZS,Mongolia,MNG,..,0.0397661853873169,0.0314369070521612,0.0317272332204578,0.032177585006127,0.041800367454393,0.0535198803316101,0.0395838555492778,0.0714285714285714,0.0472112220514459,..
Agricultural irrigated land (% of total agricultural land),AG.LND.IRIG.AG.ZS,Montenegro,MNE,..,..,..,..,..,..,..,..,..,..,..
Agricultural irrigated land (% of total agricultural land),AG.LND.IRIG.AG.ZS,Morocco,MAR,5.17902434970498,5.37537857356808,5.41635627530364,5.7091693046894,5.58609306816299,5.95875166026963,..,..,..,..,..
Agricultural irrigated land (% of total agricultural land),AG.LND.IRIG.AG.ZS,Mozambique,MOZ,..,..,..,..,..,..,..,..,..,..,..
Agricultural irrigated land (% of total agricultural land),AG.LND.IRIG.AG.ZS,Myanmar,MMR,..,..,11.0100235109718,12.4793160507446,12.6307253295388,12.7432701049355,13.2049306625578,..,..,..,..
Agricultural irrigated land (% of total agricultural land),AG.LND.IRIG.AG.ZS,Namibia,NAM,..,..,..,..,..,..,..,..,..,..,..
Agricultural irrigated land (% of total agricultural land),AG.LND.IRIG.AG.ZS,Nauru,NRU,..,..,..,..,..,..,..,..,..,..,..
Agricultural irrigated land (% of total agricultural land),AG.LND.IRIG.AG.ZS,Nepal,NPL,..,..,..,..,..,..,..,..,32.287354787021,32.2908041986058,..
Agricultural irrigated land (% of total agricultural land),AG.LND.IRIG.AG.ZS,Netherlands,NLD,..,..,11.0743801652893,..,13.9989029072957,16.3419198590929,..,..,..,21.5751525235718,..
Agricultural irrigated land (% of total agricultural land),AG.LND.IRIG.AG.ZS,New Caledonia,NCL,..,..,..,..,..,..,..,..,..,..,..
Agricultural irrigated land (% of total agricultural land),AG.LND.IRIG.AG.ZS,New Zealand,NZL,6.29722921914358,..,..,..,..,..,..,..,..,..,..
Agricultural irrigated land (% of total agricultural land),AG.LND.IRIG.AG.ZS,Nicaragua,NIC,..,..,..,..,..,..,..,..,..,..,..
Agricultural irrigated land (% of total agricultural land),AG.LND.IRIG.AG.ZS,Niger,NER,..,..,..,0.340879922738491,0.392463139821869,0.443256143363022,0.572131671734871,0.577494983744112,0.618213656486928,0.618221616575641,..
Agricultural irrigated land (% of total agricultural land),AG.LND.IRIG.AG.ZS,Nigeria,NGA,..,..,..,0.32317113096099,..,..,..,..,..,..,..
Agricultural irrigated land (% of total agricultural land),AG.LND.IRIG.AG.ZS,North Macedonia,MKD,..,..,6.67462450592885,..,..,..,..,..,..,..,..
Agricultural irrigated land (% of total agricultural land),AG.LND.IRIG.AG.ZS,Northern Mariana Islands,MNP,..,..,..,..,..,..,..,..,..,..,..
Agricultural irrigated land (% of total agricultural land),AG.LND.IRIG.AG.ZS,Norway,NOR,..,..,3.42597703883757,..,..,..,..,..,..,..,..
Agricultural irrigated land (% of total agricultural land),AG.LND.IRIG.AG.ZS,Oman,OMN,4.84293562473588,5.77196652719665,5.88718662952646,6.95558680009925,6.49809101440136,6.43640027692287,7.34099648372437,7.3044972787167,7.3044972787167,7.27715002072391,..
Agricultural irrigated land (% of total agricultural land),AG.LND.IRIG.AG.ZS,Pakistan,PAK,51.2799293832064,51.7374730677863,50.5544382236234,49.239250871551,50.4153925256407,50.5320615316756,52.7363455403158,54.0623091020159,54.0239797479623,54.1741908598416,..
Agricultural irrigated land (% of total agricultural land),AG.LND.IRIG.AG.ZS,Palau,PLW,..,..,..,..,..,..,..,..,..,..,..
Agricultural irrigated land (% of total agricultural land),AG.LND.IRIG.AG.ZS,Panama,PAN,..,..,..,..,..,2.03060009161704,1.87507474357205,1.89569049142811,1.80844957814457,1.80130633979648,..
Agricultural irrigated land (% of total agricultural land),AG.LND.IRIG.AG.ZS,Papua New Guinea,PNG,..,..,..,..,..,..,..,..,..,..,..
Agricultural irrigated land (% of total agricultural land),AG.LND.IRIG.AG.ZS,Paraguay,PRY,..,..,..,..,..,..,..,..,0.483184766882905,0.483184766882905,..
Agricultural irrigated land (% of total agricultural land),AG.LND.IRIG.AG.ZS,Peru,PER,..,..,..,..,..,..,..,..,..,..,..
Agricultural irrigated land (% of total agricultural land),AG.LND.IRIG.AG.ZS,Philippines,PHL,..,..,..,..,..,..,..,..,..,..,..
Agricultural irrigated land (% of total agricultural land),AG.LND.IRIG.AG.ZS,Poland,POL,..,..,0.923194657019619,..,..,..,..,..,..,0.871056241426612,..
Agricultural irrigated land (% of total agricultural land),AG.LND.IRIG.AG.ZS,Portugal,PRT,..,..,13.0990900876754,13.7416151085177,14.3307589596513,14.333058137529,14.4403614172033,14.5316572173883,14.8112606455884,14.7443285129569,..
Agricultural irrigated land (% of total agricultural land),AG.LND.IRIG.AG.ZS,Puerto Rico (US),PRI,..,..,..,..,..,..,..,..,..,..,..
Agricultural irrigated land (% of total agricultural land),AG.LND.IRIG.AG.ZS,Qatar,QAT,..,15.4929577464789,15.4929577464789,15.2777777777778,14.8648648648649,16.2162162162162,17.5675675675676,17.5675675675676,17.5675675675676,17.5675675675676,..
Agricultural irrigated land (% of total agricultural land),AG.LND.IRIG.AG.ZS,Romania,ROU,1.04844540853218,1.24837638908933,1.13157310849789,1.58469128419794,1.99045773072909,2.07579921886301,3.62479883515978,2.63781634681551,4.16469474680549,4.05033425088478,..
Agricultural irrigated land (% of total agricultural land),AG.LND.IRIG.AG.ZS,Russian Federation,RUS,..,..,..,..,..,..,..,..,..,..,..
Agricultural irrigated land (% of total agricultural land),AG.LND.IRIG.AG.ZS,Rwanda,RWA,..,..,..,..,..,..,..,..,..,..,..
Agricultural irrigated land (% of total agricultural land),AG.LND.IRIG.AG.ZS,Samoa,WSM,..,..,..,..,..,..,..,..,..,..,..
Agricultural irrigated land (% of total agricultural land),AG.LND.IRIG.AG.ZS,San Marino,SMR,..,..,..,..,..,..,..,..,..,..,..
Agricultural irrigated land (% of total agricultural land),AG.LND.IRIG.AG.ZS,Sao Tome and Principe,STP,..,..,..,..,..,..,..,..,..,..,..
Agricultural irrigated land (% of total agricultural land),AG.LND.IRIG.AG.ZS,Saudi Arabia,SAU,..,..,..,0.686031848894374,0.52145998773826,0.494052846897604,0.444557727518147,0.409296574597168,0.436251421547004,0.436251421547004,..
Agricultural irrigated land (% of total agricultural land),AG.LND.IRIG.AG.ZS,Senegal,SEN,..,..,..,..,..,..,..,..,..,..,..
Agricultural irrigated land (% of total agricultural land),AG.LND.IRIG.AG.ZS,Serbia,SRB,1.28336755646817,1.58000574547544,1.24421296296296,1.46241591108511,1.3568129330254,1.35838150289017,1.49339460080414,1.49210903873745,1.58547131738253,1.41342756183746,..
Agricultural irrigated land (% of total agricultural land),AG.LND.IRIG.AG.ZS,Seychelles,SYC,..,..,..,..,..,..,..,..,..,..,..
Agricultural irrigated land (% of total agricultural land),AG.LND.IRIG.AG.ZS,Sierra Leone,SLE,..,..,..,..,..,..,..,..,..,..,..
Agricultural irrigated land (% of total agricultural land),AG.LND.IRIG.AG.ZS,Singapore,SGP,..,..,..,..,..,..,..,..,..,..,..
Agricultural irrigated land (% of total agricultural land),AG.LND.IRIG.AG.ZS,Sint Maarten (Dutch part),SXM,..,..,..,..,..,..,..,..,..,..,..
Agricultural irrigated land (% of total agricultural land),AG.LND.IRIG.AG.ZS,Slovak Republic,SVK,0.957976077061501,1.11722969395319,1.1983032873807,1.29856306546035,1.15934356802541,1.07161803713528,1.24269782262347,1.37931034482759,1.4007571660357,1.27671232876712,..
Agricultural irrigated land (% of total agricultural land),AG.LND.IRIG.AG.ZS,Slovenia,SVN,0.3252878797736,0.486625898230304,0.50204055192071,0.520291363163372,0.522875816993464,0.514470503691122,0.648659273698177,0.762734057876129,0.812156143568247,0.664267015706806,..
Agricultural irrigated land (% of total agricultural land),AG.LND.IRIG.AG.ZS,Solomon Islands,SLB,..,..,..,..,..,..,..,..,..,..,..
Agricultural irrigated land (% of total agricultural land),AG.LND.IRIG.AG.ZS,"Somalia, Fed. Rep.",SOM,..,..,..,..,..,..,..,..,..,..,..
Agricultural irrigated land (% of total agricultural land),AG.LND.IRIG.AG.ZS,South Africa,ZAF,..,..,..,..,..,..,..,..,..,..,..
Agricultural irrigated land (% of total agricultural land),AG.LND.IRIG.AG.ZS,South Sudan,SSD,..,..,..,..,..,..,..,..,..,..,..
Agricultural irrigated land (% of total agricultural land),AG.LND.IRIG.AG.ZS,Spain,ESP,14.4028896079464,13.5398566402649,13.7597703468782,13.9335468804013,14.1454194820544,14.7263309927427,14.7677368490214,14.899014377001,14.2564501605842,15.1154163408034,..
Agricultural irrigated land (% of total agricultural land),AG.LND.IRIG.AG.ZS,Sri Lanka,LKA,..,..,..,..,..,..,..,..,..,..,..
Agricultural irrigated land (% of total agricultural land),AG.LND.IRIG.AG.ZS,St. Kitts and Nevis,KNA,..,..,..,..,..,..,..,..,..,..,..
Agricultural irrigated land (% of total agricultural land),AG.LND.IRIG.AG.ZS,St. Lucia,LCA,..,..,..,..,..,..,..,..,..,..,..
Agricultural irrigated land (% of total agricultural land),AG.LND.IRIG.AG.ZS,St. Martin (French part),MAF,..,..,..,..,..,..,..,..,..,..,..
Agricultural irrigated land (% of total agricultural land),AG.LND.IRIG.AG.ZS,St. Vincent and the Grenadines,VCT,..,..,..,..,..,..,..,..,..,..,..
Agricultural irrigated land (% of total agricultural land),AG.LND.IRIG.AG.ZS,Sudan,SDN,..,..,..,0.453899315519832,1.26784715750233,1.3761230195713,1.39049394221808,..,..,..,..
Agricultural irrigated land (% of total agricultural land),AG.LND.IRIG.AG.ZS,Suriname,SUR,72.562358276644,75.8620689655172,75.8620689655172,75,73.8095238095238,75,75,74.3589743589744,..,..,..
Agricultural irrigated land (% of total agricultural land),AG.LND.IRIG.AG.ZS,Sweden,SWE,..,..,1.68822742740622,..,..,..,..,..,..,..,..
Agricultural irrigated land (% of total agricultural land),AG.LND.IRIG.AG.ZS,Switzerland,CHE,..,..,2.1645869014501,..,..,..,3.28865724743582,..,..,2.29202232915276,..
Agricultural irrigated land (% of total agricultural land),AG.LND.IRIG.AG.ZS,Syrian Arab Republic,SYR,..,..,7.21442878571235,6.81535838533693,6.995759640538,7.28284577165641,7.27932602410802,7.93653202674,7.21740408643246,7.21740408643246,..
Agricultural irrigated land (% of total agricultural land),AG.LND.IRIG.AG.ZS,Tajikistan,TJK,21.9647273900419,21.7408659091514,14.7976513336317,14.6055131842674,14.6448399315104,14.7127329192547,14.7306288347529,14.7401991288115,14.581515322622,14.6473045092428,..
Agricultural irrigated land (% of total agricultural land),AG.LND.IRIG.AG.ZS,Tanzania,TZA,..,..,..,..,..,..,..,..,..,..,..
Agricultural irrigated land (% of total agricultural land),AG.LND.IRIG.AG.ZS,Thailand,THA,..,..,..,..,..,..,..,..,..,..,..
Agricultural irrigated land (% of total agricultural land),AG.LND.IRIG.AG.ZS,Timor-Leste,TLS,..,..,..,..,..,..,..,..,..,..,..
Agricultural irrigated land (% of total agricultural land),AG.LND.IRIG.AG.ZS,Togo,TGO,..,..,..,..,..,..,..,..,..,..,..
Agricultural irrigated land (% of total agricultural land),AG.LND.IRIG.AG.ZS,Tonga,TON,..,..,..,..,..,..,..,..,..,..,..
Agricultural irrigated land (% of total agricultural land),AG.LND.IRIG.AG.ZS,Trinidad and Tobago,TTO,..,..,..,..,..,..,..,..,..,..,..
Agricultural irrigated land (% of total agricultural land),AG.LND.IRIG.AG.ZS,Tunisia,TUN,..,..,..,..,..,..,..,..,..,..,..
Agricultural irrigated land (% of total agricultural land),AG.LND.IRIG.AG.ZS,Turkiye,TUR,9.14561394407844,9.31493346476097,10.0918388645377,10.2755241808029,10.1714195016137,10.8574610244989,11.6995921826174,11.9798366982593,12.1269577413574,12.4676065097958,..
Agricultural irrigated land (% of total agricultural land),AG.LND.IRIG.AG.ZS,Turkmenistan,TKM,..,..,..,..,..,4.0539520370417,4.09470338503197,4.12565466108627,4.14226499523082,4.15859834411229,..
Agricultural irrigated land (% of total agricultural land),AG.LND.IRIG.AG.ZS,Turks and Caicos Islands,TCA,..,..,..,..,..,..,..,..,..,..,..
Agricultural irrigated land (% of total agricultural land),AG.LND.IRIG.AG.ZS,Tuvalu,TUV,..,..,..,..,..,..,..,..,..,..,..
Agricultural irrigated land (% of total agricultural land),AG.LND.IRIG.AG.ZS,Uganda,UGA,..,..,..,..,..,..,..,..,..,..,..
Agricultural irrigated land (% of total agricultural land),AG.LND.IRIG.AG.ZS,Ukraine,UKR,0.7467900074679,0.756480678423436,0.792484644104541,0.899033478753405,0.965423794430061,0.987630413207136,1.05298830819878,1.06993294764106,0.242066277746847,0.239645614969379,..
Agricultural irrigated land (% of total agricultural land),AG.LND.IRIG.AG.ZS,United Arab Emirates,ARE,21.5686274509804,21.6300940438871,21.8342886920271,21.8342886920271,21.9148657498363,23.6577868852459,23.5556695741406,23.9962304772047,23.9962304772047,23.9875191375522,..
Agricultural irrigated land (% of total agricultural land),AG.LND.IRIG.AG.ZS,United Kingdom,GBR,..,..,..,..,0.413905093911878,..,..,..,..,..,..
Agricultural irrigated land (% of total agricultural land),AG.LND.IRIG.AG.ZS,United States,USA,..,..,..,5.49528625992559,..,..,..,..,..,5.10106306843818,..
Agricultural irrigated land (% of total agricultural land),AG.LND.IRIG.AG.ZS,Uruguay,URY,..,..,1.56323386118764,1.56789403005013,1.57144065168983,..,..,..,..,..,..
Agricultural irrigated land (% of total agricultural land),AG.LND.IRIG.AG.ZS,Uzbekistan,UZB,..,14.3529826209488,14.3417483177208,14.6327134867545,14.6322731315854,14.5926676658071,14.5312956293196,14.5247678139086,14.4766968062401,14.5825189586428,..
Agricultural irrigated land (% of total agricultural land),AG.LND.IRIG.AG.ZS,Vanuatu,VUT,..,..,..,..,..,..,..,..,..,..,..
Agricultural irrigated land (% of total agricultural land),AG.LND.IRIG.AG.ZS,"Venezuela, RB",VEN,..,..,..,..,..,..,..,..,..,..,..
Agricultural irrigated land (% of total agricultural land),AG.LND.IRIG.AG.ZS,Viet Nam,VNM,..,..,..,..,..,..,..,..,..,..,..
Agricultural irrigated land (% of total agricultural land),AG.LND.IRIG.AG.ZS,Virgin Islands (U.S.),VIR,..,..,..,..,..,..,..,..,..,..,..
Agricultural irrigated land (% of total agricultural land),AG.LND.IRIG.AG.ZS,West Bank and Gaza,PSE,..,..,..,..,..,..,..,..,..,..,..
Agricultural irrigated land (% of total agricultural land),AG.LND.IRIG.AG.ZS,"Yemen, Rep.",YEM,..,..,..,..,..,..,..,..,..,..,..
Agricultural irrigated land (% of total agricultural land),AG.LND.IRIG.AG.ZS,Zambia,ZMB,..,..,..,..,..,..,..,..,..,..,..
Agricultural irrigated land (% of total agricultural land),AG.LND.IRIG.AG.ZS,Zimbabwe,ZWE,..,..,..,..,..,..,..,..,..,..,..
Agricultural irrigated land (% of total agricultural land),AG.LND.IRIG.AG.ZS,Africa Eastern and Southern,AFE,..,..,..,..,..,..,..,..,..,..,..
Agricultural irrigated land (% of total agricultural land),AG.LND.IRIG.AG.ZS,Africa Western and Central,AFW,..,..,..,..,..,..,..,..,..,..,..
Agricultural irrigated land (% of total agricultural land),AG.LND.IRIG.AG.ZS,Arab World,ARB,..,..,..,..,..,..,..,..,..,..,..
Agricultural irrigated land (% of total agricultural land),AG.LND.IRIG.AG.ZS,Caribbean small states,CSS,..,..,..,..,..,..,..,..,..,..,..
Agricultural irrigated land (% of total agricultural land),AG.LND.IRIG.AG.ZS,Central Europe and the Baltics,CEB,..,..,..,..,..,..,..,..,..,..,..
Agricultural irrigated land (% of total agricultural land),AG.LND.IRIG.AG.ZS,Early-demographic dividend,EAR,..,..,..,..,..,..,..,..,..,..,..
Agricultural irrigated land (% of total agricultural land),AG.LND.IRIG.AG.ZS,East Asia & Pacific,EAS,..,..,..,..,..,..,..,..,..,..,..
Agricultural irrigated land (% of total agricultural land),AG.LND.IRIG.AG.ZS,East Asia & Pacific (excluding high income),EAP,..,..,..,..,..,..,..,..,..,..,..
Agricultural irrigated land (% of total agricultural land),AG.LND.IRIG.AG.ZS,East Asia & Pacific (IDA & IBRD countries),TEA,..,..,..,..,..,..,..,..,..,..,..
Agricultural irrigated land (% of total agricultural land),AG.LND.IRIG.AG.ZS,Euro area,EMU,..,..,..,..,..,..,..,..,..,..,..
Agricultural irrigated land (% of total agricultural land),AG.LND.IRIG.AG.ZS,Europe & Central Asia,ECS,..,..,..,..,..,..,..,..,..,..,..
Agricultural irrigated land (% of total agricultural land),AG.LND.IRIG.AG.ZS,Europe & Central Asia (excluding high income),ECA,..,..,..,..,..,..,..,..,..,..,..
Agricultural irrigated land (% of total agricultural land),AG.LND.IRIG.AG.ZS,Europe & Central Asia (IDA & IBRD countries),TEC,..,..,..,..,..,..,..,..,..,..,..
Agricultural irrigated land (% of total agricultural land),AG.LND.IRIG.AG.ZS,European Union,EUU,..,..,..,..,..,..,..,..,..,..,..
Agricultural irrigated land (% of total agricultural land),AG.LND.IRIG.AG.ZS,Fragile and conflict affected situations,FCS,..,..,..,..,..,..,..,..,..,..,..
Agricultural irrigated land (% of total agricultural land),AG.LND.IRIG.AG.ZS,Heavily indebted poor countries (HIPC),HPC,..,..,..,..,..,..,..,..,..,..,..
Agricultural irrigated land (% of total agricultural land),AG.LND.IRIG.AG.ZS,High income,HIC,..,..,..,..,..,..,..,..,..,..,..
Agricultural irrigated land (% of total agricultural land),AG.LND.IRIG.AG.ZS,IBRD only,IBD,..,..,..,..,..,..,..,..,..,..,..
Agricultural irrigated land (% of total agricultural land),AG.LND.IRIG.AG.ZS,IDA & IBRD total,IBT,..,..,..,..,..,..,..,..,..,..,..
Agricultural irrigated land (% of total agricultural land),AG.LND.IRIG.AG.ZS,IDA blend,IDB,..,..,..,..,..,..,..,..,..,..,..
Agricultural irrigated land (% of total agricultural land),AG.LND.IRIG.AG.ZS,IDA only,IDX,..,..,..,..,..,..,..,..,..,..,..
Agricultural irrigated land (% of total agricultural land),AG.LND.IRIG.AG.ZS,IDA total,IDA,..,..,..,..,..,..,..,..,..,..,..
Agricultural irrigated land (% of total agricultural land),AG.LND.IRIG.AG.ZS,Late-demographic dividend,LTE,..,..,..,..,..,..,..,..,..,..,..
Agricultural irrigated land (% of total agricultural land),AG.LND.IRIG.AG.ZS,Latin America & Caribbean,LCN,..,..,..,..,..,..,..,..,..,..,..
Agricultural irrigated land (% of total agricultural land),AG.LND.IRIG.AG.ZS,Latin America & Caribbean (excluding high income),LAC,..,..,..,..,..,..,..,..,..,..,..
Agricultural irrigated land (% of total agricultural land),AG.LND.IRIG.AG.ZS,Latin America & the Caribbean (IDA & IBRD countries),TLA,..,..,..,..,..,..,..,..,..,..,..
Agricultural irrigated land (% of total agricultural land),AG.LND.IRIG.AG.ZS,Least developed countries: UN classification,LDC,..,..,..,..,..,..,..,..,..,..,..
Agricultural irrigated land (% of total agricultural land),AG.LND.IRIG.AG.ZS,Low & middle income,LMY,..,..,..,..,..,..,..,..,..,..,..
Agricultural irrigated land (% of total agricultural land),AG.LND.IRIG.AG.ZS,Low income,LIC,..,..,..,..,..,..,..,..,..,..,..
Agricultural irrigated land (% of total agricultural land),AG.LND.IRIG.AG.ZS,Lower middle income,LMC,..,..,..,..,..,..,..,..,..,..,..
Agricultural irrigated land (% of total agricultural land),AG.LND.IRIG.AG.ZS,"Middle East, North Africa, Afghanistan & Pakistan",MEA,..,..,..,..,..,..,..,..,..,..,..
Agricultural irrigated land (% of total agricultural land),AG.LND.IRIG.AG.ZS,"Middle East, North Africa, Afghanistan & Pakistan (excluding high income)",MNA,..,..,..,..,..,..,..,..,..,..,..
Agricultural irrigated land (% of total agricultural land),AG.LND.IRIG.AG.ZS,"Middle East, North Africa, Afghanistan & Pakistan (IDA & IBRD)",TMN,..,..,..,..,..,..,..,..,..,..,..
Agricultural irrigated land (% of total agricultural land),AG.LND.IRIG.AG.ZS,Middle income,MIC,..,..,..,..,..,..,..,..,..,..,..
Agricultural irrigated land (% of total agricultural land),AG.LND.IRIG.AG.ZS,North America,NAC,..,..,..,..,..,..,..,..,..,..,..
Agricultural irrigated land (% of total agricultural land),AG.LND.IRIG.AG.ZS,Not classified,INX,..,..,..,..,..,..,..,..,..,..,..
Agricultural irrigated land (% of total agricultural land),AG.LND.IRIG.AG.ZS,OECD members,OED,..,..,..,..,..,..,..,..,..,..,..
Agricultural irrigated land (% of total agricultural land),AG.LND.IRIG.AG.ZS,Other small states,OSS,..,..,..,..,..,..,..,..,..,..,..
Agricultural irrigated land (% of total agricultural land),AG.LND.IRIG.AG.ZS,Pacific island small states,PSS,..,..,..,..,..,..,..,..,..,..,..
Agricultural irrigated land (% of total agricultural land),AG.LND.IRIG.AG.ZS,Post-demographic dividend,PST,..,..,..,..,..,..,..,..,..,..,..
Agricultural irrigated land (% of total agricultural land),AG.LND.IRIG.AG.ZS,Pre-demographic dividend,PRE,..,..,..,..,..,..,..,..,..,..,..
Agricultural irrigated land (% of total agricultural land),AG.LND.IRIG.AG.ZS,Small states,SST,..,..,..,..,..,..,..,..,..,..,..
Agricultural irrigated land (% of total agricultural land),AG.LND.IRIG.AG.ZS,South Asia,SAS,..,..,..,..,..,..,..,..,..,..,..
Agricultural irrigated land (% of total agricultural land),AG.LND.IRIG.AG.ZS,South Asia (IDA & IBRD),TSA,..,..,..,..,..,..,..,..,..,..,..
Agricultural irrigated land (% of total agricultural land),AG.LND.IRIG.AG.ZS,Sub-Saharan Africa,SSF,..,..,..,..,..,..,..,..,..,..,..
Agricultural irrigated land (% of total agricultural land),AG.LND.IRIG.AG.ZS,Sub-Saharan Africa (excluding high income),SSA,..,..,..,..,..,..,..,..,..,..,..
Agricultural irrigated land (% of total agricultural land),AG.LND.IRIG.AG.ZS,Sub-Saharan Africa (IDA & IBRD countries),TSS,..,..,..,..,..,..,..,..,..,..,..
Agricultural irrigated land (% of total agricultural land),AG.LND.IRIG.AG.ZS,Upper middle income,UMC,..,..,..,..,..,..,..,..,..,..,..
Agricultural irrigated land (% of total agricultural land),AG.LND.IRIG.AG.ZS,World,WLD,..,..,..,..,..,..,..,..,..,..,..
Capture fisheries production (metric tons),ER.FSH.CAPT.MT,Afghanistan,AFG,1600,1750,1900,2000,2050,2100,2000,1800,2000,2000,..
Capture fisheries production (metric tons),ER.FSH.CAPT.MT,Albania,ALB,8705.05,7855.1,7862.09,8563.2,8630.3,8712.5,7810.5,9843.5,8891.5,10011,..
Capture fisheries production (metric tons),ER.FSH.CAPT.MT,Algeria,DZA,97683.17,95798.89,100004.88,103875.291,115058,100553.083,71518.724,79200.005,80790,77110,..
Capture fisheries production (metric tons),ER.FSH.CAPT.MT,American Samoa,ASM,2341.944,2570.546,2203.455,2318.28,2028.332,1435.01,946.395,1196.859,1387.767,1209.031,..
Capture fisheries production (metric tons),ER.FSH.CAPT.MT,Andorra,AND,0,0,0,0,0,0,0,0,0,0,..
Capture fisheries production (metric tons),ER.FSH.CAPT.MT,Angola,AGO,442084,495232,486490,531575,443066,401013,374730,568544,539289.4,548231.905,..
Capture fisheries production (metric tons),ER.FSH.CAPT.MT,Antigua and Barbuda,ATG,3114,3165,3165,3165,3165,3165,3115,3205,3230,3265,..
Capture fisheries production (metric tons),ER.FSH.CAPT.MT,Argentina,ARG,853436,835850,771152,849268,838209,854642,859922.518,887839.782,885797.718,836232.951,..
Capture fisheries production (metric tons),ER.FSH.CAPT.MT,Armenia,ARM,4795,8140,3758,364,369,710,750,769.999,999.999,1099.999,..
Capture fisheries production (metric tons),ER.FSH.CAPT.MT,Aruba,ABW,152,150,150,149,149,163,160,165,172,170,..
Capture fisheries production (metric tons),ER.FSH.CAPT.MT,Australia,AUS,182084.933,187350.822,206089.485,214253.029,211161.689,204234.515,205638.317,194912.583,203797.213,221915.647,..
Capture fisheries production (metric tons),ER.FSH.CAPT.MT,Austria,AUT,350,350,350,350,350,350,350,350,350,350,..
Capture fisheries production (metric tons),ER.FSH.CAPT.MT,Azerbaijan,AZE,47267.6,48160.8,59421.9,60009,58403.75,59506.6,57781.25,56159.9,56589.65,63038.3,..
Capture fisheries production (metric tons),ER.FSH.CAPT.MT,"Bahamas, The",BHS,11878.22,11307.29,11625,11479.94,10998.694,10145.915,7433.142,8704.851,9345.212,8699.373,..
Capture fisheries production (metric tons),ER.FSH.CAPT.MT,Bahrain,BHR,18384,16500.005,17300.005,18499.993,21071.043,18279.993,17202.011,17000.005,19836.587,17998,..
Capture fisheries production (metric tons),ER.FSH.CAPT.MT,Bangladesh,BGD,1592604,1624237,1675370,1801084,1871225,1896096,1919505,1982483,2027660.999,2062668,..
Capture fisheries production (metric tons),ER.FSH.CAPT.MT,Barbados,BRB,2206.588,1499.876,1736.082,1740.344,1732.046,875.164,1033.833,846.667,855.577,898.573,..
Capture fisheries production (metric tons),ER.FSH.CAPT.MT,Belarus,BLR,766,869,688.3,773.3,800.4,662,939.054,611.231,356,553.803,..
Capture fisheries production (metric tons),ER.FSH.CAPT.MT,Belgium,BEL,26793,24721,26970,24649,23005,21350,19953.8,17937,18710,17986,..
Capture fisheries production (metric tons),ER.FSH.CAPT.MT,Belize,BLZ,76201.203,97524.239,91424.505,120927.059,215374.026,212594.099,185409.895,189804.64,203114.256,197659.508,..
Capture fisheries production (metric tons),ER.FSH.CAPT.MT,Benin,BEN,47583,36477,49806,59418.7,57629.2,69748,66850,69445,63481.953,52100.334,..
Capture fisheries production (metric tons),ER.FSH.CAPT.MT,Bermuda,BMU,417,407,410,380,354,374,358.48,419,392,395,..
Capture fisheries production (metric tons),ER.FSH.CAPT.MT,Bhutan,BTN,5,7,12,16,0,0.5,0.5,1.1,9,9,..
Capture fisheries production (metric tons),ER.FSH.CAPT.MT,Bolivia,BOL,91960,74606,50492,60940,37134,210076,14110,19258,31667.5,16766,..
Capture fisheries production (metric tons),ER.FSH.CAPT.MT,Bosnia and Herzegovina,BIH,305,305,305,305,305,305,305,305,305,305,..
Capture fisheries production (metric tons),ER.FSH.CAPT.MT,Botswana,BWA,5668,4521,938,3238,1638,1998,1583,2045,3694,1041,..
Capture fisheries production (metric tons),ER.FSH.CAPT.MT,Brazil,BRA,778551.416,721874.194,726783.967,744221.009,728673.373,743508.778,735096.922,782007.556,783105,778822,..
Capture fisheries production (metric tons),ER.FSH.CAPT.MT,British Virgin Islands,VGB,1204.884,1200.058,1192,1192,1192,1192,1121,1133.19,1136.518,1126.541,..
Capture fisheries production (metric tons),ER.FSH.CAPT.MT,Brunei Darussalam,BRN,3186,3370,13292,11864,13566,13690.42,13091.04,15295.003,16194.786,17696.02,..
Capture fisheries production (metric tons),ER.FSH.CAPT.MT,Bulgaria,BGR,8687.395,8828.733,8614.223,8559.038,8598.906,10329.65,6295.807,9009.27,5594.378,6703.989,..
Capture fisheries production (metric tons),ER.FSH.CAPT.MT,Burkina Faso,BFA,20700,20750,21770,25208,27299,27803,29104,29731,30044,30278.749,..
Capture fisheries production (metric tons),ER.FSH.CAPT.MT,Burundi,BDI,16054,20120,21805,18999,20310,20372,19589,19550,19935,20120,..
Capture fisheries production (metric tons),ER.FSH.CAPT.MT,Cabo Verde,CPV,35677.683,41240.001,29110.781,18839.68,27136.142,17565.204,19875.373,11623.868,7758.939,8138.314,..
Capture fisheries production (metric tons),ER.FSH.CAPT.MT,Cambodia,KHM,632857,626455.4,635705,653472,659574,601400,535900,508050,527405.003,551950,..
Capture fisheries production (metric tons),ER.FSH.CAPT.MT,Cameroon,CMR,207000,213592,230360,261741,281945,297968.828,213374.002,215227.999,224638.999,229331.999,..
Capture fisheries production (metric tons),ER.FSH.CAPT.MT,Canada,CAN,943870.504,906992.223,949894.44,956666.134,907750.608,879557.383,775001.016,785093.282,745352.999,726618.641,..
Capture fisheries production (metric tons),ER.FSH.CAPT.MT,Cayman Islands,CYM,125,125,125,125,125,125,125,125,125,125,..
Capture fisheries production (metric tons),ER.FSH.CAPT.MT,Central African Republic,CAF,29000,28000,29000,29000,29000,29000,27500,28000,29000,29000,..
Capture fisheries production (metric tons),ER.FSH.CAPT.MT,Chad,TCD,120020,100000,110000,107045,107000,107000,105000,103000,107000,109000,..
Capture fisheries production (metric tons),ER.FSH.CAPT.MT,Channel Islands,CHI,2983,2574,2985,2731,3203,3050,2073.35,2187.51,2290,..,..
Capture fisheries production (metric tons),ER.FSH.CAPT.MT,Chile,CHL,2592748.483,2131693.059,1826602.607,2335016.12,2371683.401,2380300.724,2183235.83,2391196.59,2691064.159,2596488.378,..
Capture fisheries production (metric tons),ER.FSH.CAPT.MT,China,CHN,16363366.411,16647934.689,16019261.578,15576685.312,14831109.111,14169893.454,13445983,13142836.999,13182662.554,13424704.999,..
Capture fisheries production (metric tons),ER.FSH.CAPT.MT,Colombia,COL,832922,599226,440029,401425.5,451255,480411.552,337080.453,440931.867,578916.5,193984.817,..
Capture fisheries production (metric tons),ER.FSH.CAPT.MT,Comoros,COM,9266.399,11762.692,20289.213,17520.848,13772.438,17593.855,20680.516,19202.856,18676.631,13883.302,..
Capture fisheries production (metric tons),ER.FSH.CAPT.MT,"Congo, Dem. Rep.",COD,229612,230726,237372,238000,249895,262390,249275,261740,274385,261800,..
Capture fisheries production (metric tons),ER.FSH.CAPT.MT,"Congo, Rep.",COG,73536,69349,86834,95035,98734,70349.837,70637.352,69419,64134.185,60230.103,..
Capture fisheries production (metric tons),ER.FSH.CAPT.MT,Costa Rica,CRI,14746,14750,11776.618,12498.876,14422.587,17768.968,26679.394,29598.006,33668.683,33935,..
Capture fisheries production (metric tons),ER.FSH.CAPT.MT,Cote d'Ivoire,CIV,74806.818,98559.918,104552.333,95248.74,109087.039,106114.894,68709.198,66575.07,78618.138,78422.472,..
Capture fisheries production (metric tons),ER.FSH.CAPT.MT,Croatia,HRV,80369.888,73972.562,73331.102,69980.623,70571.555,64621.402,71676.516,62449.269,63675.669,56198.405,..
Capture fisheries production (metric tons),ER.FSH.CAPT.MT,Cuba,CUB,25056,25634,23574,21548,22621,18550.1,20186.2,18052.8,14534.5,13415.58,..
Capture fisheries production (metric tons),ER.FSH.CAPT.MT,Curacao,CUW,28495.269,30158.82,35534.3,32624.309,37863.48,29234.137,23069.366,25029.279,8851.026,2250.296,..
Capture fisheries production (metric tons),ER.FSH.CAPT.MT,Cyprus,CYP,1268,1488,1494,1756,1490,1559.205,1343.647,1405.849,1325.592,1223.843,..
Capture fisheries production (metric tons),ER.FSH.CAPT.MT,Czechia,CZE,3812,3841,3507,3557,3650,3721,3729,3314,3381,3369,..
Capture fisheries production (metric tons),ER.FSH.CAPT.MT,Denmark,DNK,745343,868986,670215,904477,789170,638326,732816,466549.075,458396.808,495289.372,..
Capture fisheries production (metric tons),ER.FSH.CAPT.MT,Djibouti,DJI,2298,2012,2220,2022,2102,2270.131,2322.5,3088.9,3070.8,3185.8,..
Capture fisheries production (metric tons),ER.FSH.CAPT.MT,Dominica,DMA,1029,990,809,784,762,860.4,527,287.97,290,369,..
Capture fisheries production (metric tons),ER.FSH.CAPT.MT,Dominican Republic,DOM,13783.527,11894.877,14640.693,15724.554,13920.445,16065.998,14064.13,17666.9,17985,17286,..
Capture fisheries production (metric tons),ER.FSH.CAPT.MT,Ecuador,ECU,656447.6,632571.1,709181,623124,597753.6,608160.086,636338.95,863105.72,688924.811,694987.222,..
Capture fisheries production (metric tons),ER.FSH.CAPT.MT,"Egypt, Arab Rep.",EGY,344792.08,344113,335614.335,370959.67,373286,397043.34,418684,425770,440197,448718,..
Capture fisheries production (metric tons),ER.FSH.CAPT.MT,El Salvador,SLV,63296,54513,58558.09,59600.343,57131.441,51648.695,59674.408,59019.884,60114.992,55759.071,..
Capture fisheries production (metric tons),ER.FSH.CAPT.MT,Equatorial Guinea,GNQ,6067.919,6423.256,6455.293,6377,6407.614,6417.721,5958.271,6307.127,6610.139,7228.452,..
Capture fisheries production (metric tons),ER.FSH.CAPT.MT,Eritrea,ERI,3695.716,6230.82,3357.743,4759.946,6340.674,5872.871,1888.517,1077.716,1657.752,1861.932,..
Capture fisheries production (metric tons),ER.FSH.CAPT.MT,Estonia,EST,68883,73195,75656,82820,87051,86755,74142.479,72235.522,73938.728,76695.234,..
Capture fisheries production (metric tons),ER.FSH.CAPT.MT,Eswatini,SWZ,65,65,65,65,65,65,60,65,65,65,..
Capture fisheries production (metric tons),ER.FSH.CAPT.MT,Ethiopia,ETH,50119,50489,50421.245,56001.1,63720.762,59000.892,60002,73140,101400,131400,..
Capture fisheries production (metric tons),ER.FSH.CAPT.MT,Faroe Islands,FRO,542892,586067,568739,703591,660941,653813.3,651448.1,542691.9,606542.1,792468.4,..
Capture fisheries production (metric tons),ER.FSH.CAPT.MT,Fiji,FJI,43312,41266,44826,47500,42729.413,41698.869,37597.123,33009.497,32626.198,32413.43,..
Capture fisheries production (metric tons),ER.FSH.CAPT.MT,Finland,FIN,183147,183037,193153,191059,175623.386,164499.278,149145,133980,125969,128717,..
Capture fisheries production (metric tons),ER.FSH.CAPT.MT,France,FRA,545818.645,541815.588,562690.534,560954.183,597780.656,533648.726,487937.577,517367.251,530976.483,472221.933,..
Capture fisheries production (metric tons),ER.FSH.CAPT.MT,French Polynesia,PYF,15277.83,14105.225,12813.623,12396.01,13043.05,13261.04,12180.01,13243.01,11633.983,12818.53,..
Capture fisheries production (metric tons),ER.FSH.CAPT.MT,Gabon,GAB,36855,33000,31000,29000,29000,29000,28880,29840,31010,29930,..
Capture fisheries production (metric tons),ER.FSH.CAPT.MT,"Gambia, The",GMB,51500,55968,58261,60461,49526,56198.663,50989.752,53171.99,53946.5,55455,..
Capture fisheries production (metric tons),ER.FSH.CAPT.MT,Georgia,GEO,19020,22520,44708.688,137423.372,203523.507,251755.456,207150,197576.054,200789.377,213573,..
Capture fisheries production (metric tons),ER.FSH.CAPT.MT,Germany,DEU,242743,261744,271200,248237,279213,224408.8,212110.562,187668.267,179732.2,182463.9,..
Capture fisheries production (metric tons),ER.FSH.CAPT.MT,Ghana,GHA,323585.173,344325.9,322863.57,368178.76,360007.369,318020.72,357161.51,393160.22,444447.51,384369.83,..
Capture fisheries production (metric tons),ER.FSH.CAPT.MT,Gibraltar,GIB,1,1,1,1,1,1,1,1,1,1,..
Capture fisheries production (metric tons),ER.FSH.CAPT.MT,Greece,GRC,61260.7,65356.82,75534.5,78315.3,77716.2,83173.701,71476.001,59631.873,65494.798,62986.321,..
Capture fisheries production (metric tons),ER.FSH.CAPT.MT,Greenland,GRL,428395,395248,384779,406750,406552,369531,357203,370491,399181,397290.648,..
Capture fisheries production (metric tons),ER.FSH.CAPT.MT,Grenada,GRD,1953.606,2487.918,2751.471,2462.309,2559.823,2064.276,1896.355,1317.066,1953.192,3622.985,..
Capture fisheries production (metric tons),ER.FSH.CAPT.MT,Guam,GUM,86.858,71.247,69.763,152.457,94.807,90.477,47.065,26.577,36.92,61.241,..
Capture fisheries production (metric tons),ER.FSH.CAPT.MT,Guatemala,GTM,19173.3,18337.893,17783.012,20469.955,18485.374,18330.569,14808.762,13251.054,17654.35,14010.085,..
Capture fisheries production (metric tons),ER.FSH.CAPT.MT,Guinea,GIN,207348,184652,159402,321169,293007,359837,384942,448531,377833,414207,..
Capture fisheries production (metric tons),ER.FSH.CAPT.MT,Guinea-Bissau,GNB,15750,21150,28450,38350,52253.645,60150,62392.458,63221,63835,65040,..
Capture fisheries production (metric tons),ER.FSH.CAPT.MT,Guyana,GUY,72718,57921,43732,59960,52708,40572,41323.9,34216.25,36253.455,36396,..
Capture fisheries production (metric tons),ER.FSH.CAPT.MT,Haiti,HTI,16510,16510,16510,16510,16350,16350,16350,16220,16710,16420,..
Capture fisheries production (metric tons),ER.FSH.CAPT.MT,Honduras,HND,9574,12841,13074,11652,12123,11947,15846,21680,20193,20300,..
Capture fisheries production (metric tons),ER.FSH.CAPT.MT,"Hong Kong SAR, China",HKG,160789,145193,142775,127554,124299,122929,119428,115178.999,77199.998,86578.001,..
Capture fisheries production (metric tons),ER.FSH.CAPT.MT,Hungary,HUN,7463,5926,5091,5636,5249,4836,5483.12,4600.536,4596.812,4601.538,..
Capture fisheries production (metric tons),ER.FSH.CAPT.MT,Iceland,ISL,1095669,1347669,1093012,1203803,1279652,1066888,1039089.2,1171230.402,1663024.542,1371121.62,..
Capture fisheries production (metric tons),ER.FSH.CAPT.MT,India,IND,4999493.433,4862038.515,5196946.024,5550953.001,5336182.999,5477099.997,4658197,5024905.002,5539024.996,6177985.324,..
Capture fisheries production (metric tons),ER.FSH.CAPT.MT,Indonesia,IDN,6505423.806,6681944.795,6533811.865,6975495.543,7316474.597,7289069.413,6925047.487,7173349.999,7428664.921,7820833.359,..
Capture fisheries production (metric tons),ER.FSH.CAPT.MT,"Iran, Islamic Rep.",IRN,619319.865,630623.271,688903.542,781936.149,828393.655,824550.001,790900.043,779465.744,803802.294,764512,..
Capture fisheries production (metric tons),ER.FSH.CAPT.MT,Iraq,IRQ,59000,27296,31300,35220,36936,40069,34770.171,43679.679,44550,42144.464,..
Capture fisheries production (metric tons),ER.FSH.CAPT.MT,Ireland,IRL,306423.736,265370.535,259855.358,276329.842,251240.955,238443.651,208502.064,234158.918,203538.766,215134.328,..
Capture fisheries production (metric tons),ER.FSH.CAPT.MT,Isle of Man,IMN,3755,7781,7040,6759,4431,2939,2742.95,3041.323,3041,2946,..
Capture fisheries production (metric tons),ER.FSH.CAPT.MT,Israel,ISR,2042,2124,1588,1415,1000,1000,2000,2100,2100,2135,..
Capture fisheries production (metric tons),ER.FSH.CAPT.MT,Italy,ITA,183451.417,198769.76,197099.502,197173.14,206103.261,186094.702,141593.688,150779.767,143770.194,128311.143,..
Capture fisheries production (metric tons),ER.FSH.CAPT.MT,Jamaica,JAM,15204,17025,17307,19267,15346,13475,12874.92,13231,12529.49,12529,..
Capture fisheries production (metric tons),ER.FSH.CAPT.MT,Japan,JPN,3738649.959,3503310.555,3298989.296,3279719.488,3383709.367,3264375.496,3270077.265,3240691.574,2979680.5,2904942.025,..
Capture fisheries production (metric tons),ER.FSH.CAPT.MT,Jordan,JOR,646.169,604.323,601.128,634.45,664.86,678.738,583.945,665,675,655,..
Capture fisheries production (metric tons),ER.FSH.CAPT.MT,Kazakhstan,KAZ,37137,40461,41334.543,41319.995,37283.141,45644.602,42597.376,41457.33,42691.9,35815.942,..
Capture fisheries production (metric tons),ER.FSH.CAPT.MT,Kenya,KEN,175398.1,171656,141065.199,163019.156,144669.325,137440.084,136415.337,145218.884,150546.459,134715.441,..
Capture fisheries production (metric tons),ER.FSH.CAPT.MT,Kiribati,KIR,116963,145976,174273,162549,197904.529,238699.33,212754.294,191130.548,203294.048,239181.16,..
Capture fisheries production (metric tons),ER.FSH.CAPT.MT,"Korea, Dem. People's Rep.",PRK,226000,220000,209000,208700,207700,205200,202000,208070,214320,208130,..
Capture fisheries production (metric tons),ER.FSH.CAPT.MT,"Korea, Rep.",KOR,1754700.447,1659352.527,1372651.566,1360895.776,1403881.309,1426666.113,1375690.053,1360087.324,1260023.678,1316956.878,..
Capture fisheries production (metric tons),ER.FSH.CAPT.MT,Kosovo,XKX,..,..,..,..,..,..,..,..,..,..,..
Capture fisheries production (metric tons),ER.FSH.CAPT.MT,Kuwait,KWT,3840,3859,5187,3978,2871,3016,3095,3525,1886,2808,..
Capture fisheries production (metric tons),ER.FSH.CAPT.MT,Kyrgyz Republic,KGZ,227,31,89,90,19,20,20,22,31,0,..
Capture fisheries production (metric tons),ER.FSH.CAPT.MT,Lao PDR,LAO,60237,62635,57400,59069,60508,64701,70001,71000,72420,73150,..
Capture fisheries production (metric tons),ER.FSH.CAPT.MT,Latvia,LVA,119536,81340,114278,69411.6,73144,71385,64989,61658.11,61508,66837.61,..
Capture fisheries production (metric tons),ER.FSH.CAPT.MT,Lebanon,LBN,2998,3638,4291,3617,2796,2619.8,2455,2580,2620,2630,..
Capture fisheries production (metric tons),ER.FSH.CAPT.MT,Lesotho,LSO,52,52,52,52,52,57,67,75,79,0,..
Capture fisheries production (metric tons),ER.FSH.CAPT.MT,Liberia,LBR,14432.186,14009.216,13718.106,11974.09,14122.299,16134.015,31661.669,25169.139,29338,28172.193,..
Capture fisheries production (metric tons),ER.FSH.CAPT.MT,Libya,LBY,24633,25730,29919.389,31873.99,32144.06,32335,31803.545,31951.333,32585,32130,..
Capture fisheries production (metric tons),ER.FSH.CAPT.MT,Liechtenstein,LIE,0,0,0,0,0,0,0,0,0,0,..
Capture fisheries production (metric tons),ER.FSH.CAPT.MT,Lithuania,LTU,150067,85144,106945,89770,75019.24,102219.9,90991.355,96152.482,106936.012,102405.414,..
Capture fisheries production (metric tons),ER.FSH.CAPT.MT,Luxembourg,LUX,0,0,0,0,0,0,0,0,0,0,..
Capture fisheries production (metric tons),ER.FSH.CAPT.MT,"Macao SAR, China",MAC,1500,1500,1500,1500,1500,1500,1500,1500,1500,1500,..
Capture fisheries production (metric tons),ER.FSH.CAPT.MT,Madagascar,MDG,95823.835,114904.978,142832.73,161605.943,129588.227,114181.829,112552.399,114336.819,127549.669,139962.443,..
Capture fisheries production (metric tons),ER.FSH.CAPT.MT,Malawi,MWI,118913,147889,164949,204904,223606,163189,171115.22,176003,186865.36,212817.863,..
Capture fisheries production (metric tons),ER.FSH.CAPT.MT,Malaysia,MYS,1471208.999,1499608.999,1589586.001,1478783.014,1468401.382,1469516.105,1392294.797,1340807.636,1326267.549,1293236.68,..
Capture fisheries production (metric tons),ER.FSH.CAPT.MT,Maldives,MDV,128652.466,127310.204,129420.999,142349.267,150992.587,135062.855,148565.277,144993.211,155205.444,160683.193,..
Capture fisheries production (metric tons),ER.FSH.CAPT.MT,Mali,MLI,80000,92480,102486,106221,90386,109361.999,117690,105400,110365.91,111130,..
Capture fisheries production (metric tons),ER.FSH.CAPT.MT,Malta,MLT,2405.314,2563.392,3562.277,2163.63,2731.857,2491.89,2103.246,2502.896,2809.271,2013.59,..
Capture fisheries production (metric tons),ER.FSH.CAPT.MT,Marshall Islands,MHL,78727,89718,65214,70297,78352.102,101556.164,88189.912,95819.063,91636.299,73935.7,..
Capture fisheries production (metric tons),ER.FSH.CAPT.MT,Mauritania,MRT,378339,403776,609754,794580,967706.752,720849.51,678425,762868.26,780382.798,795575,..
Capture fisheries production (metric tons),ER.FSH.CAPT.MT,Mauritius,MUS,14758.217,15798.582,18215.365,24986.844,29341.479,34236.283,26001.058,30039.364,33660.613,35484.71,..
Capture fisheries production (metric tons),ER.FSH.CAPT.MT,Mexico,MEX,1531398.569,1480858.952,1526107.283,1640382.509,1703632.203,1572838.853,1593398.81,1673587.981,1683375.783,1845569.326,..
Capture fisheries production (metric tons),ER.FSH.CAPT.MT,"Micronesia, Fed. Sts.",FSM,52496,71567,88688,101262,137891.77,181569.126,193669.433,166115.085,178235.339,162661.78,..
Capture fisheries production (metric tons),ER.FSH.CAPT.MT,Moldova,MDA,50,50,50,50,50,50,50,0,0,0,..
Capture fisheries production (metric tons),ER.FSH.CAPT.MT,Monaco,MCO,1,1,1,1,1,1,1,1,1,1,..
Capture fisheries production (metric tons),ER.FSH.CAPT.MT,Mongolia,MNG,49,63,15,22,25,30,25,0,0,0,..
Capture fisheries production (metric tons),ER.FSH.CAPT.MT,Montenegro,MNE,1556.4,1486.8,1595,1079.7,1292.8,1276,816.453,808,809,815.8,..
Capture fisheries production (metric tons),ER.FSH.CAPT.MT,Morocco,MAR,1375098.053,1384017.611,1472314.416,1402289.663,1386597.819,1475912.947,1397531.715,1419602.252,1573512.839,1435360.642,..
Capture fisheries production (metric tons),ER.FSH.CAPT.MT,Mozambique,MOZ,263884.534,297912.985,328606.24,413454.621,388332.729,461186.357,390587.42,409559.2,443945.275,413539.96,..
Capture fisheries production (metric tons),ER.FSH.CAPT.MT,Myanmar,MMR,1970550.001,2072390,2155439.999,2036870,1950620,1977749.999,1770240,1542150,1714230,1623150,..
Capture fisheries production (metric tons),ER.FSH.CAPT.MT,Namibia,NAM,472941.045,546914.9,536901.9,512116.737,510863.215,484502.644,334135.368,323853.283,382309.529,379335.316,..
Capture fisheries production (metric tons),ER.FSH.CAPT.MT,Nauru,NRU,270,270,270,270,9155,33525,92388,120409,106750,103233,..
Capture fisheries production (metric tons),ER.FSH.CAPT.MT,Nepal,NPL,21500,21500,21500,21000,21000,21000,21000,21000,21000,21000,..
Capture fisheries production (metric tons),ER.FSH.CAPT.MT,Netherlands,NLD,371369,384476,370249,499147.55,413297.228,320370.058,309555.31,296497.115,299702.694,267561.65,..
Capture fisheries production (metric tons),ER.FSH.CAPT.MT,New Caledonia,NCL,4245,4654,3885,3694,3128.771,3737.236,3326.596,3304.953,3709.381,2763.655,..
Capture fisheries production (metric tons),ER.FSH.CAPT.MT,New Zealand,NZL,442780.726,434274.331,425207.944,431364.233,408288.808,412867.899,365205.003,343793.03,346825.083,327003.148,..
Capture fisheries production (metric tons),ER.FSH.CAPT.MT,Nicaragua,NIC,54364,41534,45023,50982,54554,51310,43466.54,55274.53,53732.32,56548,..
Capture fisheries production (metric tons),ER.FSH.CAPT.MT,Niger,NER,47000,27000,34592,25195,31042,40058,46000.001,47200,47670,49371.56,..
Capture fisheries production (metric tons),ER.FSH.CAPT.MT,Nigeria,NGA,759828,710331,734731,916283.97,878155,825013.256,783101.704,805210,784124,799635,..
Capture fisheries production (metric tons),ER.FSH.CAPT.MT,North Macedonia,MKD,282,350,122,87,140,399.5,472.875,514,447,435,..
Capture fisheries production (metric tons),ER.FSH.CAPT.MT,Northern Mariana Islands,MNP,146.136,105.297,142.902,128.708,123.16,101.902,98.936,199.688,162.419,72.307,..
Capture fisheries production (metric tons),ER.FSH.CAPT.MT,Norway,NOR,2463796.117,2455568.107,2203849.743,2561694.615,2671006.388,2486046.82,2636643.743,2585787.581,2616115.399,2546846.182,..
Capture fisheries production (metric tons),ER.FSH.CAPT.MT,Oman,OMN,211037,257022,279588,347539,554558,579186,793418.923,922083.336,748357.443,677365,..
Capture fisheries production (metric tons),ER.FSH.CAPT.MT,Pakistan,PAK,480123.001,509479,516356.001,536925.999,504810,488503,492783.001,496058.999,500045.256,509998,..
Capture fisheries production (metric tons),ER.FSH.CAPT.MT,Palau,PLW,864,848,818,3443,3883.716,3932.958,776,824,813.06,803.31,..
Capture fisheries production (metric tons),ER.FSH.CAPT.MT,Panama,PAN,179733.277,169243.882,186620.552,183777.737,203393.101,265431.487,219459.552,224315.793,190243.947,219485.56,..
Capture fisheries production (metric tons),ER.FSH.CAPT.MT,Papua New Guinea,PNG,279422.588,273408.97,344378.47,339662.47,348588.83,305036.584,223580.47,198193.47,244612.051,229183.95,..
Capture fisheries production (metric tons),ER.FSH.CAPT.MT,Paraguay,PRY,21539,21594,18000,17044.257,17110.538,16940.479,16975,17560,17905,17975,..
Capture fisheries production (metric tons),ER.FSH.CAPT.MT,Peru,PER,3599056,4843860,3828751,4185193,7208637.468,4852821.378,5676965.489,6576171.075,5368101.711,3519380.723,..
Capture fisheries production (metric tons),ER.FSH.CAPT.MT,Philippines,PHL,2258498.49,2163519,2034166.5,1890791.367,1830823.71,1834444.66,1916753.37,1842066.894,1771247.273,1717841.797,..
Capture fisheries production (metric tons),ER.FSH.CAPT.MT,Poland,POL,185598,199428,212115,220396,216704,205443,200390.296,195384.5,172523.358,171783.383,..
Capture fisheries production (metric tons),ER.FSH.CAPT.MT,Portugal,PRT,183664,190100,186545,182615,178270,185050.28,159947.959,179528.773,159890.59,163560.084,..
Capture fisheries production (metric tons),ER.FSH.CAPT.MT,Puerto Rico (US),PRI,1810.356,1825.858,1851.476,1555.625,1640.932,1515.278,1579.709,1580,2150.347,2149,..
Capture fisheries production (metric tons),ER.FSH.CAPT.MT,Qatar,QAT,16213.2,15201.8,14513.7,15358.6,14665.3,17130,15086.5,16554.5,18439,18970.4,..
Capture fisheries production (metric tons),ER.FSH.CAPT.MT,Romania,ROU,6248,9307,12728,14998,11179,10927.4,7972.88,6350.6,6256.436,6613.72,..
Capture fisheries production (metric tons),ER.FSH.CAPT.MT,Russian Federation,RUS,4269395.671,4468936.286,4777134.911,4884582.61,5128230.147,4991085.183,5088745.071,5176469,4997077,5398032,..
Capture fisheries production (metric tons),ER.FSH.CAPT.MT,Rwanda,RWA,25159,29334,25013,25000,23977,20910.2,29979,32094,32735,31600,..
Capture fisheries production (metric tons),ER.FSH.CAPT.MT,Samoa,WSM,7527,8700.333,8808,10853,9741.612,11172.014,9953.042,9153.213,9589.25,10360.55,..
Capture fisheries production (metric tons),ER.FSH.CAPT.MT,San Marino,SMR,0,0,0,0,0,0,0,0,0,0,..
Capture fisheries production (metric tons),ER.FSH.CAPT.MT,Sao Tome and Principe,STP,10001.397,11440.8,11719.7,9514.8,6006.555,5432.787,5679.458,5117.247,5703.38,5647.747,..
Capture fisheries production (metric tons),ER.FSH.CAPT.MT,Saudi Arabia,SAU,68660,68130,66537.997,66349.002,67944,66206,64678.995,63361.999,64263.015,69055,..
Capture fisheries production (metric tons),ER.FSH.CAPT.MT,Senegal,SEN,458530.425,425449.12,474179.324,534939.6,484654.67,516141.255,458363.426,513957.078,505896.212,521653.284,..
Capture fisheries production (metric tons),ER.FSH.CAPT.MT,Serbia,SRB,3593,3150,2067,2209,2082,2547,1932,2353,2379,2470,..
Capture fisheries production (metric tons),ER.FSH.CAPT.MT,Seychelles,SYC,75503.616,105969.666,130400.451,145660.513,149301.113,145044.275,142376.448,146290.807,137842.167,139172.85,..
Capture fisheries production (metric tons),ER.FSH.CAPT.MT,Sierra Leone,SLE,206477,202100,202100,202100,202100,202100,200630,204900,215140,206900,..
Capture fisheries production (metric tons),ER.FSH.CAPT.MT,Singapore,SGP,4412,3236,2805,2568,3305.741,3642.707,2455.59,2142.32,2005.405,1974,..
Capture fisheries production (metric tons),ER.FSH.CAPT.MT,Sint Maarten (Dutch part),SXM,253,253,253,253,253,253,253,253,253,253,..
Capture fisheries production (metric tons),ER.FSH.CAPT.MT,Slovak Republic,SVK,1944,1971,1866,1870,1937,1853,1736,1815,1895,1655.55,..
Capture fisheries production (metric tons),ER.FSH.CAPT.MT,Slovenia,SVN,410.5,343.392,310.519,280.07,263.745,281.443,312.03,268.81,286.268,261.532,..
Capture fisheries production (metric tons),ER.FSH.CAPT.MT,Solomon Islands,SLB,70717.31,67980.988,65542.356,49963,62610.118,68273.89,40877.666,49812.027,47895.082,40061.154,..
Capture fisheries production (metric tons),ER.FSH.CAPT.MT,"Somalia, Fed. Rep.",SOM,30000,30000,30000,30000,30000,30000,30000,30000,30000,30000,..
Capture fisheries production (metric tons),ER.FSH.CAPT.MT,South Africa,ZAF,729051.904,631826.8,659750.044,590550.122,624886.237,518038.421,654528.248,616131.095,578637.243,478243.482,..
Capture fisheries production (metric tons),ER.FSH.CAPT.MT,South Sudan,SSD,37000,37000,40000,42000,44000,45000,43000,43000,46000,47000,..
Capture fisheries production (metric tons),ER.FSH.CAPT.MT,Spain,ESP,1059923.786,972372.292,911526.801,948088.068,930744.892,882925.497,798290.421,803132.914,809104.94,766685.607,..
Capture fisheries production (metric tons),ER.FSH.CAPT.MT,Sri Lanka,LKA,493496.701,467464.25,484560.38,469393.442,478950.94,471439.211,382265.799,372145.552,332337.722,338161.202,..
Capture fisheries production (metric tons),ER.FSH.CAPT.MT,St. Kitts and Nevis,KNA,66142,100398.52,65768.93,84958.17,1044.37,652,646.54,672.513,670,675,..
Capture fisheries production (metric tons),ER.FSH.CAPT.MT,St. Lucia,LCA,1981.44,2030.478,2117.647,2091.508,2019.92,1845.104,1423.829,1574.691,1853.988,1852.597,..
Capture fisheries production (metric tons),ER.FSH.CAPT.MT,St. Martin (French part),MAF,180,180,180,180,180,180,180,180,180,180,..
Capture fisheries production (metric tons),ER.FSH.CAPT.MT,St. Vincent and the Grenadines,VCT,81334.541,26132.998,22833.714,32938.784,2327.883,1971.776,2127.542,1587.279,1251,1311.694,..
Capture fisheries production (metric tons),ER.FSH.CAPT.MT,Sudan,SDN,33508,33008,35502,38390,41041,40770,37660,40970,44250,40960,..
Capture fisheries production (metric tons),ER.FSH.CAPT.MT,Suriname,SUR,33459,39463,43063,48584,39299,31388,29772,32130,33695,31870,..
Capture fisheries production (metric tons),ER.FSH.CAPT.MT,Sweden,SWE,181574,211963,205465,228726,221662,184337,179642.86,167366.288,152028.063,154654.134,..
Capture fisheries production (metric tons),ER.FSH.CAPT.MT,Switzerland,CHE,1983,2023,1851,1932,1553,1382.313,1485.92,1485.92,1485.92,1446,..
Capture fisheries production (metric tons),ER.FSH.CAPT.MT,Syrian Arab Republic,SYR,4099,3822,4179,4065,4074,4080,3845,4310,4430,4450,..
Capture fisheries production (metric tons),ER.FSH.CAPT.MT,Tajikistan,TJK,1174,1176.001,1100.001,1105,1195.999,1716.33,1809.86,2350.215,2507.001,2600.002,..
Capture fisheries production (metric tons),ER.FSH.CAPT.MT,Tanzania,TZA,342880.351,376165.456,371914.345,390136.73,379284.742,469765.258,474194.163,479120.425,472925.761,482695.043,..
Capture fisheries production (metric tons),ER.FSH.CAPT.MT,Thailand,THA,1710528.771,1536417.063,1553474.854,1509250.35,1556798.76,1544108.38,1603251.33,1436427.6,1428695.33,1547449.12,..
Capture fisheries production (metric tons),ER.FSH.CAPT.MT,Timor-Leste,TLS,3880,4180,4580,5380,6059.31,6914.69,6806.03,6630.32,6698.99,7967.31,..
Capture fisheries production (metric tons),ER.FSH.CAPT.MT,Togo,TGO,19849,21497,31891,26915,24620,25526,18034,17984,21505.22,22236.934,..
Capture fisheries production (metric tons),ER.FSH.CAPT.MT,Tonga,TON,1921.03,1803.03,1605,1401,1244.392,1212.605,1097.123,1115.219,1326.038,1144.14,..
Capture fisheries production (metric tons),ER.FSH.CAPT.MT,Trinidad and Tobago,TTO,13290,12141,13115.953,12942.125,13184.339,12941.729,12912.669,13084.17,13069.012,13111.316,..
Capture fisheries production (metric tons),ER.FSH.CAPT.MT,Tunisia,TUN,114520,117011,105866.073,106303.076,105959.277,114142.953,104576.786,102875.652,112352.858,108116,..
Capture fisheries production (metric tons),ER.FSH.CAPT.MT,Turkiye,TUR,302213.604,431907.397,335324.593,354318.297,314093.928,463167.68,364399.8,328158,335002.9,454058.6,..
Capture fisheries production (metric tons),ER.FSH.CAPT.MT,Turkmenistan,TKM,15000,15000,15000,15000,15000,15000,14605,15042,15097,15210,..
Capture fisheries production (metric tons),ER.FSH.CAPT.MT,Turks and Caicos Islands,TCA,2361,2917,3145,1324,2090,1243,1297,2277,3241,2358.7,..
Capture fisheries production (metric tons),ER.FSH.CAPT.MT,Tuvalu,TUV,7379,6147,7684,7475,12819.386,8357.278,11295,31086.506,42781,48979,..
Capture fisheries production (metric tons),ER.FSH.CAPT.MT,Uganda,UGA,461711,396705,382303,389629,439904,603724,578684,634594.96,444935,716513,..
Capture fisheries production (metric tons),ER.FSH.CAPT.MT,Ukraine,UKR,143083.076,120486.142,75858.843,93481.886,76507.061,81730.686,69467.125,63047.578,23186.41,28164.907,..
Capture fisheries production (metric tons),ER.FSH.CAPT.MT,United Arab Emirates,ARE,73018,74056,73287,75287,75615,72117,71388,67944,65422,59445,..
Capture fisheries production (metric tons),ER.FSH.CAPT.MT,United Kingdom,GBR,756002.651,706172.329,697239.744,726514.143,699793.585,623102.319,627492.436,635592.977,621770.674,717392.271,..
Capture fisheries production (metric tons),ER.FSH.CAPT.MT,United States,USA,5423242,5419913,5399997,5492611,5395806,5313512,4695708,4725111,4698894.5,4623694,..
Capture fisheries production (metric tons),ER.FSH.CAPT.MT,Uruguay,URY,65186.716,59723.099,51689.75,65474.649,69893.333,68005.77,62879.956,66300.607,68781.641,67058.843,..
Capture fisheries production (metric tons),ER.FSH.CAPT.MT,Uzbekistan,UZB,17116,22956,27267,31450,33600,40000,46100.002,53000,55000,55600,..
Capture fisheries production (metric tons),ER.FSH.CAPT.MT,Vanuatu,VUT,70707.26,83013,46641.1,34497,43374.56,57184.384,63863.505,70070.539,84915.341,69917.575,..
Capture fisheries production (metric tons),ER.FSH.CAPT.MT,"Venezuela, RB",VEN,226131.999,256193.673,305100.317,262602.005,226481.001,196756.999,213151.003,226888.003,211939.571,194210.724,..
Capture fisheries production (metric tons),ER.FSH.CAPT.MT,Viet Nam,VNM,2764042,2873233,3090982,3332796,3386291,3449730.31,3541271.76,3556542.15,3463209.48,3417238.435,..
Capture fisheries production (metric tons),ER.FSH.CAPT.MT,Virgin Islands (U.S.),VIR,501.524,460.017,587.837,547.577,289.267,329.921,355.271,420.135,420,420,..
Capture fisheries production (metric tons),ER.FSH.CAPT.MT,West Bank and Gaza,PSE,2854,3227,3306,3208,3201,3943,4661.9,4660.7,4195,3260,..
Capture fisheries production (metric tons),ER.FSH.CAPT.MT,"Yemen, Rep.",YEM,214201.982,177407.997,152130.991,136025.992,134867.992,137465.736,143716.513,149130,150470,151016.469,..
Capture fisheries production (metric tons),ER.FSH.CAPT.MT,Zambia,ZMB,131459,133990,204349,132889,107451,124982,129603,118240,117694.5,118026,..
Capture fisheries production (metric tons),ER.FSH.CAPT.MT,Zimbabwe,ZWE,159088.125,140332.55,142847.543,115468.346,128103.96,111717.258,103150.559,110194,102365.5,92005,..
Capture fisheries production (metric tons),ER.FSH.CAPT.MT,Africa Eastern and Southern,AFE,3274728.74,3411774.86,3509505.6,3609520.66,3602930.72,3535673.93,3491664.85,3737249.15,3366712.63,..,..
Capture fisheries production (metric tons),ER.FSH.CAPT.MT,Africa Western and Central,AFW,3221724.89,3158418.75,3474020.35,4126427.18,4216341.62,4015869.91,3844293.23,4064101.93,4245216.5,..,..
Capture fisheries production (metric tons),ER.FSH.CAPT.MT,Arab World,ARB,3085078.53,3097993.39,3406097.31,3605862.61,3975391.41,3886212.82,3946156.96,4255088.54,4302558.25,..,..
Capture fisheries production (metric tons),ER.FSH.CAPT.MT,Caribbean small states,CSS,331044.71,333681.97,300540.49,365462.29,335417.63,318963.86,287782.13,288863.8,305466.72,..,..
Capture fisheries production (metric tons),ER.FSH.CAPT.MT,Central Europe and the Baltics,CEB,639018.78,549309.69,620456.34,573273.07,559386.95,568371.72,533718.35,519238.19,506571.1,..,..
Capture fisheries production (metric tons),ER.FSH.CAPT.MT,Early-demographic dividend,EAR,29837081.2,31228558.34,30636434.22,32072861.27,35300264.54,32862225.85,32456722.42,33934248.54,32462115.96,..,..
Capture fisheries production (metric tons),ER.FSH.CAPT.MT,East Asia & Pacific,EAS,41951355.43,41913177.68,40805352.77,40810721.24,40576213.52,39788779.57,38539612.35,37833899.4,36116269.65,..,..
Capture fisheries production (metric tons),ER.FSH.CAPT.MT,East Asia & Pacific (excluding high income),EAP,34623029.96,35013360.22,34620884.72,34676883.45,34247761.54,33595119.83,32505012.77,31797901.27,31802557.55,..,..
Capture fisheries production (metric tons),ER.FSH.CAPT.MT,East Asia & Pacific (IDA & IBRD countries),TEA,34398163.96,34794478.22,34412972.72,34471896.45,34053100.26,33427377.78,32396176.77,31711064.27,31910120.62,..,..
Capture fisheries production (metric tons),ER.FSH.CAPT.MT,Euro area,EMU,3591888.21,3406950.76,3428104.8,3519168.55,3425251.47,3161303.65,2853266.29,2876194.44,2848956.1,..,..
Capture fisheries production (metric tons),ER.FSH.CAPT.MT,Europe & Central Asia,ECS,14702094.93,15232332.74,14724643.85,15983876.12,16115022.55,15211217.62,15042973.28,14820676.46,14301021.21,..,..
Capture fisheries production (metric tons),ER.FSH.CAPT.MT,Europe & Central Asia (excluding high income),ECA,555967.48,677381.04,557885.72,688736.95,696672.63,914899.97,761135.79,717119.65,686628.6,..,..
Capture fisheries production (metric tons),ER.FSH.CAPT.MT,Europe & Central Asia (IDA & IBRD countries),TEC,5108929.77,5439061.8,5644159.07,5882494.94,6129222.72,6195640.57,6134487.33,6164016.36,5932215.51,..,..
Capture fisheries production (metric tons),ER.FSH.CAPT.MT,European Union,EUU,4736613.6,4721230.49,4551848.02,4911529.59,4687476.38,4225315.7,3995680.56,3734627.79,3657528.95,..,..
Capture fisheries production (metric tons),ER.FSH.CAPT.MT,Fragile and conflict affected situations,FCS,5297979.86,5246359.6,5561299.66,5860310.86,5788053.41,5787992.78,5615069.75,5377248.44,5089272.91,..,..
Capture fisheries production (metric tons),ER.FSH.CAPT.MT,Heavily indebted poor countries (HIPC),HPC,3963754.38,3971476.26,4337431.91,4940925.72,5126694.57,5112104.38,4952242.52,5268997.65,5162592.41,..,..
Capture fisheries production (metric tons),ER.FSH.CAPT.MT,High income,HIC,30784965.18,30436201.12,28930520.72,30769903.68,31037617.31,29897480.72,29037255.93,29246944.31,27010947.68,..,..
Capture fisheries production (metric tons),ER.FSH.CAPT.MT,IBRD only,IBD,56149436.71,57456974.09,56397504.6,57960116.91,60538054.32,57713624.81,56444908.07,58261073.98,56627543.83,..,..
Capture fisheries production (metric tons),ER.FSH.CAPT.MT,IDA & IBRD total,IBT,67655109.67,68920783.98,68460608.42,71089485.79,73912022.87,70925122.69,69229645.39,71097672.21,69482737.92,..,..
Capture fisheries production (metric tons),ER.FSH.CAPT.MT,IDA blend,IDB,2354867.2,2313191.94,2430121.41,2735684.17,2744716.29,2593529.55,2410089.31,2450355.96,2501178.52,..,..
Capture fisheries production (metric tons),ER.FSH.CAPT.MT,IDA only,IDX,9150805.76,9150617.95,9632982.41,10393684.71,10629252.26,10617968.33,10374648.01,10386242.27,10354015.57,..,..
Capture fisheries production (metric tons),ER.FSH.CAPT.MT,IDA total,IDA,11505672.96,11463809.89,12063103.82,13129368.88,13373968.55,13211497.88,12784737.32,12836598.23,12855194.09,..,..
Capture fisheries production (metric tons),ER.FSH.CAPT.MT,Late-demographic dividend,LTE,34760940.95,34871839.99,34539213.72,35039996.2,34917682.44,34188200.44,33276217.21,33457673.54,33539617.89,..,..
Capture fisheries production (metric tons),ER.FSH.CAPT.MT,Latin America & Caribbean,LCN,11146052.73,11765213.73,10538674.31,11566743.76,14593813.87,12179880.19,12786593.95,14353282.81,12980116.48,..,..
Capture fisheries production (metric tons),ER.FSH.CAPT.MT,Latin America & Caribbean (excluding high income),LAC,7917497.3,8949117.98,8005269.83,8544455.37,11642584.86,9176235.74,10006278.79,11328571.75,9925670.91,..,..
Capture fisheries production (metric tons),ER.FSH.CAPT.MT,Latin America & the Caribbean (IDA & IBRD countries),TLA,11074123.85,11691091.74,10460546.15,11495852.62,14516453.72,12117060.32,12730941.47,14295454.41,12944397.23,..,..
Capture fisheries production (metric tons),ER.FSH.CAPT.MT,Least developed countries: UN classification,LDC,8322602.32,8348982.6,8855992.68,9608755.41,9699305.7,9634171.09,9386860.2,9545987.29,9509156.71,..,..
Capture fisheries production (metric tons),ER.FSH.CAPT.MT,Low & middle income,LMY,60047744.76,61483394.39,60952307.75,62953871.37,65593121.95,62674072.28,61045479.48,62558018.19,60875818.29,..,..
Capture fisheries production (metric tons),ER.FSH.CAPT.MT,Low income,LIC,2351827.7,2311086.77,2366199.26,2452054.85,2512642.01,2687960.63,2657985.52,2772404.51,2283340.15,..,..
Capture fisheries production (metric tons),ER.FSH.CAPT.MT,Lower middle income,LMC,21518101.3,21544088.7,22601819.95,23963187.28,23704244.48,23696622.97,22426459.73,22954453.05,23803546.56,..,..
Capture fisheries production (metric tons),ER.FSH.CAPT.MT,"Middle East, North Africa, Afghanistan & Pakistan",MEA,3740571.92,3766458.07,3923812.11,4051000.36,4262904.73,4396690.33,4469103.73,4683716.66,3935901.57,..,..
Capture fisheries production (metric tons),ER.FSH.CAPT.MT,"Middle East, North Africa, Afghanistan & Pakistan (excluding high income)",MNA,3344972.42,3327028.83,3453636.14,3518199.19,3538494.53,3636946.5,3506989.05,3584612.93,3012747.33,..,..
Capture fisheries production (metric tons),ER.FSH.CAPT.MT,"Middle East, North Africa, Afghanistan & Pakistan (IDA & IBRD)",TMN,3342118.42,3323801.83,3450330.14,3514991.19,3535293.53,3633003.5,3502327.15,3579952.23,3008552.33,..,..
Capture fisheries production (metric tons),ER.FSH.CAPT.MT,Middle income,MIC,57695917.06,59172307.62,58586108.49,60501816.52,63080479.94,59986111.65,58387493.96,59785613.68,58592478.14,..,..
Capture fisheries production (metric tons),ER.FSH.CAPT.MT,North America,NAC,5820478.5,5861171.2,5731908.97,5880384.16,5651152.69,5678245.66,5034641.45,5062442.17,4967404.83,..,..
Capture fisheries production (metric tons),ER.FSH.CAPT.MT,Not classified,INX,..,..,..,..,..,..,..,..,..,..,..
Capture fisheries production (metric tons),ER.FSH.CAPT.MT,OECD members,OED,25375711.88,24879609.97,23211035.46,24845492.62,24735360.06,23788993.23,22677838.39,22728534.07,20925639.24,..,..
Capture fisheries production (metric tons),ER.FSH.CAPT.MT,Other small states,OSS,1452676.42,1746913.26,1530442.31,1666589.16,1767125.43,1533575.04,1499893.65,1628545.31,1898313.16,..,..
Capture fisheries production (metric tons),ER.FSH.CAPT.MT,Pacific island small states,PSS,450909.6,517305.35,504401.46,489690,599761.56,747452.43,752363.64,768604.02,624771.31,..,..
Capture fisheries production (metric tons),ER.FSH.CAPT.MT,Post-demographic dividend,PST,19487522.56,19149141.5,18015496.23,18887072.46,18650677.47,17874602.4,17119603.95,16709785.62,14312739.57,..,..
Capture fisheries production (metric tons),ER.FSH.CAPT.MT,Pre-demographic dividend,PRE,4906894.86,4867322.81,5238274.89,6042246.17,6090207.06,6034906.97,5739001.19,6206627.65,5880366.22,..,..
Capture fisheries production (metric tons),ER.FSH.CAPT.MT,Small states,SST,2234630.73,2597900.58,2335384.26,2521741.45,2702304.62,2599991.33,2540039.42,2686013.13,2828551.19,..,..
Capture fisheries production (metric tons),ER.FSH.CAPT.MT,South Asia,SAS,7235320.04,7102156.78,7509074.39,7988302.75,7858680.3,8000496.68,7129754.59,7545833.86,8075523.1,..,..
Capture fisheries production (metric tons),ER.FSH.CAPT.MT,South Asia (IDA & IBRD),TSA,7235320.04,7102156.78,7509074.39,7988302.75,7858680.3,8000496.68,7129754.59,7545833.86,8075523.1,..,..
Capture fisheries production (metric tons),ER.FSH.CAPT.MT,Sub-Saharan Africa,SSF,6496453.63,6570193.61,6983525.95,7735947.84,7819272.34,7551543.84,7335958.08,7801351.08,7611929.13,..,..
Capture fisheries production (metric tons),ER.FSH.CAPT.MT,Sub-Saharan Africa (excluding high income),SSA,6370957.56,6414349.54,6805556.95,7537293.66,7608928.09,7350373.56,7136308.49,7583978.73,7372690.8,..,..
Capture fisheries production (metric tons),ER.FSH.CAPT.MT,Sub-Saharan Africa (IDA & IBRD countries),TSS,6496453.63,6570193.61,6983525.95,7735947.84,7819272.34,7551543.84,7335958.08,7801351.08,7611929.13,..,..
Capture fisheries production (metric tons),ER.FSH.CAPT.MT,Upper middle income,UMC,36177815.76,37628218.92,35984288.54,36538629.24,39376235.46,36289488.68,35961034.23,36831160.63,34788931.58,..,..
Capture fisheries production (metric tons),ER.FSH.CAPT.MT,World,WLD,91092327.18,92210703.81,90216992.35,94016976.23,96877060,92806853.89,90338637.43,92101202.44,87988165.97,..,..
Aquaculture production (metric tons),ER.FSH.AQUA.MT,Afghanistan,AFG,4760,5450,6150,7000,7950,8629,9444,11107,11150,11660,..
Aquaculture production (metric tons),ER.FSH.AQUA.MT,Albania,ALB,4000,3495,4750,4430,6258,6300,9084,8641,8908,9327,..
Aquaculture production (metric tons),ER.FSH.AQUA.MT,Algeria,DZA,2479.871,1332.29,1959.59,4467.314,7153.416,4835.467,5435.986,4779.287,5208,5258,..
Aquaculture production (metric tons),ER.FSH.AQUA.MT,American Samoa,ASM,20,20,20,20,20,20,15,15,18,18,..
Aquaculture production (metric tons),ER.FSH.AQUA.MT,Andorra,AND,0,0,0,0,0,0,0,0,0,0,..
Aquaculture production (metric tons),ER.FSH.AQUA.MT,Angola,AGO,305,872,655,1339,1792,1934,2062,2808,2336,10313,..
Aquaculture production (metric tons),ER.FSH.AQUA.MT,Antigua and Barbuda,ATG,21,20,20,20,20,20,20,20,20,20,..
Aquaculture production (metric tons),ER.FSH.AQUA.MT,Argentina,ARG,4002.71,3662.65,3673.485,3567.76,3205.31,2592.19,2084.5,3687,6022.03,5515.964,..
Aquaculture production (metric tons),ER.FSH.AQUA.MT,Armenia,ARM,13925,15130,16381,16690,17000,17560,18350,18930,24000,24800,..
Aquaculture production (metric tons),ER.FSH.AQUA.MT,Aruba,ABW,0,0,0,0.5,1,1.5,1.5,1.5,1.5,1.5,..
Aquaculture production (metric tons),ER.FSH.AQUA.MT,Australia,AUS,73237.49,83134.9,91651.891,85335.483,96181.688,90929.907,102724.9,128960.759,125280.531,120268.918,..
Aquaculture production (metric tons),ER.FSH.AQUA.MT,Austria,AUT,3390.3,3503.4,3483.4,3861.9,3991.6,4255.025,4541.911,4920.413,4718.718,5170.229,..
Aquaculture production (metric tons),ER.FSH.AQUA.MT,Azerbaijan,AZE,2746.65,3063.49,3733.55,3809.6,3489.35,3607.78,3462.75,3384.1,3348.35,3447.8,..
Aquaculture production (metric tons),ER.FSH.AQUA.MT,"Bahamas, The",BHS,9.35,9.33,9,6,6.84,6,6,1,1,1,..
Aquaculture production (metric tons),ER.FSH.AQUA.MT,Bahrain,BHR,5.71,6,14.212,21,21,36,46,51,56,61,..
Aquaculture production (metric tons),ER.FSH.AQUA.MT,Bangladesh,BGD,1956925,2060408,2203554,2333402,2405516,2488800,2584256,2639185,2731563,2852572,..
Aquaculture production (metric tons),ER.FSH.AQUA.MT,Barbados,BRB,20.5,20.5,25.5,25.5,25.5,25.5,25.5,10.5,5.5,5.5,..
Aquaculture production (metric tons),ER.FSH.AQUA.MT,Belarus,BLR,10658,9130.9,11199,10353.5,11580.9,9590.7,9266.33,8504.9,7164.4,7438.7,..
Aquaculture production (metric tons),ER.FSH.AQUA.MT,Belgium,BEL,214,82,44,75,111,86,209,223,243,261,..
Aquaculture production (metric tons),ER.FSH.AQUA.MT,Belize,BLZ,7214.96,4206,1151,565,576,579,524,609,730,880,..
Aquaculture production (metric tons),ER.FSH.AQUA.MT,Benin,BEN,1545,4579.66,4327,4649.66,5264.137,5892.447,3136.908,2750,3050,3130,..
Aquaculture production (metric tons),ER.FSH.AQUA.MT,Bermuda,BMU,0,0,0,0,0,0,0,0,0,0,..
Aquaculture production (metric tons),ER.FSH.AQUA.MT,Bhutan,BTN,139,149,185,222,223.62,209.27,181,193,95,43,..
Aquaculture production (metric tons),ER.FSH.AQUA.MT,Bolivia,BOL,1822,4239.4,4277,6492,9177,11734,15542,18902,21483,29050,..
Aquaculture production (metric tons),ER.FSH.AQUA.MT,Bosnia and Herzegovina,BIH,3397,4490.6,4603.6,3800.4,3678.8,3997.4,3815.8,3858.6,3959.9,4065.6,..
Aquaculture production (metric tons),ER.FSH.AQUA.MT,Botswana,BWA,0,20,15,20,25,35,146,163,171,166,..
Aquaculture production (metric tons),ER.FSH.AQUA.MT,Brazil,BRA,564221.573,578372.925,543082.013,565296.448,581737.705,600700.09,630900.2,650672.227,738981,793095.871,..
Aquaculture production (metric tons),ER.FSH.AQUA.MT,British Virgin Islands,VGB,0,0.5,0.5,1,1,1,1,1,1,1,..
Aquaculture production (metric tons),ER.FSH.AQUA.MT,Brunei Darussalam,BRN,711.07,983.14,947.63,1632,1245.987,933.195,3500.047,4767.922,5018.305,1690.55,..
Aquaculture production (metric tons),ER.FSH.AQUA.MT,Bulgaria,BGR,11171.795,10873.372,13128.734,13708.627,13770.455,14051.485,13003.603,12973.568,9005.957,9928.228,..
Aquaculture production (metric tons),ER.FSH.AQUA.MT,Burkina Faso,BFA,236,236,336,417,453,600,701,878,894,1187,..
Aquaculture production (metric tons),ER.FSH.AQUA.MT,Burundi,BDI,225,366,380,440,445,495,490,540,540,615,..
Aquaculture production (metric tons),ER.FSH.AQUA.MT,Cabo Verde,CPV,0,0,0,0,0,5,22,28,35,35,..
Aquaculture production (metric tons),ER.FSH.AQUA.MT,Cambodia,KHM,120055,145000,172500,207500,254050,307408,400400.3,348350,330600,314000,..
Aquaculture production (metric tons),ER.FSH.AQUA.MT,Cameroon,CMR,1575,1955,4395,5000,5214,9078,6817,8192,8224,12230,..
Aquaculture production (metric tons),ER.FSH.AQUA.MT,Canada,CAN,139732,187462,201004,191311,190383,187456,167138,188418,167770,146183,..
Aquaculture production (metric tons),ER.FSH.AQUA.MT,Cayman Islands,CYM,10,10,10,10,10,79,82,85,88,90,..
Aquaculture production (metric tons),ER.FSH.AQUA.MT,Central African Republic,CAF,195,195,195,190,204,239,279,320,350,390,..
Aquaculture production (metric tons),ER.FSH.AQUA.MT,Chad,TCD,60,154,94,105,105,105,105,110,120,125,..
Aquaculture production (metric tons),ER.FSH.AQUA.MT,Channel Islands,CHI,1317.75,1769.2,1499.65,1377.2,1466.6,1378.2,1107.37,1145,1190,..,..
Aquaculture production (metric tons),ER.FSH.AQUA.MT,Chile,CHL,1227359,1057742,1050117,1219747.097,1287232.58,1407289,1505486,1443520,1524149,1502919,..
Aquaculture production (metric tons),ER.FSH.AQUA.MT,China,CHN,57320503.727,59368941.586,62318377.873,64358480.813,66135059.342,68423859,70483538.48,72805297,75434999,78276940.6,..
Aquaculture production (metric tons),ER.FSH.AQUA.MT,Colombia,COL,92002,95857,106685,118485,132756.22,171025.445,179350.99,192521.003,204941.99,202960,..
Aquaculture production (metric tons),ER.FSH.AQUA.MT,Comoros,COM,0,0,0,0,0,0,0,0,0,0,..
Aquaculture production (metric tons),ER.FSH.AQUA.MT,"Congo, Dem. Rep.",COD,2921,3007,3226,3580,3880,4290,4690,5095,5295,5510,..
Aquaculture production (metric tons),ER.FSH.AQUA.MT,"Congo, Rep.",COG,520,579,643,692,640,731,900,911,976.6,1657,..
Aquaculture production (metric tons),ER.FSH.AQUA.MT,Costa Rica,CRI,26765.5,23559.5,22212,21124,21955,22046,16268.95,17309.4,16772.41,16467.64,..
Aquaculture production (metric tons),ER.FSH.AQUA.MT,Cote d'Ivoire,CIV,3750,4000,4392,4420,4550,4580,5650,7170,7957,8806,..
Aquaculture production (metric tons),ER.FSH.AQUA.MT,Croatia,HRV,13767.995,16874.856,17269.035,17114.409,19680.308,20442.966,21718.27,27919.701,27217.793,26823.903,..
Aquaculture production (metric tons),ER.FSH.AQUA.MT,Cuba,CUB,31282.6,32056,29185,31210,28628,27169.8,26240,22954.1,15542.4,12823.82,..
Aquaculture production (metric tons),ER.FSH.AQUA.MT,Curacao,CUW,0,0.5,0.5,0.5,0.5,0,0,0,0,0,..
Aquaculture production (metric tons),ER.FSH.AQUA.MT,Cyprus,CYP,4835.344,5847.54,6650.26,7303.11,7375.14,8100.26,7358.6,7878.96,7605.4,5700.2,..
Aquaculture production (metric tons),ER.FSH.AQUA.MT,Czechia,CZE,20135,20200,20952,21685,21751,20986,20401,20991,19259,18613,..
Aquaculture production (metric tons),ER.FSH.AQUA.MT,Denmark,DNK,34382.2,35866.7,36338,37499,36453,40220.96,42629,40594.2,37922.2,33135.4,..
Aquaculture production (metric tons),ER.FSH.AQUA.MT,Djibouti,DJI,0,0,0,0,0,0,0,0,0,0,..
Aquaculture production (metric tons),ER.FSH.AQUA.MT,Dominica,DMA,6,6,6,0,0,0,0.1,1.5,2.5,2,..
Aquaculture production (metric tons),ER.FSH.AQUA.MT,Dominican Republic,DOM,2180.5,2290,2095,2639,3009,3165,3430,3750,3750,3820,..
Aquaculture production (metric tons),ER.FSH.AQUA.MT,Ecuador,ECU,368492,426750.4,451395.3,485005,581450,695850,774588.55,904136.29,1123048,1234088,..
Aquaculture production (metric tons),ER.FSH.AQUA.MT,"Egypt, Arab Rep.",EGY,1137091,1174831,1370660,1406864.5,1594231,1641949,1591896,1576189.4,1552430,1552430,..
Aquaculture production (metric tons),ER.FSH.AQUA.MT,El Salvador,SLV,1663,6742.71,7955.68,11027.63,10913.22,9944.05,8378,12748.852,12919,13418,..
Aquaculture production (metric tons),ER.FSH.AQUA.MT,Equatorial Guinea,GNQ,15,16,16,16,16,18,18,18,19,19,..
Aquaculture production (metric tons),ER.FSH.AQUA.MT,Eritrea,ERI,0,0,3,3,3,4,4,4,4,4,..
Aquaculture production (metric tons),ER.FSH.AQUA.MT,Estonia,EST,870.475,798.7,867.733,870.461,943.661,1061.971,1090.15,849.46,800.819,918.461,..
Aquaculture production (metric tons),ER.FSH.AQUA.MT,Eswatini,SWZ,60,60,60,60,60,60,60,60,60,60,..
Aquaculture production (metric tons),ER.FSH.AQUA.MT,Ethiopia,ETH,85.5,90.5,95,126,165,430,534,740,1070,2740,..
Aquaculture production (metric tons),ER.FSH.AQUA.MT,Faroe Islands,FRO,86454,80622,83333,86866,78975,95085,89055,115760,108745,98245,..
Aquaculture production (metric tons),ER.FSH.AQUA.MT,Fiji,FJI,1079,688,185,245,300,305,322.3,206.1,211,542.3,..
Aquaculture production (metric tons),ER.FSH.AQUA.MT,Finland,FIN,13465,14877,14412.17,14586.9,14163.7,15295.8,15052.9,14399.4,16280.6,15168.6,..
Aquaculture production (metric tons),ER.FSH.AQUA.MT,France,FRA,180390,163352.6,180610.8,188605.81,187485.08,196171.36,191070.413,193352.177,200633.991,186568.789,..
Aquaculture production (metric tons),ER.FSH.AQUA.MT,French Polynesia,PYF,2086.534,1914.672,1348.973,1733.613,1859.397,1887.386,1475.117,1564.175,1756.989,1246.5,..
Aquaculture production (metric tons),ER.FSH.AQUA.MT,Gabon,GAB,45,45,50,50,62,62,72,72,87,90,..
Aquaculture production (metric tons),ER.FSH.AQUA.MT,"Gambia, The",GMB,47,47,57,57,55,55,65,67,69,69,..
Aquaculture production (metric tons),ER.FSH.AQUA.MT,Georgia,GEO,1495,1655,1805,2042,2381.5,2444.7,2026.9,2790.4,2743.2,2458.4,..
Aquaculture production (metric tons),ER.FSH.AQUA.MT,Germany,DEU,26032,29909,41801,35979,34196,40756,32258,32649,26545,34961.3,..
Aquaculture production (metric tons),ER.FSH.AQUA.MT,Ghana,GHA,38545,44610,52480,57415,76630,52360,64010,89380,92135,100042,..
Aquaculture production (metric tons),ER.FSH.AQUA.MT,Gibraltar,GIB,0,0,0,0,0,0,0,0,0,0,..
Aquaculture production (metric tons),ER.FSH.AQUA.MT,Greece,GRC,104663,107161.8,123707.1,125524.7,132364.52,128821.578,131737.165,143925.564,141997.591,141932.769,..
Aquaculture production (metric tons),ER.FSH.AQUA.MT,Greenland,GRL,0,0,0,0,0,0,0,6,20,32,..
Aquaculture production (metric tons),ER.FSH.AQUA.MT,Grenada,GRD,0,1.4,22.6,18.5,20.5,22.5,22.5,22.5,26,26,..
Aquaculture production (metric tons),ER.FSH.AQUA.MT,Guam,GUM,110,110,110,100,103,105,108,105,108,103,..
Aquaculture production (metric tons),ER.FSH.AQUA.MT,Guatemala,GTM,21395,22247.6,23448.9,26360,28317,31000,33651,32583.45,42313.4,42490.34,..
Aquaculture production (metric tons),ER.FSH.AQUA.MT,Guinea,GIN,351,409,477.8,572.9,686.6,806.2,1483,1519,3950,5985,..
Aquaculture production (metric tons),ER.FSH.AQUA.MT,Guinea-Bissau,GNB,0,0,10,25,25,20,15,15,15,15,..
Aquaculture production (metric tons),ER.FSH.AQUA.MT,Guyana,GUY,367.496,417.64,336.7,696.268,306.76,243.02,137.626,141.73,953.4,1565,..
Aquaculture production (metric tons),ER.FSH.AQUA.MT,Haiti,HTI,1010,1220,1290,1400,1430,1555,1560,1610,1685,1655,..
Aquaculture production (metric tons),ER.FSH.AQUA.MT,Honduras,HND,61750,55100,54000,64500,65000,68100,71151.1,63267.8,73193,102768,..
Aquaculture production (metric tons),ER.FSH.AQUA.MT,"Hong Kong SAR, China",HKG,3897,3894,4258,4172,4133,3787.1,3834.7,4008.87,3361.2,2059.81,..
Aquaculture production (metric tons),ER.FSH.AQUA.MT,Hungary,HUN,15326,17337,16247.969,18257.5,17852.3,17283.305,18435.87,18024.757,18557.112,17785.024,..
Aquaculture production (metric tons),ER.FSH.AQUA.MT,Iceland,ISL,8433.5,8382.6,15129,20858.7,19185,34054.8,40609,53154,51362,49602,..
Aquaculture production (metric tons),ER.FSH.AQUA.MT,India,IND,4884002,5344002,5701902,6212869,7247902,7933000,8641286,9408300,10235300,11321123,..
Aquaculture production (metric tons),ER.FSH.AQUA.MT,Indonesia,IDN,14375286.83,15649311.1,16002319.09,16118238,15771806,15371627.33,14791014.403,14677773.215,14776056.934,15361425.425,..
Aquaculture production (metric tons),ER.FSH.AQUA.MT,"Iran, Islamic Rep.",IRN,320174,346118,398129,412887,439718,458131,480500,478737,548055,616650,..
Aquaculture production (metric tons),ER.FSH.AQUA.MT,Iraq,IRQ,26625,24803,28835,31814,25737,22269,22704,22694,23000,23944.85,..
Aquaculture production (metric tons),ER.FSH.AQUA.MT,Ireland,IRL,31200.2,39650,40244.43,45433.1,36895.9,37913.7,37750.7,42099,44014,35118,..
Aquaculture production (metric tons),ER.FSH.AQUA.MT,Isle of Man,IMN,0,0,0,0,0,0,0,0,0,0,..
Aquaculture production (metric tons),ER.FSH.AQUA.MT,Israel,ISR,20166,19640,18914,17997,17025,16940,15280,14875,13840,14500,..
Aquaculture production (metric tons),ER.FSH.AQUA.MT,Italy,ITA,148730.35,148762.6,156460,156625,145000.183,132377.8,125790.259,145861.9,130496.845,126291.553,..
Aquaculture production (metric tons),ER.FSH.AQUA.MT,Jamaica,JAM,881,607,952,1347,1494,1122,926.75,884.2,963.2,970.2,..
Aquaculture production (metric tons),ER.FSH.AQUA.MT,Japan,JPN,1021848.585,1105651.683,1068034.499,1023192.201,1034919.655,946642.842,998938.829,959646.015,943494.827,879361.1,..
Aquaculture production (metric tons),ER.FSH.AQUA.MT,Jordan,JOR,900,950,1120,1220,1330,1940,2055,2145,2582,2719.4,..
Aquaculture production (metric tons),ER.FSH.AQUA.MT,Kazakhstan,KAZ,410,730.4,1878,2776,5653.269,6933.1,6827.288,7847.743,13297.232,17107.709,..
Aquaculture production (metric tons),ER.FSH.AQUA.MT,Kenya,KEN,24498,18961,15310,13128,16957,20300,24803,28470,28938,33265,..
Aquaculture production (metric tons),ER.FSH.AQUA.MT,Kiribati,KIR,6932,3512,2,152,2,2,2,2,2,2,..
Aquaculture production (metric tons),ER.FSH.AQUA.MT,"Korea, Dem. People's Rep.",PRK,567545,567750,619750,625060,679060,679560,680300,680560,680700,680700,..
Aquaculture production (metric tons),ER.FSH.AQUA.MT,"Korea, Rep.",KOR,1567442,1676485,1859220,2334719,2278770,2399720,2334163.18,2435492.669,2313068.64,2304411.151,..
Aquaculture production (metric tons),ER.FSH.AQUA.MT,Kosovo,XKX,..,..,..,..,..,..,..,..,..,..,..
Aquaculture production (metric tons),ER.FSH.AQUA.MT,Kuwait,KWT,297,262,206.16,205,207.65,467.84,462,462,464,464,..
Aquaculture production (metric tons),ER.FSH.AQUA.MT,Kyrgyz Republic,KGZ,577.93,1068.4,1930.7,2100,2558.7,4300,5100,10300,20698.3,33600,..
Aquaculture production (metric tons),ER.FSH.AQUA.MT,Lao PDR,LAO,90360,95965,106600,109800,118700,123000,130020,135008,137788,140000,..
Aquaculture production (metric tons),ER.FSH.AQUA.MT,Latvia,LVA,686.28,862.85,788.077,807.94,829.66,608.64,717.45,901.4,869.91,784.06,..
Aquaculture production (metric tons),ER.FSH.AQUA.MT,Lebanon,LBN,1135,1035,1035,1035,940,940,933,936,938,938,..
Aquaculture production (metric tons),ER.FSH.AQUA.MT,Lesotho,LSO,900.53,1001,1050,1801,2500.46,2550,2601,1501.3,1832.26,2006.8,..
Aquaculture production (metric tons),ER.FSH.AQUA.MT,Liberia,LBR,165,230,345,515,685,855,1030,1150,1375,1362,..
Aquaculture production (metric tons),ER.FSH.AQUA.MT,Libya,LBY,10,10,10,10,10,10,10,10,10,10,..
Aquaculture production (metric tons),ER.FSH.AQUA.MT,Liechtenstein,LIE,0,0,0,0,0,0,0,0,0,0,..
Aquaculture production (metric tons),ER.FSH.AQUA.MT,Lithuania,LTU,3835.8,4450.17,4392.74,3749.07,3744.43,4214.648,4477.45,5135.34,4859.01,4257.88,..
Aquaculture production (metric tons),ER.FSH.AQUA.MT,Luxembourg,LUX,0,0,0,0,0,0,0,0,0,0,..
Aquaculture production (metric tons),ER.FSH.AQUA.MT,"Macao SAR, China",MAC,0,0,0,0,0,0,0,0,0,0,..
Aquaculture production (metric tons),ER.FSH.AQUA.MT,Madagascar,MDG,15440,22694.21,26003,28345,12775.057,14114.41,13585.45,16488.86,25187.6,37572.9,..
Aquaculture production (metric tons),ER.FSH.AQUA.MT,Malawi,MWI,4741.56,4974,7646.39,12216.8,9014,8262,9393,9948,7148,4780,..
Aquaculture production (metric tons),ER.FSH.AQUA.MT,Malaysia,MYS,521014.466,506965.2,407887.091,427515.53,391977.48,412281.035,400517.17,417478.41,574182.27,507367.53,..
Aquaculture production (metric tons),ER.FSH.AQUA.MT,Maldives,MDV,4,4,4,4,2,2,4,4,6,6,..
Aquaculture production (metric tons),ER.FSH.AQUA.MT,Mali,MLI,1953,2400,4194,3914,5327,6985,7686,8484,8830,9009,..
Aquaculture production (metric tons),ER.FSH.AQUA.MT,Malta,MLT,8606,10800,13655.917,15720.697,19291.375,13823.701,19829.521,16410.248,18050.539,20833.294,..
Aquaculture production (metric tons),ER.FSH.AQUA.MT,Marshall Islands,MHL,0.61,0.2,5,5,2.27,0.072,9.66,2.12,25.84,2.96,..
Aquaculture production (metric tons),ER.FSH.AQUA.MT,Mauritania,MRT,0,0,0,0,0,0,0,0,0,0,..
Aquaculture production (metric tons),ER.FSH.AQUA.MT,Mauritius,MUS,777.5,775.99,1021.32,1253.52,2069.6,3251.2,3298,2315.526,1545.3,2354.545,..
Aquaculture production (metric tons),ER.FSH.AQUA.MT,Mexico,MEX,194229.758,211621.644,221327.46,243307.314,247222.423,303646.704,348601.756,239802.704,289618.536,276701.527,..
Aquaculture production (metric tons),ER.FSH.AQUA.MT,"Micronesia, Fed. Sts.",FSM,0,0,0.5,0.5,0.5,0.5,0.5,0.5,0.5,0.5,..
Aquaculture production (metric tons),ER.FSH.AQUA.MT,Moldova,MDA,11080,11246.05,12091.4,12163,12610,12680,12600,12905,12910,14245,..
Aquaculture production (metric tons),ER.FSH.AQUA.MT,Monaco,MCO,0,0,0,0,0,0,0,0,0,0,..
Aquaculture production (metric tons),ER.FSH.AQUA.MT,Mongolia,MNG,0,0,0,0,0,0,0,0,0,0,..
Aquaculture production (metric tons),ER.FSH.AQUA.MT,Montenegro,MNE,859,813,929,1022,1097,1074,885,858,1087,1364,..
Aquaculture production (metric tons),ER.FSH.AQUA.MT,Morocco,MAR,1189,1050,1150.1,1270.01,1266.906,1598.109,1617.816,2083.362,2385.93,2366.593,..
Aquaculture production (metric tons),ER.FSH.AQUA.MT,Mozambique,MOZ,1179,1133,1180,1840,2664,2473,3332,4148,5547,6035,..
Aquaculture production (metric tons),ER.FSH.AQUA.MT,Myanmar,MMR,964255.83,999630.023,1017614.357,1048692.015,1131570.444,1082198.65,1144813,1167356.69,1197078.002,1197000,..
Aquaculture production (metric tons),ER.FSH.AQUA.MT,Namibia,NAM,647.34,625.73,525.2,506.93,342.48,388.961,320.715,321,340,340,..
Aquaculture production (metric tons),ER.FSH.AQUA.MT,Nauru,NRU,0.3,0.3,0.3,0.3,0.5,0.3,0.5,0.5,0.5,0.5,..
Aquaculture production (metric tons),ER.FSH.AQUA.MT,Nepal,NPL,43400,48000,49043,56157.1,65864,71252,76822,84291,87385,92740,..
Aquaculture production (metric tons),ER.FSH.AQUA.MT,Netherlands,NLD,63206,62357,61867,51460,53542,45987,40052,40742,38477,41670.7,..
Aquaculture production (metric tons),ER.FSH.AQUA.MT,New Caledonia,NCL,1659,1276,1611.25,1481.5,1640.3,1514.881,1500.889,1459.522,1479,1429,..
Aquaculture production (metric tons),ER.FSH.AQUA.MT,New Zealand,NZL,109873.85,91275.3,109016.2,116530,104549,114582,118582,116839,106152,109154,..
Aquaculture production (metric tons),ER.FSH.AQUA.MT,Nicaragua,NIC,30566,24536,21182,24899,29473.4,29523.3,29489,31005.9,31568.5,32040,..
Aquaculture production (metric tons),ER.FSH.AQUA.MT,Niger,NER,329,300,300,350,350,351.642,649,472,500,494,..
Aquaculture production (metric tons),ER.FSH.AQUA.MT,Nigeria,NGA,313231,316727,306767,296191,291323,289543,261710.718,275645,259106,258800,..
Aquaculture production (metric tons),ER.FSH.AQUA.MT,North Macedonia,MKD,1214,991,986,1508.4,1359.3,1955.5,1633.891,1660.51,1814.2,1873.2,..
Aquaculture production (metric tons),ER.FSH.AQUA.MT,Northern Mariana Islands,MNP,42,42,42,42,42,42,41,41,41,41,..
Aquaculture production (metric tons),ER.FSH.AQUA.MT,Norway,NOR,1332497.022,1380890.06,1326216.18,1308633.792,1355116.8,1453042.385,1490412.045,1665112.048,1661740.372,1649984.18,..
Aquaculture production (metric tons),ER.FSH.AQUA.MT,Oman,OMN,282.4,170,103,77.248,451.45,1054,1307,1703,3471,5093,..
Aquaculture production (metric tons),ER.FSH.AQUA.MT,Pakistan,PAK,148381,151174,157017,158075,159706,161390,163132,165212,166200,168700,..
Aquaculture production (metric tons),ER.FSH.AQUA.MT,Palau,PLW,29.326,26.19,23.8,20.7,22.7,17,15,11.2,10,11,..
Aquaculture production (metric tons),ER.FSH.AQUA.MT,Panama,PAN,10635,9550.32,8807.4,9900.36,8825.4,7225.217,3909.098,6724.44,11847.21,14742.67,..
Aquaculture production (metric tons),ER.FSH.AQUA.MT,Papua New Guinea,PNG,3625,3680,3655,3201.103,2471.1,2271,2322,2342,2462,2552,..
Aquaculture production (metric tons),ER.FSH.AQUA.MT,Paraguay,PRY,7500,8481,8500,10781,11536,12750,14100,14150,20000,20150,..
Aquaculture production (metric tons),ER.FSH.AQUA.MT,Peru,PER,115271.42,90976.46,100187.15,100458.36,141224.38,161278.626,143829.722,150817.595,140930.627,105082.293,..
Aquaculture production (metric tons),ER.FSH.AQUA.MT,Philippines,PHL,2337605,2348159,2200912.247,2237787,2304360.747,2358238.376,2322831.427,2246315.779,2349252.015,2384023.388,..
Aquaculture production (metric tons),ER.FSH.AQUA.MT,Poland,POL,40109.69,33559.64,35452.006,35418.5,36806.31,39730.54,45417.828,39609.885,42201.499,40666.522,..
Aquaculture production (metric tons),ER.FSH.AQUA.MT,Portugal,PRT,11338.938,9562.876,9787.66,12508.74,13991.176,13690.77,20608.01,19541.475,18896,22447.545,..
Aquaculture production (metric tons),ER.FSH.AQUA.MT,Puerto Rico (US),PRI,20,20,16,16,16,16,11,11,11,11,..
Aquaculture production (metric tons),ER.FSH.AQUA.MT,Qatar,QAT,56,10,10,10,10,22,22.8,113.9,97.845,69.32,..
Aquaculture production (metric tons),ER.FSH.AQUA.MT,Romania,ROU,10679.98,11041.748,12574.03,12798.2,12298.45,12847.787,12371,11714,11210.78,11264.3,..
Aquaculture production (metric tons),ER.FSH.AQUA.MT,Russian Federation,RUS,163600,154050,173981,186547,204032,248293,291194,319342,348187,365269,..
Aquaculture production (metric tons),ER.FSH.AQUA.MT,Rwanda,RWA,1506,1622.2,1582,3359,3559,3852,4928.6,5803.3,6202,7302,..
Aquaculture production (metric tons),ER.FSH.AQUA.MT,Samoa,WSM,5.562,13.34,12,12.12,14.929,15.3,10.014,10,10,13.254,..
Aquaculture production (metric tons),ER.FSH.AQUA.MT,San Marino,SMR,0,0,0,0,0,0,0,0,0,0,..
Aquaculture production (metric tons),ER.FSH.AQUA.MT,Sao Tome and Principe,STP,0,0,0,0,0,0,0,0,0,0,..
Aquaculture production (metric tons),ER.FSH.AQUA.MT,Saudi Arabia,SAU,23880,30000,39945,55025,72025,75562.8,99906.6,114489.66,119844.7,138823,..
Aquaculture production (metric tons),ER.FSH.AQUA.MT,Senegal,SEN,1012,1212.5,2078.83,1010.7,1108,1010,1110,1220.5,1739.1,3801.1,..
Aquaculture production (metric tons),ER.FSH.AQUA.MT,Serbia,SRB,7168.37,7387,6877.66,5069.65,7338.7,6806.77,6010.26,7307.89,5776.47,5806.37,..
Aquaculture production (metric tons),ER.FSH.AQUA.MT,Seychelles,SYC,0.1,0.1,0,0.1,0,0,0,0,0,28.8,..
Aquaculture production (metric tons),ER.FSH.AQUA.MT,Sierra Leone,SLE,75,85,85,85,100,100,115,135,160,185,..
Aquaculture production (metric tons),ER.FSH.AQUA.MT,Singapore,SGP,5262.323,6896.294,6112.361,5833.77,5701.649,5831.35,4828.849,5243.564,4745.21,4207.03,..
Aquaculture production (metric tons),ER.FSH.AQUA.MT,Sint Maarten (Dutch part),SXM,0,0,0,0,0,0,0,0,0,0,..
Aquaculture production (metric tons),ER.FSH.AQUA.MT,Slovak Republic,SVK,1230.66,1308.63,2168.65,2646.264,2224.41,2687.54,2296,2514,2614,2768,..
Aquaculture production (metric tons),ER.FSH.AQUA.MT,Slovenia,SVN,1396.3,1617.2,1858.7,1750.1,1943.5,2143.9,1672.6,1685.9,1643.7,1138.8,..
Aquaculture production (metric tons),ER.FSH.AQUA.MT,Solomon Islands,SLB,12165.4,12203,10586.5,4786.5,5526.5,5607,5507,12463.74,11879.3,710.128,..
Aquaculture production (metric tons),ER.FSH.AQUA.MT,"Somalia, Fed. Rep.",SOM,0,0,0,0,0,0,0,0,0,0,..
Aquaculture production (metric tons),ER.FSH.AQUA.MT,South Africa,ZAF,7222,6730.4,8094.27,6338.32,7991.55,9224.32,9753.01,10346.65,11355.02,8660.82,..
Aquaculture production (metric tons),ER.FSH.AQUA.MT,South Sudan,SSD,20,20,24,27,30,35,40,45,47,50,..
Aquaculture production (metric tons),ER.FSH.AQUA.MT,Spain,ESP,285009.863,293571.976,287484.081,315143.023,353903.01,308041.77,273626.851,276907.049,273065.807,243109.496,..
Aquaculture production (metric tons),ER.FSH.AQUA.MT,Sri Lanka,LKA,34220.3,36037.75,30974.22,28756.16,30921.46,34087.49,42118.9,50977.226,59080.29,60888,..
Aquaculture production (metric tons),ER.FSH.AQUA.MT,St. Kitts and Nevis,KNA,1.2,1.5,1,2,2.5,2.5,3.5,3.5,4,4,..
Aquaculture production (metric tons),ER.FSH.AQUA.MT,St. Lucia,LCA,36.2,26.1,32.44,27.45,60,119.722,91.89,210.72,209.43,157.32,..
Aquaculture production (metric tons),ER.FSH.AQUA.MT,St. Martin (French part),MAF,0,0,0,0,0,0,0,0,0,0,..
Aquaculture production (metric tons),ER.FSH.AQUA.MT,St. Vincent and the Grenadines,VCT,1.4,1.4,1.4,1.1,1,0.24,13.07,13,13,13,..
Aquaculture production (metric tons),ER.FSH.AQUA.MT,Sudan,SDN,6000,7000,6000,6500,6500,6500,6500,6500,6500,5500,..
Aquaculture production (metric tons),ER.FSH.AQUA.MT,Suriname,SUR,82.82,122.17,102.1,106.75,72.4,69.5,37,40,45,45,..
Aquaculture production (metric tons),ER.FSH.AQUA.MT,Sweden,SWE,12899,12020,15747,14793,13095,11579.3,12190.3,15403,11327.2,11425.2,..
Aquaculture production (metric tons),ER.FSH.AQUA.MT,Switzerland,CHE,1593,1593,1733,1733,1843,2358.1,2358.1,2364,2500,2500,..
Aquaculture production (metric tons),ER.FSH.AQUA.MT,Syrian Arab Republic,SYR,3000,2500,2500,2350,2225,2150,1855,1805,1755,1655,..
Aquaculture production (metric tons),ER.FSH.AQUA.MT,Tajikistan,TJK,443.6,450,439,470,512,736,775,2039,2248,2348,..
Aquaculture production (metric tons),ER.FSH.AQUA.MT,Tanzania,TZA,10317.2,10742.2,12547.4,19602,16852.22,18013.4,18886.16,64904.344,75896.046,122095.7,..
Aquaculture production (metric tons),ER.FSH.AQUA.MT,Thailand,THA,898564.86,921023,963573,894974,921313.13,963266.54,1011538,990854,1001024,1001222,..
Aquaculture production (metric tons),ER.FSH.AQUA.MT,Timor-Leste,TLS,949,771,823,993,981,1018,1060,1091,1125,1165,..
Aquaculture production (metric tons),ER.FSH.AQUA.MT,Togo,TGO,25,58,98,132,290,1000,730,882,1151,1568,..
Aquaculture production (metric tons),ER.FSH.AQUA.MT,Tonga,TON,87.31,57.405,21.03,70,80,90,105.2,100,100,100,..
Aquaculture production (metric tons),ER.FSH.AQUA.MT,Trinidad and Tobago,TTO,5.45,23.8,11.1,7.45,7.45,54,4.2,18.2,7.4,5.5,..
Aquaculture production (metric tons),ER.FSH.AQUA.MT,Tunisia,TUN,11663,14584,16153,21933,21826.2,24223.2,23631.1,26099.185,20926.057,21279.071,..
Aquaculture production (metric tons),ER.FSH.AQUA.MT,Turkiye,TUR,235133,240334,253395,276502,314537,373356,421411,471686,514823,556296,..
Aquaculture production (metric tons),ER.FSH.AQUA.MT,Turkmenistan,TKM,50,50,75,80,120,140,150,160,175,180,..
Aquaculture production (metric tons),ER.FSH.AQUA.MT,Turks and Caicos Islands,TCA,0.5,0.5,0.5,0.5,0.5,0,0,0,0,0,..
Aquaculture production (metric tons),ER.FSH.AQUA.MT,Tuvalu,TUV,2.5,2.5,1,1,0.4,0.4,0.4,0.2,0,0.25,..
Aquaculture production (metric tons),ER.FSH.AQUA.MT,Uganda,UGA,111023,117590,118051.2,112343.6,103737,102942.7,123897,138558.4,101422,129980,..
Aquaculture production (metric tons),ER.FSH.AQUA.MT,Ukraine,UKR,24434,22241.3,21424.6,20168.2,18595.43,18603.712,18567.796,16881.808,14630,15270.822,..
Aquaculture production (metric tons),ER.FSH.AQUA.MT,United Arab Emirates,ARE,788,790,2684.9,3255,3230,3240,3047.779,2662.942,3524.96,2257.836,..
Aquaculture production (metric tons),ER.FSH.AQUA.MT,United Kingdom,GBR,234368.628,211759.543,194507.266,227642.446,189921.352,233849.219,220327.205,239268.685,201355.112,183110.112,..
Aquaculture production (metric tons),ER.FSH.AQUA.MT,United States,USA,421289,426111,444793,439801,471429.851,496152.848,448619.606,461788.113,479039.932,456367.511,..
Aquaculture production (metric tons),ER.FSH.AQUA.MT,Uruguay,URY,215,203.828,69.653,69.979,104.774,120.5,97.8,83.9,73.6,63.775,..
Aquaculture production (metric tons),ER.FSH.AQUA.MT,Uzbekistan,UZB,29275.4,36896.6,38055,52450,57384,81717,98003,118933,130274,140283,..
Aquaculture production (metric tons),ER.FSH.AQUA.MT,Vanuatu,VUT,65.698,11.541,15.703,17.047,16.205,16.18,3.08,3,4,5,..
Aquaculture production (metric tons),ER.FSH.AQUA.MT,"Venezuela, RB",VEN,30725.66,18911.41,25998,27000,25911,33636,39221,52065,67531,63524,..
Aquaculture production (metric tons),ER.FSH.AQUA.MT,Viet Nam,VNM,3355234,3475449.61,3581579.03,3831777.53,4192822.5,4373747,4681434.95,4750173.83,5113494.28,5378859.632,..
Aquaculture production (metric tons),ER.FSH.AQUA.MT,Virgin Islands (U.S.),VIR,7.64,8,8,8,8,8,8,8,8,8,..
Aquaculture production (metric tons),ER.FSH.AQUA.MT,West Bank and Gaza,PSE,184,256,280,500,749,630,691,697,731,631,..
Aquaculture production (metric tons),ER.FSH.AQUA.MT,"Yemen, Rep.",YEM,3,5,5,5,10,10,10,10,10,10,..
Aquaculture production (metric tons),ER.FSH.AQUA.MT,Zambia,ZMB,19281,22754,21600,21567.1,29565,38480,45670,63355,75648,76627,..
Aquaculture production (metric tons),ER.FSH.AQUA.MT,Zimbabwe,ZWE,21393.69,21177.81,21500.85,17909.06,18759.33,20356.01,21276.34,5057.82,8353.01,8714.55,..
Aquaculture production (metric tons),ER.FSH.AQUA.MT,Africa Eastern and Southern,AFE,351294.81,398749.88,345219.46,345021.89,330601.7,339123.6,369846.12,414614.85,413258.19,..,..
Aquaculture production (metric tons),ER.FSH.AQUA.MT,Africa Western and Central,AFW,363662,377825.16,379237.63,374719.26,393508.74,372606.3,357297.65,400390.5,429821.7,..,..
Aquaculture production (metric tons),ER.FSH.AQUA.MT,Arab World,ARB,1215588.99,1259594.29,1472670.96,1539062.07,1739378.62,1789937.42,1764585.28,1765853.68,1746351.57,..,..
Aquaculture production (metric tons),ER.FSH.AQUA.MT,Caribbean small states,CSS,7766.37,4855.84,1718.84,1476.02,1098.95,1141.98,920.39,1101.65,2404.23,..,..
Aquaculture production (metric tons),ER.FSH.AQUA.MT,Central Europe and the Baltics,CEB,119209.96,124998.69,131229.72,134047.46,140543.05,143496.55,145698.04,148608.78,142981.8,..,..
Aquaculture production (metric tons),ER.FSH.AQUA.MT,Early-demographic dividend,EAR,27644648.51,29680262.01,30770908.85,31824012.68,33244160.81,34070545.74,34618889.61,35128568.76,36014991.56,..,..
Aquaculture production (metric tons),ER.FSH.AQUA.MT,East Asia & Pacific,EAS,83700667.24,87384278.42,90804004.46,93727117.65,95723688.61,98016929.46,99957970.96,101976186.84,102115646.49,..,..
Aquaculture production (metric tons),ER.FSH.AQUA.MT,East Asia & Pacific (excluding high income),EAP,80575336.8,84099133.52,87406420.39,89869309.15,91910116.14,94158512.97,96109749.52,98051137.27,100660980.52,..,..
Aquaculture production (metric tons),ER.FSH.AQUA.MT,East Asia & Pacific (IDA & IBRD countries),TEA,80007821.43,83531410.01,86786694.49,89244270.15,91231079.34,93478970.27,95429465.02,97370588.97,100660991.02,..,..
Aquaculture production (metric tons),ER.FSH.AQUA.MT,Euro area,EMU,905746.52,918638.19,970694.97,1002912.2,1034571.54,979882.35,935034.29,979897.88,967016.85,..,..
Aquaculture production (metric tons),ER.FSH.AQUA.MT,Europe & Central Asia,ECS,3214533.78,3261825.67,3296926.85,3392600.02,3489717.59,3747023.5,3830340.47,4208555.25,4011815.54,..,..
Aquaculture production (metric tons),ER.FSH.AQUA.MT,Europe & Central Asia (excluding high income),ECA,344425.7,356670.05,377459.66,412320.15,463142.59,548726.27,615016.56,691401.5,748109.8,..,..
Aquaculture production (metric tons),ER.FSH.AQUA.MT,Europe & Central Asia (IDA & IBRD countries),TEC,583755.15,589144.19,635394.5,683148.28,758428.68,891529.81,1002880.62,1109428.45,1190284.41,..,..
Aquaculture production (metric tons),ER.FSH.AQUA.MT,European Union,EUU,1050450.18,1065611.18,1126663.73,1162312.42,1195296.62,1144020.02,1103579.71,1146407.44,1121303.57,..,..
Aquaculture production (metric tons),ER.FSH.AQUA.MT,Fragile and conflict affected situations,FCS,1429740.19,1451570.75,1467478.79,1487773.37,1563989.58,1522057.58,1569544.54,1613868.17,1571786.25,..,..
Aquaculture production (metric tons),ER.FSH.AQUA.MT,Heavily indebted poor countries (HIPC),HPC,445655.14,499395.15,455718.15,483267.49,490083.18,475835.73,516465.69,599142.49,647405.2,..,..
Aquaculture production (metric tons),ER.FSH.AQUA.MT,High income,HIC,7875878.35,7957043.04,8119691.8,8813353.58,8933617.09,9288340.14,9347883.86,9712791.35,7076957.12,..,..
Aquaculture production (metric tons),ER.FSH.AQUA.MT,IBRD only,IBD,88424964.44,92299214.63,96180865.66,99450565.74,102856429.62,106332876.93,109139165.72,111950554.39,116149391.97,..,..
Aquaculture production (metric tons),ER.FSH.AQUA.MT,IDA & IBRD total,IBT,92652652.72,96756014.73,100774358.9,104268805.63,107911047.22,111504277.08,114618916.2,117596303.59,121838254.48,..,..
Aquaculture production (metric tons),ER.FSH.AQUA.MT,IDA blend,IDB,555718.87,561072.28,551491.09,551421.96,558906.33,589778.97,587592.94,613695.64,614746.54,..,..
Aquaculture production (metric tons),ER.FSH.AQUA.MT,IDA only,IDX,3671969.41,3895727.82,4042002.15,4266817.93,4495711.27,4581621.18,4892157.54,5032053.56,5074115.97,..,..
Aquaculture production (metric tons),ER.FSH.AQUA.MT,IDA total,IDA,4227688.28,4456800.1,4593493.24,4818239.89,5054617.6,5171400.15,5479750.48,5645749.2,5688862.51,..,..
Aquaculture production (metric tons),ER.FSH.AQUA.MT,Late-demographic dividend,LTE,64933487.98,66958634.49,70011050.37,72492030.9,74795841.59,77579853.87,80177776.16,82597569.73,85309840.77,..,..
Aquaculture production (metric tons),ER.FSH.AQUA.MT,Latin America & Caribbean,LCN,2801352.23,2678551.28,2687247.41,2973217.47,3216338,3594503.26,3838618.3,3850501.52,4260570.83,..,..
Aquaculture production (metric tons),ER.FSH.AQUA.MT,Latin America & Caribbean (excluding high income),LAC,1505188.94,1568051.95,1579604.56,1694582.31,1871903.2,2123730.02,2272295.12,2328951.35,2706618.41,..,..
Aquaculture production (metric tons),ER.FSH.AQUA.MT,Latin America & the Caribbean (IDA & IBRD countries),TLA,2770022.14,2646446.45,2658017.91,2941964.97,3187666.16,3567469.56,3812598.8,3827729.42,4245078.93,..,..
Aquaculture production (metric tons),ER.FSH.AQUA.MT,Least developed countries: UN classification,LDC,3503454.91,3732419.54,3879398.79,4087637.33,4290519.93,4392742.55,4680333.96,4786727.79,4755083.26,..,..
Aquaculture production (metric tons),ER.FSH.AQUA.MT,Low & middle income,LMY,91716103.84,96013035,100057921.61,103376007.74,106979618.97,110397476.7,113371143.96,116360003.87,119857265.85,..,..
Aquaculture production (metric tons),ER.FSH.AQUA.MT,Low income,LIC,721434.56,737802.41,798190.59,811330.4,842915.06,846054.76,874332.05,899990.56,187186.6,..,..
Aquaculture production (metric tons),ER.FSH.AQUA.MT,Lower middle income,LMC,15796184.71,16646096.87,17292481.46,18350875.77,20260474,21345437.19,22556286.26,23444037.46,24835387.82,..,..
Aquaculture production (metric tons),ER.FSH.AQUA.MT,"Middle East, North Africa, Afghanistan & Pakistan",MEA,1711675.99,1785776.29,2059949.88,2141135.77,2372445.99,2439205.11,2443100.81,2442509.92,1945867.11,..,..
Aquaculture production (metric tons),ER.FSH.AQUA.MT,"Middle East, North Africa, Afghanistan & Pakistan (excluding high income)",MNA,1657594.89,1724098.29,1984416.69,2048824.82,2260184.52,2328058.78,2303199.09,2291742.18,1786521.06,..,..
Aquaculture production (metric tons),ER.FSH.AQUA.MT,"Middle East, North Africa, Afghanistan & Pakistan (IDA & IBRD)",TMN,1657410.89,1723842.29,1984136.69,2048324.82,2259435.52,2327428.78,2302554.09,2291045.18,1785794.06,..,..
Aquaculture production (metric tons),ER.FSH.AQUA.MT,Middle income,MIC,90994669.28,95275232.59,99259731.02,102564677.34,106136703.91,109551421.94,112496811.91,115460013.31,119670079.25,..,..
Aquaculture production (metric tons),ER.FSH.AQUA.MT,North America,NAC,560921,613476.5,645462.5,631319,662684.35,683342.85,618374.61,651871.12,645286.94,..,..
Aquaculture production (metric tons),ER.FSH.AQUA.MT,Not classified,INX,..,..,..,..,..,..,..,..,..,..,..
Aquaculture production (metric tons),ER.FSH.AQUA.MT,OECD members,OED,7707199.42,7840131.26,8054348.44,8740991.31,8884724.54,9325141.09,9436856.08,9683804.55,7133486.82,..,..
Aquaculture production (metric tons),ER.FSH.AQUA.MT,Other small states,OSS,26280.98,29421.07,40283.46,49947.59,52484.28,63610.24,77917.31,87629.39,86910.43,..,..
Aquaculture production (metric tons),ER.FSH.AQUA.MT,Pacific island small states,PSS,20367.71,16514.48,10853.84,5311.17,5967.6,6055.35,5975.75,12799.66,12228.14,..,..
Aquaculture production (metric tons),ER.FSH.AQUA.MT,Post-demographic dividend,PST,5941531.56,6223364.33,6407777.82,6858399.93,6887805.31,7029337.74,6943162.66,7279582.58,4527564.15,..,..
Aquaculture production (metric tons),ER.FSH.AQUA.MT,Pre-demographic dividend,PRE,676070.15,730802.31,673753.45,670671.22,646576.02,651033.41,651160.1,729558.76,708578.3,..,..
Aquaculture production (metric tons),ER.FSH.AQUA.MT,Small states,SST,54415.06,50791.39,52856.14,56734.78,59550.83,70807.57,84813.45,101530.7,101542.8,..,..
Aquaculture production (metric tons),ER.FSH.AQUA.MT,South Asia,SAS,6918686.3,7488596.75,7985658.22,8631356.26,9750327.08,10527148.76,11344273.9,12182506.22,13113026.17,..,..
Aquaculture production (metric tons),ER.FSH.AQUA.MT,South Asia (IDA & IBRD),TSA,6918686.3,7488596.75,7985658.22,8631356.26,9750327.08,10527148.76,11344273.9,12182506.22,13113026.17,..,..
Aquaculture production (metric tons),ER.FSH.AQUA.MT,Sub-Saharan Africa,SSF,714956.81,776575.04,724457.09,719741.15,724110.44,711729.9,727143.77,815005.35,843079.89,..,..
Aquaculture production (metric tons),ER.FSH.AQUA.MT,Sub-Saharan Africa (excluding high income),SSA,714871.21,776484.44,724362.09,719615.05,723945.44,711299.9,726609.77,814265.35,842009.89,..,..
Aquaculture production (metric tons),ER.FSH.AQUA.MT,Sub-Saharan Africa (IDA & IBRD countries),TSS,714956.81,776575.04,724457.09,719741.15,724110.44,711729.9,727143.77,815005.35,843079.89,..,..
Aquaculture production (metric tons),ER.FSH.AQUA.MT,Upper middle income,UMC,75198484.57,78629135.72,81967249.56,84213801.57,85876229.91,88205984.75,89940525.65,92015975.85,94834691.43,..,..
Aquaculture production (metric tons),ER.FSH.AQUA.MT,World,WLD,99622793.35,103989079.95,108203706.41,112216487.32,115939312.06,119719882.84,122759822.82,126127136.22,126935292.97,..,..
Cereal production (metric tons),AG.PRD.CREL.MT,Afghanistan,AFG,7012523.28,6010288,5708330.42,5059633.97,4304555.5,5771861,6241828,4970923,4802495,5371824.12,..
Cereal production (metric tons),AG.PRD.CREL.MT,Albania,ALB,700370,695000,698430,701734,678196,666065,684023,691126.7,690850,701314.38,..
Cereal production (metric tons),AG.PRD.CREL.MT,Algeria,DZA,3435535,3761229.6,3445227.37,3478175.14,6066238.69,5633592.07,4393330.47,2784008.92,4093798.53,3589552.61,..
Cereal production (metric tons),AG.PRD.CREL.MT,American Samoa,ASM,..,..,..,..,..,..,..,..,..,..,..
Cereal production (metric tons),AG.PRD.CREL.MT,Andorra,AND,..,..,..,..,..,..,..,..,..,..,..
Cereal production (metric tons),AG.PRD.CREL.MT,Angola,AGO,1825128.76,2021290.68,2372602.15,2483183.07,2871952.31,2918493.21,3077110,3059537,3179113,3335449,..
Cereal production (metric tons),AG.PRD.CREL.MT,Antigua and Barbuda,ATG,72.08,74.57,64.71,51.47,36.94,51.04,46.48,44.82,47.45,46.25,..
Cereal production (metric tons),AG.PRD.CREL.MT,Argentina,ARG,50794075.58,55980088.03,61148032.97,76397452.56,70592010,83616878.63,85702612.91,87692340.49,91584261.2,62106556.9,..
Cereal production (metric tons),AG.PRD.CREL.MT,Armenia,ARM,574673,595756.6,598966,298029,334342,195063,242010.7,149802,239505.3,287928.5,..
Cereal production (metric tons),AG.PRD.CREL.MT,Aruba,ABW,..,..,..,..,..,..,..,..,..,..,..
Cereal production (metric tons),AG.PRD.CREL.MT,Australia,AUS,38420401.88,37195914.48,35229824.87,50049458.35,33860810.45,29236269.93,26613452.71,51077807.87,56306582.26,59043989,..
Cereal production (metric tons),AG.PRD.CREL.MT,Austria,AUT,5720308.58,4853895.01,5701697.09,4874849.22,4787200,5399310,5649770,5316150,5205750,5235050,..
Cereal production (metric tons),AG.PRD.CREL.MT,Azerbaijan,AZE,2298047.5,2898559,2965670,2824527.1,3181818,3416764.3,3151182,3258169.4,3055969.7,3153905.6,..
Cereal production (metric tons),AG.PRD.CREL.MT,"Bahamas, The",BHS,687.62,597.18,658.54,647.78,626.45,612.84,621.67,612.12,615.55,616.45,..
Cereal production (metric tons),AG.PRD.CREL.MT,Bahrain,BHR,..,..,..,..,..,..,..,..,..,..,..
Cereal production (metric tons),AG.PRD.CREL.MT,Bangladesh,BGD,55241123,55438379,54262297,58495624,58816519.33,59185501.11,59962356.15,61597969.2,62549531.82,64325662.39,..
Cereal production (metric tons),AG.PRD.CREL.MT,Barbados,BRB,81,122,95.57,73.86,109.3,42,86,49.9,51,41.66,..
Cereal production (metric tons),AG.PRD.CREL.MT,Belarus,BLR,9033775,8186980,7075658,7529412,5813781,6991979,8403688,6914729.28,7748343.68,7053123.71,..
Cereal production (metric tons),AG.PRD.CREL.MT,Belgium,BEL,3162852,3163733,2287774,2764392,2431020,2814390,2565850,2452580,2779540,2754890,..
Cereal production (metric tons),AG.PRD.CREL.MT,Belize,BLZ,94519,80959,91556.38,118376,99341,85114,112007,136612,146715,160169,..
Cereal production (metric tons),AG.PRD.CREL.MT,Benin,BEN,1714040.4,1643227.33,1814288.87,1897503.59,2320755.59,2177782.78,2203105.09,2308912.73,2297372.9,2737481.16,..
Cereal production (metric tons),AG.PRD.CREL.MT,Bermuda,BMU,..,..,..,..,..,..,..,..,..,..,..
Cereal production (metric tons),AG.PRD.CREL.MT,Bhutan,BTN,170212.58,175635.48,176187.02,192713,125754.52,103294.68,103404.39,77691.77,71380.72,70007.72,..
Cereal production (metric tons),AG.PRD.CREL.MT,Bolivia,BOL,2449241,2934919,2660808,2278993.69,3267425.32,2912082,2914459,3741163.26,2615641.21,3226596.67,..
Cereal production (metric tons),AG.PRD.CREL.MT,Bosnia and Herzegovina,BIH,1082655,1137236,1657556,1167004.74,1743762,1666131,1944178,1400676,1431169,1062500,..
Cereal production (metric tons),AG.PRD.CREL.MT,Botswana,BWA,50253.48,43967.04,48572.85,23207.96,80922.63,48664.67,162122.1,122103.33,115448.2,74406.68,..
Cereal production (metric tons),AG.PRD.CREL.MT,Brazil,BRA,101402184,106026684.77,84166681.6,117977043.93,103259697.62,121202029.78,125585473.52,111985618.91,135742766.74,155877474.39,..
Cereal production (metric tons),AG.PRD.CREL.MT,British Virgin Islands,VGB,..,..,..,..,..,..,..,..,..,..,..
Cereal production (metric tons),AG.PRD.CREL.MT,Brunei Darussalam,BRN,2100,3100,2400,2300,2400,2300,3900,4100,3600,3700,..
Cereal production (metric tons),AG.PRD.CREL.MT,Bulgaria,BGR,9530421,8570299,8752219,9475846,10109850,11130990,8598290,11639300,9790690,10345650,..
Cereal production (metric tons),AG.PRD.CREL.MT,Burkina Faso,BFA,4469300,4189665,4567066,4063197,5180701.81,4939629.91,5179104,4661140,5179059.02,5147923.87,..
Cereal production (metric tons),AG.PRD.CREL.MT,Burundi,BDI,236880.85,260287.26,468248.09,375525.86,459945.08,546926.7,697255.69,1178019.5,1581834.95,1072549.83,..
Cereal production (metric tons),AG.PRD.CREL.MT,Cabo Verde,CPV,1065,8677,5642,4,719.4,640,432,449,221.6,464,..
Cereal production (metric tons),AG.PRD.CREL.MT,Cambodia,KHM,9798000,9668100,10494300,11749500,12123500,11780700,11836000,12906000,12787000,14380000,..
Cereal production (metric tons),AG.PRD.CREL.MT,Cameroon,CMR,3357882.36,3645512.68,3716222.4,3692886.95,4063863.6,3889193,3539519.43,3715929.91,3843707.34,3859032.66,..
Cereal production (metric tons),AG.PRD.CREL.MT,Canada,CAN,51683501,53563000,58905767.63,56770935,58726900,61473900,65314300,47546138,65040432,59240420.77,..
Cereal production (metric tons),AG.PRD.CREL.MT,Cayman Islands,CYM,..,..,..,..,..,..,..,..,..,..,..
Cereal production (metric tons),AG.PRD.CREL.MT,Central African Republic,CAF,133138.87,131506,146819.75,147325,151619,157397,277762.88,285796.42,294070.17,302591.56,..
Cereal production (metric tons),AG.PRD.CREL.MT,Chad,TCD,2748668,2452528,2873660,2716901,3021972.6,2925292,2882262.08,2620314.17,2798641,2643417,..
Cereal production (metric tons),AG.PRD.CREL.MT,Channel Islands,CHI,..,..,..,..,..,..,..,..,..,..,..
Cereal production (metric tons),AG.PRD.CREL.MT,Chile,CHL,3478752,3788921.4,3872402.5,3471759.7,3661684.5,3296214.6,2761553.53,3035972.47,2588504.75,2497164.62,..
Cereal production (metric tons),AG.PRD.CREL.MT,China,CHN,560519000,618165313.27,614697468.76,614070169.03,609946694.21,613438323.23,616632008.31,632772813.74,633134294.88,641731705.88,..
Cereal production (metric tons),AG.PRD.CREL.MT,Colombia,COL,3698781.08,3603471.59,3982827.07,4057766.61,3995557.73,4061519.21,4458460.35,4556233.19,4558570.46,4987440,..
Cereal production (metric tons),AG.PRD.CREL.MT,Comoros,COM,14818,15372,15926,16480,17035,17588,18143,18697,19178.59,19705.44,..
Cereal production (metric tons),AG.PRD.CREL.MT,"Congo, Dem. Rep.",COD,3097523.77,3120941.02,3293367.73,3459463.81,3533729.68,3576504.53,3720568.5,3882132.7,4035068.51,4207501.57,..
Cereal production (metric tons),AG.PRD.CREL.MT,"Congo, Rep.",COG,26730.11,27620.12,28896.54,29874.2,29912.76,30925.48,30164.32,30702.74,30222.69,30358.59,..
Cereal production (metric tons),AG.PRD.CREL.MT,Costa Rica,CRI,234587,203816,213880,159571,197700.9,170321.2,151685,157044,121049,83440,..
Cereal production (metric tons),AG.PRD.CREL.MT,Cote d'Ivoire,CIV,2855919,3308600,3159200,3290400,3214062,3139196,2817182,2956948,3065235,3390058.49,..
Cereal production (metric tons),AG.PRD.CREL.MT,Croatia,HRV,3001476.94,2802791,3573872,2659648,3243520,3513320,3746320,3645150,3023810,3191010,..
Cereal production (metric tons),AG.PRD.CREL.MT,Cuba,CUB,1017580,791665.9,930967.8,786203,812373.93,703134.34,525731.5,465811.78,315206.75,294460.89,..
Cereal production (metric tons),AG.PRD.CREL.MT,Curacao,CUW,..,..,..,..,..,..,..,..,..,..,..
Cereal production (metric tons),AG.PRD.CREL.MT,Cyprus,CYP,7362,88127,10161,35836,25290,61280,63130,53960,57480,50990,..
Cereal production (metric tons),AG.PRD.CREL.MT,Czechia,CZE,8783608.2,8187773.98,8600552.1,7460864.15,6970920,7646150,8126660,8227120,8218420,7995530,..
Cereal production (metric tons),AG.PRD.CREL.MT,Denmark,DNK,9796378,10047500,9154326,10027261,6923900,9517830,9467690,8640070,9464200,7001960,..
Cereal production (metric tons),AG.PRD.CREL.MT,Djibouti,DJI,16.46,17.92,16.79,16.75,16.73,16.77,17.32,17.48,17.19,17.33,..
Cereal production (metric tons),AG.PRD.CREL.MT,Dominica,DMA,193.88,188.94,188.27,189.57,190.47,191.38,192.42,192.19,192.66,193.13,..
Cereal production (metric tons),AG.PRD.CREL.MT,Dominican Republic,DOM,856072.81,860251.7,899524.73,950213,1010915.79,970003.28,986240.82,1061440.99,1092365.17,1028927.37,..
Cereal production (metric tons),AG.PRD.CREL.MT,Ecuador,ECU,2814310.08,3238472.69,2372925.49,2801628.56,2443477.8,2400392.92,2425754.14,2948373.24,2928381.42,2754159.42,..
Cereal production (metric tons),AG.PRD.CREL.MT,"Egypt, Arab Rep.",EGY,23323608.72,23141275.32,23385497.4,22923640,17565644.01,21916624.05,22457339.3,23091464.6,22002297,23391009.98,..
Cereal production (metric tons),AG.PRD.CREL.MT,El Salvador,SLV,1001957,854471,1072962,1030124.36,817563.23,921410,911983.75,949883.81,900080,881000,..
Cereal production (metric tons),AG.PRD.CREL.MT,Equatorial Guinea,GNQ,..,..,..,..,..,..,..,..,..,..,..
Cereal production (metric tons),AG.PRD.CREL.MT,Eritrea,ERI,302103.81,306990.27,303673.43,305644.26,305435.99,304917.89,305332.72,305228.87,305159.83,305240.47,..
Cereal production (metric tons),AG.PRD.CREL.MT,Estonia,EST,1221600,1535300,934051,1311893,919830,1624580,1632790,1285750,1528560,1200650,..
Cereal production (metric tons),AG.PRD.CREL.MT,Eswatini,SWZ,121572.06,84589.38,35578.35,86633.02,115701.5,97714.65,89701.89,101839.01,129168.92,87172.99,..
Cereal production (metric tons),AG.PRD.CREL.MT,Ethiopia,ETH,24215411.4,25837227.61,26587343.15,28763752.2,28364293.66,29672647.7,29786630.71,29475600.72,29940144.54,30146269.6,..
Cereal production (metric tons),AG.PRD.CREL.MT,Faroe Islands,FRO,..,..,..,..,..,..,..,..,..,..,..
Cereal production (metric tons),AG.PRD.CREL.MT,Fiji,FJI,7843.06,7427.98,9540.67,10065.79,8282.71,8012.5,10573.64,11829.1,14699.39,9194.18,..
Cereal production (metric tons),AG.PRD.CREL.MT,Finland,FIN,4130625.78,3685494.18,3566470.36,3421642.54,2768190,4036110,3415550,2648990,3590090,3006670,..
Cereal production (metric tons),AG.PRD.CREL.MT,France,FRA,72801345,73072833.8,54616263.89,68730244.14,61839480,70378890,57085160,66877140,59927490,64240810,..
Cereal production (metric tons),AG.PRD.CREL.MT,French Polynesia,PYF,..,..,..,..,..,..,..,..,..,..,..
Cereal production (metric tons),AG.PRD.CREL.MT,Gabon,GAB,44781.36,45415.03,45999.72,46425.6,47181.39,47627.39,48548.2,47785.66,47987.09,48106.98,..
Cereal production (metric tons),AG.PRD.CREL.MT,"Gambia, The",GMB,174464.33,230683,173610,122850,98502.18,95150.4,107673,113500.79,107709.19,128972.23,..
Cereal production (metric tons),AG.PRD.CREL.MT,Georgia,GEO,378206.12,363416.42,431206.97,295207.81,370940.58,371478.05,412342.15,437456.24,377758.81,399752.4,..
Cereal production (metric tons),AG.PRD.CREL.MT,Germany,DEU,52010400,48866800,45364400,45556800,37948100,44302400,43265100,42359400,43479000,42462800,..
Cereal production (metric tons),AG.PRD.CREL.MT,Ghana,GHA,2780040,2753193.99,2798251.57,3126782.91,3573624.57,4411039.66,4636040.81,4858040.31,5136565.41,5765040.5,..
Cereal production (metric tons),AG.PRD.CREL.MT,Gibraltar,GIB,..,..,..,..,..,..,..,..,..,..,..
Cereal production (metric tons),AG.PRD.CREL.MT,Greece,GRC,4263956.43,4297233.2,3962383.67,3682860.97,2993980,2944220,3105370,3233710,3203370,3404050,..
Cereal production (metric tons),AG.PRD.CREL.MT,Greenland,GRL,..,..,..,..,..,..,..,..,..,..,..
Cereal production (metric tons),AG.PRD.CREL.MT,Grenada,GRD,410.56,354.12,388.23,385.82,385.87,384.35,384.24,386.82,388.4,389.98,..
Cereal production (metric tons),AG.PRD.CREL.MT,Guam,GUM,..,..,..,..,..,..,..,..,..,..,..
Cereal production (metric tons),AG.PRD.CREL.MT,Guatemala,GTM,1900910.37,1938866.98,1986485.1,2037704.14,2065221.14,1922130.14,2049922.64,2130605.74,2157520.14,2184608.77,..
Cereal production (metric tons),AG.PRD.CREL.MT,Guinea,GIN,3401200,3532855.87,3648811,3774616,3911040,3891171,4008358,4402724,4745053.21,5292501.76,..
Cereal production (metric tons),AG.PRD.CREL.MT,Guinea-Bissau,GNB,166221.78,207988.47,225060.29,210996.37,223838.6,239853.75,257761.38,280558.79,301273,299071,..
Cereal production (metric tons),AG.PRD.CREL.MT,Guyana,GUY,981300,1062100,826200,973400,968000,1053900,1061600,864000,933600,999000,..
Cereal production (metric tons),AG.PRD.CREL.MT,Haiti,HTI,586897,428590.12,442632,484000,415370,389868,300130,373000,340000,330000,..
Cereal production (metric tons),AG.PRD.CREL.MT,Honduras,HND,670111.28,729021.15,701829.84,765602.19,791201.52,667799.38,753711.53,743577.18,751007.99,773845.23,..
Cereal production (metric tons),AG.PRD.CREL.MT,"Hong Kong SAR, China",HKG,0.05,0.05,0.05,0.05,0.05,0.05,0.06,0.05,0.06,0.06,..
Cereal production (metric tons),AG.PRD.CREL.MT,Hungary,HUN,16613380,14145172,16643885,14017280,14885530,15650010,15566640,13980870,9060660,15039690,..
Cereal production (metric tons),AG.PRD.CREL.MT,Iceland,ISL,..,4637,7389,7400,3900,7900,7287,7490,8900,7679,..
Cereal production (metric tons),AG.PRD.CREL.MT,India,IND,297113510,285997000,295359000,311410330,321550670,324951320,342151890,355108300,362466730,374600068.56,..
Cereal production (metric tons),AG.PRD.CREL.MT,Indonesia,IDN,78067426,80643435,77609413,80416000,78040534,74254033,71575202.24,72561911.22,77105730.08,73966646,..
Cereal production (metric tons),AG.PRD.CREL.MT,"Iran, Islamic Rep.",IRN,17551045,18255384.86,22419770.81,19286154.53,20130243.11,22314123.14,22573920.03,18297823.18,20162028.86,20964153.27,..
Cereal production (metric tons),AG.PRD.CREL.MT,Iraq,IRQ,7451634,3580324.91,4189005,4001107,2633473,7488255,9349401,5651910.37,3724302.96,5224352.42,..
Cereal production (metric tons),AG.PRD.CREL.MT,Ireland,IRL,2599817.27,2635748.65,2312985.31,2394645.57,1784900,2267990,1892640,2363950,2485680,1879540,..
Cereal production (metric tons),AG.PRD.CREL.MT,Isle of Man,IMN,..,..,..,..,..,..,..,..,..,..,..
Cereal production (metric tons),AG.PRD.CREL.MT,Israel,ISR,372420.26,321746.39,262284.33,173788.48,150689.74,184113.18,246807.47,268351.8,241004.19,232342.59,..
Cereal production (metric tons),AG.PRD.CREL.MT,Italy,ITA,19396843.8,17694873.4,18219221,16251718,16548350,16363450,16945440,16568150,14300570,15452820,..
Cereal production (metric tons),AG.PRD.CREL.MT,Jamaica,JAM,2512,2365,2353.6,2540,2177.09,2059,2018,2122,2426,2291,..
Cereal production (metric tons),AG.PRD.CREL.MT,Japan,JPN,12285001.04,12141378.23,11924734.91,11903650.57,11575323.38,11843136.29,11692636.75,11989622.75,11718541.06,11498533.52,..
Cereal production (metric tons),AG.PRD.CREL.MT,Jordan,JOR,81280,68941,69268,62088,67328,93258,114192,102554,50899.5,72666,..
Cereal production (metric tons),AG.PRD.CREL.MT,Kazakhstan,KAZ,17110959.3,18585931.63,20410625,20129018,20196033.6,17509767.93,20152658.33,16556388.1,22040639.83,17081437.58,..
Cereal production (metric tons),AG.PRD.CREL.MT,Kenya,KEN,4227112.63,4523082.62,3892022.42,3711200.84,4805995.66,4595021.63,4881250.72,4074461.28,3846912.71,5146069.64,..
Cereal production (metric tons),AG.PRD.CREL.MT,Kiribati,KIR,..,..,..,..,..,..,..,..,..,..,..
Cereal production (metric tons),AG.PRD.CREL.MT,"Korea, Dem. People's Rep.",PRK,5223725.87,4481457.55,4975484.59,4844532.35,4238820.43,5707075.03,4663028.58,4728864.84,4592603,4376156.44,..
Cereal production (metric tons),AG.PRD.CREL.MT,"Korea, Rep.",KOR,5852499.19,5976258.87,5831045.8,5487987.7,5418712.13,5272979.18,4945435.62,5443029.24,5219697.61,5134022.24,..
Cereal production (metric tons),AG.PRD.CREL.MT,Kosovo,XKX,..,..,..,..,..,..,..,..,..,..,..
Cereal production (metric tons),AG.PRD.CREL.MT,Kuwait,KWT,53636,9312,5257,6103,11217,31382,31395,24680,27028.69,30954.56,..
Cereal production (metric tons),AG.PRD.CREL.MT,Kyrgyz Republic,KGZ,1355798.3,1753400.4,1763628.63,1720953.81,1783480.01,1823496.71,1901467.81,1376452.91,1912650.7,1671536.41,..
Cereal production (metric tons),AG.PRD.CREL.MT,Lao PDR,LAO,5414864.74,5618250,5701160,5232304,4566380,4328125,4202725,4030147,4057610,4285000,..
Cereal production (metric tons),AG.PRD.CREL.MT,Latvia,LVA,2227200,3021500,2703200,2692500,2057300,3163200,3497100,2994600,3243700,2715800,..
Cereal production (metric tons),AG.PRD.CREL.MT,Lebanon,LBN,176627.23,180116.43,181183.97,166851.49,164130,165440,174470,133530,133552,133417.54,..
Cereal production (metric tons),AG.PRD.CREL.MT,Lesotho,LSO,115733.29,82840.23,25678.06,216011.86,157857.07,35092.36,28530.1,98314.84,82443.77,143079.9,..
Cereal production (metric tons),AG.PRD.CREL.MT,Liberia,LBR,266000,296000,335180,247495,257995,276400,279000,255600,288000,256200,..
Cereal production (metric tons),AG.PRD.CREL.MT,Libya,LBY,304363.03,254599.99,299287.67,209512.43,279550,219610,209411,209452,209829.86,207965.31,..
Cereal production (metric tons),AG.PRD.CREL.MT,Liechtenstein,LIE,..,..,..,..,..,..,..,..,..,..,..
Cereal production (metric tons),AG.PRD.CREL.MT,Lithuania,LTU,5123200,6066749,5120821,5074188,4052940,5235500,6544720,5340820,5623660,5629750,..
Cereal production (metric tons),AG.PRD.CREL.MT,Luxembourg,LUX,168563,176516,139262,149291,157630,163590,146230,147160,170660,148070,..
Cereal production (metric tons),AG.PRD.CREL.MT,"Macao SAR, China",MAC,..,..,..,..,..,..,..,..,..,..,..
Cereal production (metric tons),AG.PRD.CREL.MT,Madagascar,MDG,4350378.47,4057987.42,4138500.16,3888315.15,4251342.81,4136206.77,4455182.16,4805087.92,5144234.73,5389921.52,..
Cereal production (metric tons),AG.PRD.CREL.MT,Malawi,MWI,4246674,3001731,2531749,3711454,2925168,3703148,4028211.5,4897640,4022468,3795155.5,..
Cereal production (metric tons),AG.PRD.CREL.MT,Malaysia,MYS,2844983,2741404,2739606,2570513,2639202,2352870,2356391.9,2442070.8,2282576.1,2167306.44,..
Cereal production (metric tons),AG.PRD.CREL.MT,Maldives,MDV,195.07,196.88,202.06,198.23,205.88,202.41,204,205.71,205.01,205.35,..
Cereal production (metric tons),AG.PRD.CREL.MT,Mali,MLI,6980884.5,8055051.84,8849709.99,9296131.69,10159697.35,10451432.87,10352057.11,8819410.94,10289007.59,9979190.21,..
Cereal production (metric tons),AG.PRD.CREL.MT,Malta,MLT,13707.26,12180.12,12758.28,14587.02,0,0,0,0,0,0,..
Cereal production (metric tons),AG.PRD.CREL.MT,Marshall Islands,MHL,..,..,..,..,..,..,..,..,..,..,..
Cereal production (metric tons),AG.PRD.CREL.MT,Mauritania,MRT,373295,315852.29,308750,375033.3,433522.22,352584.21,411148.97,500867.68,552408.65,565667.04,..
Cereal production (metric tons),AG.PRD.CREL.MT,Mauritius,MUS,1811,1108,767,602,406,516,778,1106,823,1502,..
Cereal production (metric tons),AG.PRD.CREL.MT,Mexico,MEX,36526602.49,34704514.12,38464938.31,37487835.84,36068401.88,36164102.48,36374789.68,36582135.17,36330006.75,37015878.83,..
Cereal production (metric tons),AG.PRD.CREL.MT,"Micronesia, Fed. Sts.",FSM,285.22,273.03,278.08,282.72,288.09,293.19,288,289.76,290.32,289.36,..
Cereal production (metric tons),AG.PRD.CREL.MT,Moldova,MDA,2886891,2183323,2954175,3285836,3421119,3498682,1478349,4651182,1758059,3177124.1,..
Cereal production (metric tons),AG.PRD.CREL.MT,Monaco,MCO,..,..,..,..,..,..,..,..,..,..,..
Cereal production (metric tons),AG.PRD.CREL.MT,Mongolia,MNG,525473,219068,483453.4,238101.9,453849.21,433305.44,430317.92,614497.24,428648.86,470337.11,..
Cereal production (metric tons),AG.PRD.CREL.MT,Montenegro,MNE,7614,6658,7019.6,7215.2,7300.5,6910,6683,6473,6605.9,6846.06,..
Cereal production (metric tons),AG.PRD.CREL.MT,Morocco,MAR,6936819.24,11687921.96,3560828.31,9787464.69,10389766.77,5316450.56,3325736.62,10453011.14,3511452.59,5674770.52,..
Cereal production (metric tons),AG.PRD.CREL.MT,Mozambique,MOZ,1822426,1502596,1530755,1548552,1775517,1848259,1986744,2216565,2832309,2459322,..
Cereal production (metric tons),AG.PRD.CREL.MT,Myanmar,MMR,29218917.6,29055197.68,28521820.27,28500083.54,30463881.13,29104237.31,28879237.53,30150246.72,30712269.85,28285634.18,..
Cereal production (metric tons),AG.PRD.CREL.MT,Namibia,NAM,111718.32,113528.8,74368,137559,152898,61400,169575,153028,168181,153012,..
Cereal production (metric tons),AG.PRD.CREL.MT,Nauru,NRU,..,..,..,1,1,0,0,..,..,..,..
Cereal production (metric tons),AG.PRD.CREL.MT,Nepal,NPL,9304245,8776707,9545530.84,9680490.82,10511825,10566025,11006495.78,10627427,11128373,11150994.25,..
Cereal production (metric tons),AG.PRD.CREL.MT,Netherlands,NLD,1700506,1671654,1355219,1392686,1315250,1541910,1364440,1336080,1647300,1499400,..
Cereal production (metric tons),AG.PRD.CREL.MT,New Caledonia,NCL,4815,7074.58,8782.7,9590.73,10308.7,8951,10124.6,7501.5,4247,2914.66,..
Cereal production (metric tons),AG.PRD.CREL.MT,New Zealand,NZL,1097943,1114618,1096490,936995.3,977780.71,1021321.72,1021848.29,996854.29,969775.44,960177.34,..
Cereal production (metric tons),AG.PRD.CREL.MT,Nicaragua,NIC,838643.21,747920.39,933034.01,909045.22,893458,925610,905198,924130.14,949096.63,881420.38,..
Cereal production (metric tons),AG.PRD.CREL.MT,Niger,NER,4915346.32,5464508.64,5852503.48,5899763.48,6100262.26,5339053.11,5775185.25,3504441.67,5923855.12,5162204.46,..
Cereal production (metric tons),AG.PRD.CREL.MT,Nigeria,NGA,26383664,26069496.24,27531583.48,27102164.73,28190605.17,29797188.79,29211432.15,29860938.85,30317107.11,28053832.88,..
Cereal production (metric tons),AG.PRD.CREL.MT,North Macedonia,MKD,629234.68,483878.81,640978.4,447776.98,598373.4,563116.93,578835.44,562240.59,542163.65,522971.56,..
Cereal production (metric tons),AG.PRD.CREL.MT,Northern Mariana Islands,MNP,..,..,..,..,..,..,..,..,..,..,..
Cereal production (metric tons),AG.PRD.CREL.MT,Norway,NOR,1238100,1357900,1326000,1307300,743100,1296400,1311300,1184700,1325000,785000,..
Cereal production (metric tons),AG.PRD.CREL.MT,Oman,OMN,40664.49,78950.34,63202.94,68228,74339,75306,212258,146211,236293,225134,..
Cereal production (metric tons),AG.PRD.CREL.MT,Pakistan,PAK,41895811,41081682,42555022,44299994.5,43254398,43912063,47226053,51304736,48519329,53188016,..
Cereal production (metric tons),AG.PRD.CREL.MT,Palau,PLW,..,..,..,..,..,..,..,..,..,..,..
Cereal production (metric tons),AG.PRD.CREL.MT,Panama,PAN,401220,388183,450357,433472,479139,498966,528363,542610,573009,597032.22,..
Cereal production (metric tons),AG.PRD.CREL.MT,Papua New Guinea,PNG,17752.75,18190.15,17943.56,18502.82,18366.63,19025.8,18652.05,18693.22,18799.35,18719.75,..
Cereal production (metric tons),AG.PRD.CREL.MT,Paraguay,PRY,4931500,7090736,7262200,7207780,7069529,8112030,8433186,6304401,6683286.48,6872271.79,..
Cereal production (metric tons),AG.PRD.CREL.MT,Peru,PER,5009103.09,5469456.57,5283994.69,5140707.27,5654930.21,5284110.01,5403836.29,5681530.06,5628306.27,5504339.39,..
Cereal production (metric tons),AG.PRD.CREL.MT,Philippines,PHL,26739121.85,25669246.05,24846678.08,27191819.46,26838576.91,26794250.87,27413962.2,28247959.21,28012590.81,28465199.05,..
Cereal production (metric tons),AG.PRD.CREL.MT,Poland,POL,31945433,28002726,29849223,31924964,26281580,28450920,35031300,33996290,34987760,35183860,..
Cereal production (metric tons),AG.PRD.CREL.MT,Portugal,PRT,1333258,1240203,1138085,1125906,1114440,1161140,1053530,1125650,1018080,1042940,..
Cereal production (metric tons),AG.PRD.CREL.MT,Puerto Rico (US),PRI,58.87,305.99,623.91,975,1407.49,1907.99,2439.28,2950.08,3566,3952.42,..
Cereal production (metric tons),AG.PRD.CREL.MT,Qatar,QAT,2455,1800.5,1377.3,1374,2308,1011,1503.3,3305,1193.9,2209.4,..
Cereal production (metric tons),AG.PRD.CREL.MT,Romania,ROU,22070736,19332821,21764816,27138884,31552790,30411970,18153430,27791090,18860480,20784510,..
Cereal production (metric tons),AG.PRD.CREL.MT,Russian Federation,RUS,103135895.46,102444492.24,117753222.78,131294828.27,109839131.32,117878703.7,130039885.7,117575103.68,153095542.78,136708406.91,..
Cereal production (metric tons),AG.PRD.CREL.MT,Rwanda,RWA,582270,612865,662566.51,685611.43,711445.6,732107.12,751906.56,809832,807219.18,846384.42,..
Cereal production (metric tons),AG.PRD.CREL.MT,Samoa,WSM,..,..,..,..,..,..,..,..,..,..,..
Cereal production (metric tons),AG.PRD.CREL.MT,San Marino,SMR,..,..,..,..,..,..,..,..,..,..,..
Cereal production (metric tons),AG.PRD.CREL.MT,Sao Tome and Principe,STP,829.6,823.25,768,576,941,761.67,759.56,820.74,780.65,786.98,..
Cereal production (metric tons),AG.PRD.CREL.MT,Saudi Arabia,SAU,1568940,1616813,1507153,1493955,1378885,1293633,1250955,877638,1068744,1192998.83,..
Cereal production (metric tons),AG.PRD.CREL.MT,Senegal,SEN,1251248,2152246,2247093,2516465,2889218.28,2768798.88,3640544.67,3535752.94,3663690,4253209.96,..
Cereal production (metric tons),AG.PRD.CREL.MT,Serbia,SRB,10876563.72,8458144.98,10893437.65,6817938.55,10553412.55,10460848.03,11471927.06,10260714.62,8036910.36,10833519.42,..
Cereal production (metric tons),AG.PRD.CREL.MT,Seychelles,SYC,..,..,..,..,..,..,..,..,..,..,..
Cereal production (metric tons),AG.PRD.CREL.MT,Sierra Leone,SLE,1304449.47,987059.65,984599,1025500.63,1038913.14,1084546.17,1170547.98,2131723.24,1528291.53,1536756.31,..
Cereal production (metric tons),AG.PRD.CREL.MT,Singapore,SGP,..,..,..,..,..,..,..,..,..,..,..
Cereal production (metric tons),AG.PRD.CREL.MT,Sint Maarten (Dutch part),SXM,..,..,..,..,..,..,..,..,..,..,..
Cereal production (metric tons),AG.PRD.CREL.MT,Slovak Republic,SVK,4707654.8,3805712,4847544,3484061,4020160,4104050,4580900,4289470,3382800,4304610,..
Cereal production (metric tons),AG.PRD.CREL.MT,Slovenia,SVN,653111.28,628407.59,642479.23,551216.16,597050,642250,749700,700550,576200,666890,..
Cereal production (metric tons),AG.PRD.CREL.MT,Solomon Islands,SLB,2748.21,2738.1,2739.92,2746.61,2754.54,2758.36,2754.44,2742.92,2747.77,2752.61,..
Cereal production (metric tons),AG.PRD.CREL.MT,"Somalia, Fed. Rep.",SOM,256619.98,265481.36,142413.68,174518.17,234815.8,185055.97,178064.01,111052.44,140056.33,178060.22,..
Cereal production (metric tons),AG.PRD.CREL.MT,South Africa,ZAF,16617348.61,12581802.08,10629626.27,19591509.64,15565749.67,13872311.88,18790284.48,19228555.79,18031147.85,19009087.33,..
Cereal production (metric tons),AG.PRD.CREL.MT,South Sudan,SSD,1270551,921002,825807,764107,745005,818487,874410,840333,1063299,1086000,..
Cereal production (metric tons),AG.PRD.CREL.MT,Spain,ESP,20581146.05,20149310.35,24056790,16653669,25348920,20589030,27320900,25510560,19292230,11928280,..
Cereal production (metric tons),AG.PRD.CREL.MT,Sri Lanka,LKA,3631157,5055088.45,4672796,2584660,4208158,4843381,5441134.5,5630773.7,3663231,4744648,..
Cereal production (metric tons),AG.PRD.CREL.MT,St. Kitts and Nevis,KNA,..,..,..,..,..,..,..,..,..,..,..
Cereal production (metric tons),AG.PRD.CREL.MT,St. Lucia,LCA,..,..,..,..,..,..,..,..,..,..,..
Cereal production (metric tons),AG.PRD.CREL.MT,St. Martin (French part),MAF,..,..,..,..,..,..,..,..,..,..,..
Cereal production (metric tons),AG.PRD.CREL.MT,St. Vincent and the Grenadines,VCT,857,775,866,1129,1030,900,848,796,640,633,..
Cereal production (metric tons),AG.PRD.CREL.MT,Sudan,SDN,8072300,4104600,8523000,5519957.59,8875000,5646000,5709038.96,5089471.8,7680124.14,4162153.24,..
Cereal production (metric tons),AG.PRD.CREL.MT,Suriname,SUR,275938,268529.07,278166,289517,274001,274408,249874,263776,184264,203185.3,..
Cereal production (metric tons),AG.PRD.CREL.MT,Sweden,SWE,5775400,6162400,5447300,5949600,3260100,6147700,5954500,4980300,5823200,4328000,..
Cereal production (metric tons),AG.PRD.CREL.MT,Switzerland,CHE,994310.67,909943.14,743880,976614,895098,932966,1010995,783794,865060,809466,..
Cereal production (metric tons),AG.PRD.CREL.MT,Syrian Arab Republic,SYR,2694207.88,4383804,2661613,2934757.33,1733917.83,6356135.92,5322400.4,2514776.43,2276238,4878705,..
Cereal production (metric tons),AG.PRD.CREL.MT,Tajikistan,TJK,1257988.9,1324044.4,1367078.2,1365514.8,1218840,1336387.1,1280730.99,1466642.84,1342602.5,1369010.55,..
Cereal production (metric tons),AG.PRD.CREL.MT,Tanzania,TZA,10874542,10054817.52,10797277.27,10346519.01,10831072.34,10408437.72,12488723.31,12390737.72,11933596.69,12789232.32,..
Cereal production (metric tons),AG.PRD.CREL.MT,Thailand,THA,37855165.68,32890604.99,36677356.95,38169115.77,37857467.3,33612281.85,37210781.64,38320298.67,38829805.16,38532088.18,..
Cereal production (metric tons),AG.PRD.CREL.MT,Timor-Leste,TLS,191297,213902,156565.16,137114.64,143213.78,123512,127589,101513,172500,168000,..
Cereal production (metric tons),AG.PRD.CREL.MT,Togo,TGO,1310851,1249728,1263762,1301069,1339107,1372361,1355508,1403574,1439850,1514448.12,..
Cereal production (metric tons),AG.PRD.CREL.MT,Tonga,TON,..,..,..,..,..,..,..,..,..,..,..
Cereal production (metric tons),AG.PRD.CREL.MT,Trinidad and Tobago,TTO,6406.38,5440.4,5533.76,5650.57,5032.2,5575,5734,5351.1,5125,5326,..
Cereal production (metric tons),AG.PRD.CREL.MT,Tunisia,TUN,2350002.51,1339798.43,1324694.61,1637797.47,1444372.59,2426888.76,1564860.95,1679269.11,1713873.84,541987.78,..
Cereal production (metric tons),AG.PRD.CREL.MT,Turkiye,TUR,32708005,38632438,35276615,36126157,34395628,34398698,37184688,31864404,38667033,42193311,..
Cereal production (metric tons),AG.PRD.CREL.MT,Turkmenistan,TKM,1410000,1617000,1719101.35,1692519,1186738,1767976.7,1599474.13,1587176.12,1556079.24,1468654.8,..
Cereal production (metric tons),AG.PRD.CREL.MT,Turks and Caicos Islands,TCA,..,..,..,..,..,..,..,..,..,..,..
Cereal production (metric tons),AG.PRD.CREL.MT,Tuvalu,TUV,..,..,..,..,..,..,..,..,..,..,..
Cereal production (metric tons),AG.PRD.CREL.MT,Uganda,UGA,3662246,3720394,3278888,3412916,4075377,3120000,4032000,4229600,5525000,3380000,..
Cereal production (metric tons),AG.PRD.CREL.MT,Ukraine,UKR,63388560,59627180,65217850,60735683.33,69154567.78,74481803.68,64374481.6,85368064.35,53535589.87,59307681.94,..
Cereal production (metric tons),AG.PRD.CREL.MT,United Arab Emirates,ARE,2580,3695,5988,17143,8169.54,26072.05,26405,23474.84,21429,22013.6,..
Cereal production (metric tons),AG.PRD.CREL.MT,United Kingdom,GBR,24468841,24734564,21964131,23000066,21084346,25517303,18961989,22369109,24362311,22047420,..
Cereal production (metric tons),AG.PRD.CREL.MT,United States,USA,442849090,431870370.62,503466147.24,440271775.02,439710828.46,420873692.84,433260476.64,450202502.85,408901709.98,462631789.82,..
Cereal production (metric tons),AG.PRD.CREL.MT,Uruguay,URY,4027196,3599918.51,3621181.97,3565340.74,2513476.64,3564992.57,3503194.78,4048439.41,4597694.14,3937366.83,..
Cereal production (metric tons),AG.PRD.CREL.MT,Uzbekistan,UZB,7890990,8014002,8096413.83,7067542.17,6248843.77,7097740,7226304.31,7196119.42,7516778.12,7911754.68,..
Cereal production (metric tons),AG.PRD.CREL.MT,Vanuatu,VUT,890.19,873.51,887.17,904.19,916.67,932.3,943.89,956.28,986,983.1,..
Cereal production (metric tons),AG.PRD.CREL.MT,"Venezuela, RB",VEN,3597762,2294532,2085076.11,1915874.44,1627460,1579755,2396627.73,2143168.91,1761232.21,2101402.38,..
Cereal production (metric tons),AG.PRD.CREL.MT,Viet Nam,VNM,50178378,50379409.69,48359869.77,47877218.26,48923673.32,48231531.65,47325157.08,48301162.59,47085607.1,47935652.71,..
Cereal production (metric tons),AG.PRD.CREL.MT,Virgin Islands (U.S.),VIR,..,..,..,..,..,..,..,..,..,..,..
Cereal production (metric tons),AG.PRD.CREL.MT,West Bank and Gaza,PSE,59111.97,50142.56,57726.61,55234.52,88237.98,50640,50660,35858,48036.29,51014.38,..
Cereal production (metric tons),AG.PRD.CREL.MT,"Yemen, Rep.",YEM,699962,459246,357068,358355,344648,456714,789527,879341.54,445000,435000,..
Cereal production (metric tons),AG.PRD.CREL.MT,Zambia,ZMB,3652300.93,2900164.12,3110868.43,3895117.44,2602942.73,2225768.76,3689518.39,3953632.31,3056715.38,3658965.82,..
Cereal production (metric tons),AG.PRD.CREL.MT,Zimbabwe,ZWE,1230994.36,800284.41,676747.45,1748338.91,1780368.98,1025878.7,1661220.93,2043745.48,1461356.18,1167830.07,..
Cereal production (metric tons),AG.PRD.CREL.MT,Africa Eastern and Southern,AFE,91080650.59,81164143.63,84133769.93,95089877.9,95482312.14,89780693.57,103468520.75,107487699.33,102466864.1,..,..
Cereal production (metric tons),AG.PRD.CREL.MT,Africa Western and Central,AFW,64586683.17,66354902.15,73281460.09,73949984.45,78653087.74,77324797.25,78318018.97,75979944.24,81587045.65,..,..
Cereal production (metric tons),AG.PRD.CREL.MT,Arab World,ARB,57495448.51,55210085.61,49923164.65,53017142.66,51785227.16,57161266.27,55098287.62,54033921.89,50024191.42,..,..
Cereal production (metric tons),AG.PRD.CREL.MT,Caribbean small states,CSS,1360465.52,1419140.28,1203717.46,1389421.07,1348753.23,1421147.23,1431342.12,1271792.51,1353792.86,..,..
Cereal production (metric tons),AG.PRD.CREL.MT,Central Europe and the Baltics,CEB,105877821.22,96099251.57,103432662.33,105791344.31,104691470,111572940,106227850,113891010,98296740,..,..
Cereal production (metric tons),AG.PRD.CREL.MT,Early-demographic dividend,EAR,805043534.78,805102542.43,817825813.56,871778736.65,871326015.87,884615716.34,909223717.93,924287758.34,938156295.49,..,..
Cereal production (metric tons),AG.PRD.CREL.MT,East Asia & Pacific,EAS,866235752.84,918033856.67,911211359.38,935199199.68,921728454.34,899594259.63,899013080.06,945205089.78,954138026.88,..,..
Cereal production (metric tons),AG.PRD.CREL.MT,East Asia & Pacific (excluding high income),EAP,806665060.17,859837351,855359432.38,864861549.6,867749245.58,850235685.57,852770656.43,874001165.89,878218639.89,..,..
Cereal production (metric tons),AG.PRD.CREL.MT,East Asia & Pacific (IDA & IBRD countries),TEA,801441334.3,855355893.45,850383947.79,860017018.25,863510426.15,844532442.68,848104923.42,869272130.56,873556477.59,..,..
Cereal production (metric tons),AG.PRD.CREL.MT,Euro area,EMU,204824934.19,199469061.3,180565437.83,182822633.62,173953550,190306610,184624640,188249820,174624710,..,..
Cereal production (metric tons),AG.PRD.CREL.MT,Europe & Central Asia,ECS,592754061.78,577920058.78,584334033.06,597555123.5,567348671.51,611110586.37,598915816.84,613032804.3,599648939.02,..,..
Cereal production (metric tons),AG.PRD.CREL.MT,Europe & Central Asia (excluding high income),ECA,153590331.52,154562949.24,161774409.63,152166169.48,160844876.19,166215133.67,162061825.36,173607232.84,149160611.4,..,..
Cereal production (metric tons),AG.PRD.CREL.MT,Europe & Central Asia (IDA & IBRD countries),TEC,323274293.92,315716078.48,343467762.41,354660339.75,341871747.51,357601037.37,357630435.84,368254681.3,368919810.02,..,..
Cereal production (metric tons),AG.PRD.CREL.MT,European Union,EUU,309340290.39,293917753.28,280777758.93,288817332.77,273938220,299262180,285523150,297504860,270830120,..,..
Cereal production (metric tons),AG.PRD.CREL.MT,Fragile and conflict affected situations,FCS,204752805.88,193672685.14,208752065.23,203384141.06,217189425.6,227108022.64,220749579.75,232015533.18,203097330.46,..,..
Cereal production (metric tons),AG.PRD.CREL.MT,Heavily indebted poor countries (HIPC),HPC,116278323.39,112523377.37,119822385.61,120547567.11,127806287.81,125485982.44,134972759.32,134867902.88,134992211.46,..,..
Cereal production (metric tons),AG.PRD.CREL.MT,High income,HIC,1004451777.89,978080962.23,1051631990.63,1023149832.67,968362760.9,986794686.76,991423719.93,1019852618.78,1011951297.64,..,..
Cereal production (metric tons),AG.PRD.CREL.MT,IBRD only,IBD,1669742614.74,1711425324.7,1724576857.95,1819696025.35,1791147290.5,1829855750.27,1856056281.08,1891228930.7,1917456071.74,..,..
Cereal production (metric tons),AG.PRD.CREL.MT,IDA & IBRD total,IBT,1986011021.87,2024510979.12,2048170083.4,2149403856.24,2129878721.73,2170227856.2,2210552551.05,2249542987.43,2270415058.25,..,..
Cereal production (metric tons),AG.PRD.CREL.MT,IDA blend,IDB,88508441.77,87767042.71,92956903.74,94658768.96,94667358.3,94059999.68,97341024.16,101766252.57,99238013.49,..,..
Cereal production (metric tons),AG.PRD.CREL.MT,IDA only,IDX,227759965.36,225318611.71,230636321.71,235049061.93,244064072.93,246312106.25,257155245.81,256547804.16,253720973.02,..,..
Cereal production (metric tons),AG.PRD.CREL.MT,IDA total,IDA,316268407.13,313085654.42,323593225.45,329707830.89,338731431.23,340372105.93,354496269.97,358314056.73,352958986.51,..,..
Cereal production (metric tons),AG.PRD.CREL.MT,Late-demographic dividend,LTE,988978320.18,1042500731.8,1036074344.78,1089152287.55,1052649905.67,1076552265.99,1091983275.9,1098252010.84,1140824468.47,..,..
Cereal production (metric tons),AG.PRD.CREL.MT,Latin America & Caribbean,LCN,227681018.38,237178010.19,223843418.68,271339498.47,249082880.68,280877170.2,288607256.75,277716854.71,303954687.13,..,..
Cereal production (metric tons),AG.PRD.CREL.MT,Latin America & Caribbean (excluding high income),LAC,214952895.43,225833999.14,212767838.09,260813486.76,239629408.6,270706565.59,278197657.18,266698070.51,294055903,..,..
Cereal production (metric tons),AG.PRD.CREL.MT,Latin America & the Caribbean (IDA & IBRD countries),TLA,226662691.89,236385441.12,222911661.91,270552477.54,248269674.15,280172953.17,288080736.25,277249279.27,303598272.43,..,..
Cereal production (metric tons),AG.PRD.CREL.MT,Least developed countries: UN classification,LDC,215398316.16,209569590.96,217260610.96,223097116.92,231787035.56,227833785.65,238956908.43,241320469.52,240048878.01,..,..
Cereal production (metric tons),AG.PRD.CREL.MT,Low & middle income,LMY,1785684689.45,1831500780.4,1834778774.85,1913306708.86,1916174348.61,1945456645.31,1979568158.61,2018498031.79,2014204112.5,..,..
Cereal production (metric tons),AG.PRD.CREL.MT,Low income,LIC,66122320.85,60678823.48,64844158.12,62312271.09,66317701.48,69948046.79,72519838.14,67995076.41,69902503.64,..,..
Cereal production (metric tons),AG.PRD.CREL.MT,Lower middle income,LMC,641134729.05,633203696.37,638174834.58,668101242.87,680265028.03,680870469.98,705653396,737283271.86,720306091.29,..,..
Cereal production (metric tons),AG.PRD.CREL.MT,"Middle East, North Africa, Afghanistan & Pakistan",MEA,115623922.33,116190061.33,111891240.81,114592917.1,108584925.57,122814498.88,118124903.22,119622059.99,109373153.25,..,..
Cereal production (metric tons),AG.PRD.CREL.MT,"Middle East, North Africa, Afghanistan & Pakistan (excluding high income)",MNA,113569519.32,114145563.98,110033219.96,112822535.82,106968909.29,121212692.65,116383999.45,118290591.84,107841217.04,..,..
Cereal production (metric tons),AG.PRD.CREL.MT,"Middle East, North Africa, Afghanistan & Pakistan (IDA & IBRD)",TMN,113510407.35,114095421.42,109975493.35,112767301.3,106880671.31,121162207.45,116333686.17,118262964.99,107796341.54,..,..
Cereal production (metric tons),AG.PRD.CREL.MT,Middle income,MIC,1719562368.6,1770821956.92,1769934616.73,1850994437.77,1849856647.13,1875508598.52,1907048320.47,1950502955.38,1944301608.86,..,..
Cereal production (metric tons),AG.PRD.CREL.MT,North America,NAC,494532591,485433370.62,562371914.87,497042710.02,498437728.46,482348004.16,498573429.21,499183358.61,475981346.66,..,..
Cereal production (metric tons),AG.PRD.CREL.MT,Not classified,INX,..,..,..,..,..,..,..,..,..,..,..
Cereal production (metric tons),AG.PRD.CREL.MT,OECD members,OED,930625422.8,913235027,969232290.31,921681592.32,880473231.88,889891503.62,900267241.21,923836871.46,898203750.55,..,..
Cereal production (metric tons),AG.PRD.CREL.MT,Other small states,OSS,1754200.03,2150324.03,1365431.26,1813568.86,1362714.31,2047602.41,2054706.9,1660727.39,1994889.19,..,..
Cereal production (metric tons),AG.PRD.CREL.MT,Pacific island small states,PSS,11766.68,11312.62,13445.84,14000.31,12243.01,11972.77,14533.9,15787,18664.04,..,..
Cereal production (metric tons),AG.PRD.CREL.MT,Post-demographic dividend,PST,897972898.23,874103024.49,933725992.2,880711859.59,857771600.13,870447662.73,860008665.29,911816642.39,845048898.69,..,..
Cereal production (metric tons),AG.PRD.CREL.MT,Pre-demographic dividend,PRE,124045931.56,114248029.87,125697429.26,123544851.43,130646336.69,129908741.43,140454621.62,135129861.83,133810467.41,..,..
Cereal production (metric tons),AG.PRD.CREL.MT,Small states,SST,3126432.23,3580776.93,2582594.56,3216990.24,2723710.55,3480722.41,3500582.92,2948306.9,3367346.09,..,..
Cereal production (metric tons),AG.PRD.CREL.MT,South Asia,SAS,365454960.65,355439098.87,364015987.92,382366857.05,395210802.73,399653724.71,418616229.65,433036287.74,432490246.92,..,..
Cereal production (metric tons),AG.PRD.CREL.MT,South Asia (IDA & IBRD),TSA,365454960.65,355439098.87,364015987.92,382366857.05,395210802.73,399653724.71,418616229.65,433036287.74,432490246.92,..,..
Cereal production (metric tons),AG.PRD.CREL.MT,Sub-Saharan Africa,SSF,155667333.76,147519045.78,157415230.02,169039862.35,174135399.88,167105490.82,181786539.72,183467643.57,184053909.75,..,..
Cereal production (metric tons),AG.PRD.CREL.MT,Sub-Saharan Africa (excluding high income),SSA,131451922.36,121681818.17,130827886.87,140276110.15,145771106.22,137432843.12,151537790.54,152864682.97,152437494.25,..,..
Cereal production (metric tons),AG.PRD.CREL.MT,Sub-Saharan Africa (IDA & IBRD countries),TSS,155667333.76,147519045.78,157415230.02,169039862.35,174135399.88,167105490.82,181786539.72,183467643.57,184053909.75,..,..
Cereal production (metric tons),AG.PRD.CREL.MT,Upper middle income,UMC,1078427639.55,1137618260.55,1131759782.15,1182893194.9,1169591619.1,1194638128.54,1201394924.47,1213219683.52,1223995517.57,..,..
Cereal production (metric tons),AG.PRD.CREL.MT,World,WLD,2817949640.74,2837713502.24,2915083184.74,2967136168.17,2914528863.17,2963503734.77,3003637255.45,3071264098.7,3059640309.61,..,..
Land under cereal production (hectares),AG.LND.CREL.HA,Afghanistan,AFG,3344733,2724070,2793694,2419213,1910389,2641911,3043589,2368118,2189504,2340211,..
Land under cereal production (hectares),AG.LND.CREL.HA,Albania,ALB,143149,142600,148084,145799,140110,132203,131310,134337,132839,135654,..
Land under cereal production (hectares),AG.LND.CREL.HA,Algeria,DZA,2509193,2686241,3376449,3512157,3107776,3187485,2889582,1941867,2907618,2907539,..
Land under cereal production (hectares),AG.LND.CREL.HA,American Samoa,ASM,..,..,..,..,..,..,..,..,..,..,..
Land under cereal production (hectares),AG.LND.CREL.HA,Andorra,AND,..,..,..,..,..,..,..,..,..,..,..
Land under cereal production (hectares),AG.LND.CREL.HA,Angola,AGO,2053923,2057675,2783819,3068715,3028410,3036684,3124714,3071555,3077676,3141276,..
Land under cereal production (hectares),AG.LND.CREL.HA,Antigua and Barbuda,ATG,46,47,35,25,17,26,23,22,23,22,..
Land under cereal production (hectares),AG.LND.CREL.HA,Argentina,ARG,10522262,11713405,11751642,14135508,15112335,15273622,16595140,16886801,18063981,16293288,..
Land under cereal production (hectares),AG.LND.CREL.HA,Armenia,ARM,180626,190209,194717,150892,127436,115382,117720,116382,109574,121528,..
Land under cereal production (hectares),AG.LND.CREL.HA,Aruba,ABW,..,..,..,..,..,..,..,..,..,..,..
Land under cereal production (hectares),AG.LND.CREL.HA,Australia,AUS,17971289,18347387,16976709,18716022,16634020,16527155,16124302,20047008,19546611,18275967,..
Land under cereal production (hectares),AG.LND.CREL.HA,Austria,AUT,811771,783127,786833,778650,778940,776400,764890,747450,754950,742450,..
Land under cereal production (hectares),AG.LND.CREL.HA,Azerbaijan,AZE,980561,940007,986891,959992,1055769,1054887,976402,988089,966183,936377,..
Land under cereal production (hectares),AG.LND.CREL.HA,"Bahamas, The",BHS,91,72,85,83,80,83,82,81,82,82,..
Land under cereal production (hectares),AG.LND.CREL.HA,Bahrain,BHR,..,..,..,..,..,..,..,..,..,..,..
Land under cereal production (hectares),AG.LND.CREL.HA,Bangladesh,BGD,12165112,12156367,11793602,12430005,12278572,12302411,12232598,12521054,12496558,12466498,..
Land under cereal production (hectares),AG.LND.CREL.HA,Barbados,BRB,30,45,35,26,39,15,31,18,18,15,..
Land under cereal production (hectares),AG.LND.CREL.HA,Belarus,BLR,2428139,2218602,2206134,2241784,2134358,2258670,2374010,2290616,2288166,2065826,..
Land under cereal production (hectares),AG.LND.CREL.HA,Belgium,BEL,335211,321445,327535,305433,304520,313110,304350,310210,323070,324650,..
Land under cereal production (hectares),AG.LND.CREL.HA,Belize,BLZ,26295,27938,28932,27991,24567,28886,31763,31848,32777,41522,..
Land under cereal production (hectares),AG.LND.CREL.HA,Benin,BEN,1173784,1229296,1246199,1350154,1624577,1758745,1537675,1639128,1687377,2429628,..
Land under cereal production (hectares),AG.LND.CREL.HA,Bermuda,BMU,..,..,..,..,..,..,..,..,..,..,..
Land under cereal production (hectares),AG.LND.CREL.HA,Bhutan,BTN,52295,50531,52229,56489,36808,33515,30094,23239,20703,20211,..
Land under cereal production (hectares),AG.LND.CREL.HA,Bolivia,BOL,1250800,1287146,1260291,1234818,1400133,1434439,1439926,1482844,1523612,1580956,..
Land under cereal production (hectares),AG.LND.CREL.HA,Bosnia and Herzegovina,BIH,272202,298319,319268,312697,317749,311152,321317,316742,207036,192144,..
Land under cereal production (hectares),AG.LND.CREL.HA,Botswana,BWA,164658,105866,134350,73297,204263,126623,322344,216926,283077,158690,..
Land under cereal production (hectares),AG.LND.CREL.HA,Brazil,BRA,21851934,21202900,20127615,22645899,21483475,22776817,23896714,25002274,27660582,29210869,..
Land under cereal production (hectares),AG.LND.CREL.HA,British Virgin Islands,VGB,..,..,..,..,..,..,..,..,..,..,..
Land under cereal production (hectares),AG.LND.CREL.HA,Brunei Darussalam,BRN,1300,1300,1400,1300,1200,1100,1300,1500,1500,1500,..
Land under cereal production (hectares),AG.LND.CREL.HA,Bulgaria,BGR,1960700,1835350,1816636,1729267,1817770,1927560,1966050,1956320,1900660,1980470,..
Land under cereal production (hectares),AG.LND.CREL.HA,Burkina Faso,BFA,3646006,3584230,4017586,4026919,4495792,4272786,4104826,4254016,4301063,4215867,..
Land under cereal production (hectares),AG.LND.CREL.HA,Burundi,BDI,177786,216211,315843,333695,347705,460429,537747,851908,1163170,778541,..
Land under cereal production (hectares),AG.LND.CREL.HA,Cabo Verde,CPV,31036,31386,31698,31699,31698,27581,27581,27581,19340,20190,..
Land under cereal production (hectares),AG.LND.CREL.HA,Cambodia,KHM,3165000,3130100,3212700,3416900,3456200,3449500,3439380,3619624,3499434,3863387,..
Land under cereal production (hectares),AG.LND.CREL.HA,Cameroon,CMR,2059576,2256907,2354801,2158098,2225159,2575297,2118581,2152149,2270949,2169003,..
Land under cereal production (hectares),AG.LND.CREL.HA,Canada,CAN,14171684,14582900,13895831,13830500,15001800,15327200,15961700,15240271,15946200,16033993,..
Land under cereal production (hectares),AG.LND.CREL.HA,Cayman Islands,CYM,..,..,..,..,..,..,..,..,..,..,..
Land under cereal production (hectares),AG.LND.CREL.HA,Central African Republic,CAF,148595,148750,167770,169045,175526,183175,389559,354057,354293,344610,..
Land under cereal production (hectares),AG.LND.CREL.HA,Chad,TCD,3212184,3058448,3401981,3292418,3384176,3300719,3324147,3217982,3310037,3226254,..
Land under cereal production (hectares),AG.LND.CREL.HA,Channel Islands,CHI,..,..,..,..,..,..,..,..,..,..,..
Land under cereal production (hectares),AG.LND.CREL.HA,Chile,CHL,567641,534984,564637,512101,512533,460545,442145,467709,423377,391262,..
Land under cereal production (hectares),AG.LND.CREL.HA,China,CHN,95062910,103281871,102133381,100489465,99631500,97913147,97939476,100162416,99216912,99987255,..
Land under cereal production (hectares),AG.LND.CREL.HA,Colombia,COL,985140,925503,1050175,1052333,995345,974683,1013607,1064816,1036711,1151014,..
Land under cereal production (hectares),AG.LND.CREL.HA,Comoros,COM,7892,8262,8638,9022,9463,9866,10183,10561,10928,11361,..
Land under cereal production (hectares),AG.LND.CREL.HA,"Congo, Dem. Rep.",COD,4028084,4058927,4192618,4356643,4349994,4277119,4234770,4365074,4866113,5017653,..
Land under cereal production (hectares),AG.LND.CREL.HA,"Congo, Rep.",COG,32099,33139,34173,34720,34349,34716,34614,34328,34458,34588,..
Land under cereal production (hectares),AG.LND.CREL.HA,Costa Rica,CRI,52159,53193,53124,42769,46959,42030,45183,36427,29803,18758,..
Land under cereal production (hectares),AG.LND.CREL.HA,Cote d'Ivoire,CIV,1294102,1503735,1423194,1464090,1425662,1405411,1252824,1311235,1317437,1413839,..
Land under cereal production (hectares),AG.LND.CREL.HA,Croatia,HRV,497948,492151,536172,466211,459710,490870,535770,519780,519280,539590,..
Land under cereal production (hectares),AG.LND.CREL.HA,Cuba,CUB,361651,267044,316736,275444,282416,248240,204394,193388,150895,142254,..
Land under cereal production (hectares),AG.LND.CREL.HA,Curacao,CUW,..,..,..,..,..,..,..,..,..,..,..
Land under cereal production (hectares),AG.LND.CREL.HA,Cyprus,CYP,25303,32846,23289,19879,24020,23070,26510,26150,24930,23600,..
Land under cereal production (hectares),AG.LND.CREL.HA,Czechia,CZE,1412209,1392345,1361498,1357136,1338780,1352540,1344870,1345840,1386000,1317200,..
Land under cereal production (hectares),AG.LND.CREL.HA,Denmark,DNK,1450871,1459400,1471275,1449769,1416280,1373650,1366920,1359580,1306950,1234540,..
Land under cereal production (hectares),AG.LND.CREL.HA,Djibouti,DJI,8,9,8,8,8,8,9,9,9,9,..
Land under cereal production (hectares),AG.LND.CREL.HA,Dominica,DMA,119,118,118,118,118,118,117,116,115,115,..
Land under cereal production (hectares),AG.LND.CREL.HA,Dominican Republic,DOM,188610,184342,190252,200873,219424,208491,211928,221838,232034,230247,..
Land under cereal production (hectares),AG.LND.CREL.HA,Ecuador,ECU,875088,824670,705783,742875,687800,604609,686820,734124,722700,684219,..
Land under cereal production (hectares),AG.LND.CREL.HA,"Egypt, Arab Rep.",EGY,3291950,3251394,3224925,3097555,2592349,3626297,3133242,3145766,3107546,3160027,..
Land under cereal production (hectares),AG.LND.CREL.HA,El Salvador,SLV,403081,373447,390803,354029,343550,331804,333820,321959,326454,318956,..
Land under cereal production (hectares),AG.LND.CREL.HA,Equatorial Guinea,GNQ,..,..,..,..,..,..,..,..,..,..,..
Land under cereal production (hectares),AG.LND.CREL.HA,Eritrea,ERI,453365,477880,474686,475917,478058,477587,477718,477145,477471,477686,..
Land under cereal production (hectares),AG.LND.CREL.HA,Estonia,EST,332900,350400,351354,330677,350430,364370,370120,367110,361830,352150,..
Land under cereal production (hectares),AG.LND.CREL.HA,Eswatini,SWZ,89239,67150,29045,69845,90966,76328,69699,70794,80867,71001,..
Land under cereal production (hectares),AG.LND.CREL.HA,Ethiopia,ETH,10833970,11018259,11303227,11327016,10390466,10478218,10483828,10154659,10607482,10526584,..
Land under cereal production (hectares),AG.LND.CREL.HA,Faroe Islands,FRO,..,..,..,..,..,..,..,..,..,..,..
Land under cereal production (hectares),AG.LND.CREL.HA,Fiji,FJI,1752,2475,3179,3354,2759,2390,2884,3043,3594,2237,..
Land under cereal production (hectares),AG.LND.CREL.HA,Finland,FIN,1119000,1019800,998100,864500,906800,948000,951600,953790,952250,908230,..
Land under cereal production (hectares),AG.LND.CREL.HA,France,FRA,9605505,9626902,9597185,9406524,9055320,9394040,8926700,9325710,9005010,8831520,..
Land under cereal production (hectares),AG.LND.CREL.HA,French Polynesia,PYF,..,..,..,..,..,..,..,..,..,..,..
Land under cereal production (hectares),AG.LND.CREL.HA,Gabon,GAB,28120,28532,28928,29243,29731,30025,30587,30111,30241,30318,..
Land under cereal production (hectares),AG.LND.CREL.HA,"Gambia, The",GMB,231619,258285,234758,213547,165966,211027,163201,107677,133802,161065,..
Land under cereal production (hectares),AG.LND.CREL.HA,Georgia,GEO,186050,185472,171486,149384,146549,146305,155776,159053,156846,155638,..
Land under cereal production (hectares),AG.LND.CREL.HA,Germany,DEU,6460700,6517500,6316300,6266500,6141600,6372600,6065200,6053000,6101400,6059800,..
Land under cereal production (hectares),AG.LND.CREL.HA,Ghana,GHA,1632045,1504191,1518801,1619488,1644881,1880044,1923045,2058044,2110527,2145055,..
Land under cereal production (hectares),AG.LND.CREL.HA,Gibraltar,GIB,..,..,..,..,..,..,..,..,..,..,..
Land under cereal production (hectares),AG.LND.CREL.HA,Greece,GRC,994750,1019535,938176,853072,787980,728140,739890,770910,773280,822260,..
Land under cereal production (hectares),AG.LND.CREL.HA,Greenland,GRL,..,..,..,..,..,..,..,..,..,..,..
Land under cereal production (hectares),AG.LND.CREL.HA,Grenada,GRD,413,353,389,387,387,385,385,387,389,390,..
Land under cereal production (hectares),AG.LND.CREL.HA,Guam,GUM,..,..,..,..,..,..,..,..,..,..,..
Land under cereal production (hectares),AG.LND.CREL.HA,Guatemala,GTM,908503,916401,922970,946308,959078,909050,1001243,1070540,1117459,1199195,..
Land under cereal production (hectares),AG.LND.CREL.HA,Guinea,GIN,3028634,3147605,3157882,3238934,3295749,3093277,3028055,3245682,3464843,3861262,..
Land under cereal production (hectares),AG.LND.CREL.HA,Guinea-Bissau,GNB,119173,148340,159119,152250,160194,186361,191934,207450,193338,189052,..
Land under cereal production (hectares),AG.LND.CREL.HA,Guyana,GUY,188322,193922,153129,176231,169939,180732,188423,158719,157121,165725,..
Land under cereal production (hectares),AG.LND.CREL.HA,Haiti,HTI,655762,438176,437237,541032,585101,243781,323531,348407,320260,310565,..
Land under cereal production (hectares),AG.LND.CREL.HA,Honduras,HND,361308,400277,371171,410354,428366,358528,399567,394321,396745,410005,..
Land under cereal production (hectares),AG.LND.CREL.HA,"Hong Kong SAR, China",HKG,0,0,0,0,0,0,0,0,0,0,..
Land under cereal production (hectares),AG.LND.CREL.HA,Hungary,HUN,2817260,2697704,2565875,2402083,2367960,2458460,2337650,2361650,2247110,2405570,..
Land under cereal production (hectares),AG.LND.CREL.HA,Iceland,ISL,..,1455,2300,2100,1500,2200,1500,2400,3000,3160,..
Land under cereal production (hectares),AG.LND.CREL.HA,India,IND,100160240,100210200,98613400,99566820,98093070,95126100,101113920,101522010,100990760,103299119,..
Land under cereal production (hectares),AG.LND.CREL.HA,Indonesia,IDN,15310019,15176367,15044369,15650000,14927934,13876190,13104703,12739861,13217038,12689796,..
Land under cereal production (hectares),AG.LND.CREL.HA,"Iran, Islamic Rep.",IRN,8555401,8182763,8449886,7620035,7575561,8408834,8619971,7950253,8699356,8661544,..
Land under cereal production (hectares),AG.LND.CREL.HA,Iraq,IRQ,3520428,1313103,1334548,1411930,981701,2800694,3542401,2023388,1250350,1900509,..
Land under cereal production (hectares),AG.LND.CREL.HA,Ireland,IRL,306894,292594,281290,272627,260970,266660,265640,274670,285660,269360,..
Land under cereal production (hectares),AG.LND.CREL.HA,Isle of Man,IMN,..,..,..,..,..,..,..,..,..,..,..
Land under cereal production (hectares),AG.LND.CREL.HA,Israel,ISR,75847,64622,54248,54361,61213,50801,64372,124962,130670,91082,..
Land under cereal production (hectares),AG.LND.CREL.HA,Italy,ITA,3392536,3275506,3253985,3140579,3092700,3066520,3011730,2978390,3010620,3054290,..
Land under cereal production (hectares),AG.LND.CREL.HA,Jamaica,JAM,2206,2069,2159,2185,1896,1829,1811,1898,2087,2009,..
Land under cereal production (hectares),AG.LND.CREL.HA,Japan,JPN,1942251,1922104,1906923,1894128,1887610,1881220,1876807,1868407,1854215,1841210,..
Land under cereal production (hectares),AG.LND.CREL.HA,Jordan,JOR,61768,61812,54334,47410,55112,68862,61457,66941,35477,45557,..
Land under cereal production (hectares),AG.LND.CREL.HA,Kazakhstan,KAZ,14590623,14542276,15144296,14854952,14784523,15157457,15649544,15785574,16004351,16466249,..
Land under cereal production (hectares),AG.LND.CREL.HA,Kenya,KEN,2669565,2551453,2814068,2602578,2811780,2863448,2649087,2676346,2603863,2928050,..
Land under cereal production (hectares),AG.LND.CREL.HA,Kiribati,KIR,..,..,..,..,..,..,..,..,..,..,..
Land under cereal production (hectares),AG.LND.CREL.HA,"Korea, Dem. People's Rep.",PRK,1258174,1226457,1219569,1206343,1209621,1302420,1333971,1381214,1264709,1223642,..
Land under cereal production (hectares),AG.LND.CREL.HA,"Korea, Rep.",KOR,884328,876942,858433,821734,820122,806495,796157,797383,789402,776099,..
Land under cereal production (hectares),AG.LND.CREL.HA,Kosovo,XKX,..,..,..,..,..,..,..,..,..,..,..
Land under cereal production (hectares),AG.LND.CREL.HA,Kuwait,KWT,2453,1423,1007,1079,1070,1781,2009,1679,1865,2070,..
Land under cereal production (hectares),AG.LND.CREL.HA,Kyrgyz Republic,KGZ,595628,584652,568150,556326,563996,563857,583200,589507,588623,597282,..
Land under cereal production (hectares),AG.LND.CREL.HA,Lao PDR,LAO,1201221,1219177,1232237,1163324,1013794,1002440,1052522,969199,910959,966190,..
Land under cereal production (hectares),AG.LND.CREL.HA,Latvia,LVA,638800,669500,706100,633500,679800,733900,750000,767800,774900,763400,..
Land under cereal production (hectares),AG.LND.CREL.HA,Lebanon,LBN,52164,55104,57418,57565,55260,56260,56280,61310,55313,55239,..
Land under cereal production (hectares),AG.LND.CREL.HA,Lesotho,LSO,169408,125225,54468,218157,220490,49777,65328,101095,113112,177933,..
Land under cereal production (hectares),AG.LND.CREL.HA,Liberia,LBR,226968,262154,312314,233590,238090,245000,243000,243000,257000,240000,..
Land under cereal production (hectares),AG.LND.CREL.HA,Libya,LBY,456480,382691,446754,309919,410781,323079,311427,311059,312272,309742,..
Land under cereal production (hectares),AG.LND.CREL.HA,Liechtenstein,LIE,..,..,..,..,..,..,..,..,..,..,..
Land under cereal production (hectares),AG.LND.CREL.HA,Lithuania,LTU,1288800,1329091,1326697,1199510,1309900,1377180,1382440,1356510,1335720,1344490,..
Land under cereal production (hectares),AG.LND.CREL.HA,Luxembourg,LUX,28399,29287,27855,27960,26300,27390,25490,26310,27730,26730,..
Land under cereal production (hectares),AG.LND.CREL.HA,"Macao SAR, China",MAC,..,..,..,..,..,..,..,..,..,..,..
Land under cereal production (hectares),AG.LND.CREL.HA,Madagascar,MDG,1445255,1327084,1451037,1413852,1607227,1731380,1805402,1730649,1728661,2222098,..
Land under cereal production (hectares),AG.LND.CREL.HA,Malawi,MWI,1914565,1887160,1878999,1950168,1910382,1976054,2009653,2111834,2068915,2043825,..
Land under cereal production (hectares),AG.LND.CREL.HA,Malaysia,MYS,614579,681559,688770,685548,699980,672084,644908,648083,638208,615072,..
Land under cereal production (hectares),AG.LND.CREL.HA,Maldives,MDV,84,86,82,83,83,83,84,84,84,84,..
Land under cereal production (hectares),AG.LND.CREL.HA,Mali,MLI,4501731,5112560,5505277,5803284,5876534,5912553,6140158,6119493,6157560,6285756,..
Land under cereal production (hectares),AG.LND.CREL.HA,Malta,MLT,2892,2525,2647,2989,0,0,0,0,0,0,..
Land under cereal production (hectares),AG.LND.CREL.HA,Marshall Islands,MHL,..,..,..,..,..,..,..,..,..,..,..
Land under cereal production (hectares),AG.LND.CREL.HA,Mauritania,MRT,222353,250249,250770,196149,287780,253410,310955,246121,362903,287398,..
Land under cereal production (hectares),AG.LND.CREL.HA,Mauritius,MUS,481,411,222,115,77,75,87,128,89,129,..
Land under cereal production (hectares),AG.LND.CREL.HA,Mexico,MEX,10197589,10000892,10260493,9865991,9426335,9058298,9555894,9431131,9196992,8684694,..
Land under cereal production (hectares),AG.LND.CREL.HA,"Micronesia, Fed. Sts.",FSM,171,163,164,164,165,167,168,169,170,170,..
Land under cereal production (hectares),AG.LND.CREL.HA,Moldova,MDA,912901,920899,923954,899764,928851,906623,780710,901790,826184,925199,..
Land under cereal production (hectares),AG.LND.CREL.HA,Monaco,MCO,..,..,..,..,..,..,..,..,..,..,..
Land under cereal production (hectares),AG.LND.CREL.HA,Mongolia,MNG,315033,381209,377802,282228,328979,340680,353118,432747,385063,363061,..
Land under cereal production (hectares),AG.LND.CREL.HA,Montenegro,MNE,2206,2116,2152,2194,2204,2182,2050,2027,2054,2065,..
Land under cereal production (hectares),AG.LND.CREL.HA,Morocco,MAR,4769853,5459896,3804119,5569212,4590740,3657389,4450087,4488575,3722474,3795996,..
Land under cereal production (hectares),AG.LND.CREL.HA,Mozambique,MOZ,2445300,2047041,2310081,2281504,2222525,2312044,2899338,2222573,2435693,3333705,..
Land under cereal production (hectares),AG.LND.CREL.HA,Myanmar,MMR,7918078,7829649,7793503,7762430,8099349,7836221,7749232,8053305,8083825,7459299,..
Land under cereal production (hectares),AG.LND.CREL.HA,Namibia,NAM,494144,306251,284437,322697,304290,65109,308713,324779,344772,339089,..
Land under cereal production (hectares),AG.LND.CREL.HA,Nauru,NRU,..,..,..,0,0,0,0,..,..,..,..
Land under cereal production (hectares),AG.LND.CREL.HA,Nepal,NPL,3418447,3314598,3495877,3407739,3451186,3401774,3435948,3469359,3457671,3334346,..
Land under cereal production (hectares),AG.LND.CREL.HA,Netherlands,NLD,187410,190986,174263,158359,166380,178170,172280,169720,185400,186050,..
Land under cereal production (hectares),AG.LND.CREL.HA,New Caledonia,NCL,1003,1558,1537,1399,1361,1148,1199,909,426,298,..
Land under cereal production (hectares),AG.LND.CREL.HA,New Zealand,NZL,136664,138865,130787,110699,121248,124670,113345,113257,115655,116464,..
Land under cereal production (hectares),AG.LND.CREL.HA,Nicaragua,NIC,438100,385455,482508,432035,391562,411599,407063,384553,402346,350425,..
Land under cereal production (hectares),AG.LND.CREL.HA,Niger,NER,11000955,9912802,10908801,10887840,10996252,10645976,10463546,9718285,10627065,10562506,..
Land under cereal production (hectares),AG.LND.CREL.HA,Nigeria,NGA,16962885,17070713,17241103,17994592,18195663,18283463,18030022,18408387,18267129,18116278,..
Land under cereal production (hectares),AG.LND.CREL.HA,North Macedonia,MKD,161342,158593,166093,159491,161086,158444,157971,158923,156150,153454,..
Land under cereal production (hectares),AG.LND.CREL.HA,Northern Mariana Islands,MNP,..,..,..,..,..,..,..,..,..,..,..
Land under cereal production (hectares),AG.LND.CREL.HA,Norway,NOR,283748,282717,285066,286602,279763,275257,279965,283168,280246,283606,..
Land under cereal production (hectares),AG.LND.CREL.HA,Oman,OMN,5247,5646,4889,6017,6022,6085,13836,5628,6721,7724,..
Land under cereal production (hectares),AG.LND.CREL.HA,Pakistan,PAK,13959878,13961922,14087724,13928846,13735791,13893543,14083007,14703100,14010820,14636120,..
Land under cereal production (hectares),AG.LND.CREL.HA,Palau,PLW,..,..,..,..,..,..,..,..,..,..,..
Land under cereal production (hectares),AG.LND.CREL.HA,Panama,PAN,134492,159252,150493,146656,148455,151146,156442,154351,158231,155285,..
Land under cereal production (hectares),AG.LND.CREL.HA,Papua New Guinea,PNG,3756,3831,3865,3813,3822,3894,3911,3880,3896,3910,..
Land under cereal production (hectares),AG.LND.CREL.HA,Paraguay,PRY,1505000,1709060,1641000,1621000,1673000,1763045,1791825,1649015,1906644,1533143,..
Land under cereal production (hectares),AG.LND.CREL.HA,Peru,PER,1246988,1289293,1209120,1219184,1248111,1209271,1185905,1207786,1213332,1148876,..
Land under cereal production (hectares),AG.LND.CREL.HA,Philippines,PHL,7351234,7218290,7040630,7364502,7311944,7168316,7272792,7369907,7330167,7356944,..
Land under cereal production (hectares),AG.LND.CREL.HA,Poland,POL,7484956,7511852,7400264,7601996,7806310,7891440,7466680,7451270,7196910,7188220,..
Land under cereal production (hectares),AG.LND.CREL.HA,Portugal,PRT,301916,269207,257348,236552,231740,224310,215830,209240,198170,189560,..
Land under cereal production (hectares),AG.LND.CREL.HA,Puerto Rico (US),PRI,28,102,213,323,454,598,737,865,1078,1094,..
Land under cereal production (hectares),AG.LND.CREL.HA,Qatar,QAT,378,308,293,275,265,153,211,392,106,121,..
Land under cereal production (hectares),AG.LND.CREL.HA,Romania,ROU,5423895,5455244,5480496,5191407,5261270,5572530,5341510,5356960,5189930,5169230,..
Land under cereal production (hectares),AG.LND.CREL.HA,Russian Federation,RUS,42199747,42832721,44421992,44250455,41993292,43445582,44767340,43460071,44650228,43171705,..
Land under cereal production (hectares),AG.LND.CREL.HA,Rwanda,RWA,413530,428935,457999,494278,493566,507279,510255,533146,534338,527326,..
Land under cereal production (hectares),AG.LND.CREL.HA,Samoa,WSM,..,..,..,..,..,..,..,..,..,..,..
Land under cereal production (hectares),AG.LND.CREL.HA,San Marino,SMR,..,..,..,..,..,..,..,..,..,..,..
Land under cereal production (hectares),AG.LND.CREL.HA,Sao Tome and Principe,STP,402,405,382,288,470,380,379,410,389,393,..
Land under cereal production (hectares),AG.LND.CREL.HA,Saudi Arabia,SAU,302139,289608,277005,265312,245988,244295,259567,185646,213661,232932,..
Land under cereal production (hectares),AG.LND.CREL.HA,Senegal,SEN,1125682,1563993,1663755,1704719,1757142,1729124,1998542,1906374,1896411,1940235,..
Land under cereal production (hectares),AG.LND.CREL.HA,Serbia,SRB,1824736,1766779,1766713,1718273,1721020,1707035,1746183,1778300,1732899,1774288,..
Land under cereal production (hectares),AG.LND.CREL.HA,Seychelles,SYC,..,..,..,..,..,..,..,..,..,..,..
Land under cereal production (hectares),AG.LND.CREL.HA,Sierra Leone,SLE,858374,736750,901418,898229,1277925,712092,715486,1083487,778513,1045605,..
Land under cereal production (hectares),AG.LND.CREL.HA,Singapore,SGP,..,..,..,..,..,..,..,..,..,..,..
Land under cereal production (hectares),AG.LND.CREL.HA,Sint Maarten (Dutch part),SXM,..,..,..,..,..,..,..,..,..,..,..
Land under cereal production (hectares),AG.LND.CREL.HA,Slovak Republic,SVK,779581,749217,753845,717472,743140,769120,747320,717690,711490,694170,..
Land under cereal production (hectares),AG.LND.CREL.HA,Slovenia,SVN,100906,100003,99384,99498,98330,98760,101510,102050,103550,106070,..
Land under cereal production (hectares),AG.LND.CREL.HA,Solomon Islands,SLB,1436,1457,1415,1466,1446,1442,1452,1447,1447,1448,..
Land under cereal production (hectares),AG.LND.CREL.HA,"Somalia, Fed. Rep.",SOM,440262,447104,280701,344488,330644,353646,353654,353635,353638,353642,..
Land under cereal production (hectares),AG.LND.CREL.HA,South Africa,ZAF,3391603,3757526,2933838,3674435,3346083,3382180,3668673,3493135,3384973,3319721,..
Land under cereal production (hectares),AG.LND.CREL.HA,South Sudan,SSD,1013451,1015093,939361,863208,883001,929547,987496,994925,1007211,1104151,..
Land under cereal production (hectares),AG.LND.CREL.HA,Spain,ESP,6335536,6212892,6203674,6011747,6027610,5975710,6069230,6034580,5832980,5444490,..
Land under cereal production (hectares),AG.LND.CREL.HA,Sri Lanka,LKA,955662,1281952,1215215,848534,1118758,1025357,1149531,1239958,1207727,1247195,..
Land under cereal production (hectares),AG.LND.CREL.HA,St. Kitts and Nevis,KNA,..,..,..,..,..,..,..,..,..,..,..
Land under cereal production (hectares),AG.LND.CREL.HA,St. Lucia,LCA,..,..,..,..,..,..,..,..,..,..,..
Land under cereal production (hectares),AG.LND.CREL.HA,St. Martin (French part),MAF,..,..,..,..,..,..,..,..,..,..,..
Land under cereal production (hectares),AG.LND.CREL.HA,St. Vincent and the Grenadines,VCT,35,32,35,40,37,32,29,55,45,45,..
Land under cereal production (hectares),AG.LND.CREL.HA,Sudan,SDN,11812534,7174020,12424860,9185545,12127530,10183520,9592120,10017151,11326242,9267249,..
Land under cereal production (hectares),AG.LND.CREL.HA,Suriname,SUR,62247,59283,62749,59340,56282,60239,57853,56869,48965,49813,..
Land under cereal production (hectares),AG.LND.CREL.HA,Sweden,SWE,1022750,1017980,1001680,992871,922110,977050,993340,983340,953470,971160,..
Land under cereal production (hectares),AG.LND.CREL.HA,Switzerland,CHE,141145,141474,144314,143615,141355,141771,144884,142099,142254,141863,..
Land under cereal production (hectares),AG.LND.CREL.HA,Syrian Arab Republic,SYR,2534198,2300226,2400266,2379322,2312042,2884101,2904822,3065229,2396243,2688604,..
Land under cereal production (hectares),AG.LND.CREL.HA,Tajikistan,TJK,394424,406030,408238,394714,358020,367470,367798,383790,376977,377259,..
Land under cereal production (hectares),AG.LND.CREL.HA,Tanzania,TZA,6515202,6217515,6309990,6114868,5587407,5526021,6680150,6951974,6573550,6521443,..
Land under cereal production (hectares),AG.LND.CREL.HA,Thailand,THA,12051561,11116700,11968338,12032106,12011701,11123851,12345496,12514861,12503333,12544291,..
Land under cereal production (hectares),AG.LND.CREL.HA,Timor-Leste,TLS,65443,82407,60970,57532,57202,52464,47993,84458,88745,78894,..
Land under cereal production (hectares),AG.LND.CREL.HA,Togo,TGO,1136766,1010956,1117554,1144144,1169323,1200694,1178372,1221064,1233007,1290998,..
Land under cereal production (hectares),AG.LND.CREL.HA,Tonga,TON,..,..,..,..,..,..,..,..,..,..,..
Land under cereal production (hectares),AG.LND.CREL.HA,Trinidad and Tobago,TTO,4819,4899,3831,3472,2981,3587,3784,3357,3126,3328,..
Land under cereal production (hectares),AG.LND.CREL.HA,Tunisia,TUN,1301380,1214999,859541,1255987,1180600,1246602,1181379,1156495,1044569,470329,..
Land under cereal production (hectares),AG.LND.CREL.HA,Turkiye,TUR,11549127,11679276,11359619,11090361,10871307,10746739,11128065,10917931,11160186,11531027,..
Land under cereal production (hectares),AG.LND.CREL.HA,Turkmenistan,TKM,811140,846811,914296,917975,792850,798522,729894,748186,822262,800694,..
Land under cereal production (hectares),AG.LND.CREL.HA,Turks and Caicos Islands,TCA,..,..,..,..,..,..,..,..,..,..,..
Land under cereal production (hectares),AG.LND.CREL.HA,Tuvalu,TUV,..,..,..,..,..,..,..,..,..,..,..
Land under cereal production (hectares),AG.LND.CREL.HA,Uganda,UGA,1760185,1782799,1743635,2002927,3045973,2226812,2491284,2217107,2813238,1620000,..
Land under cereal production (hectares),AG.LND.CREL.HA,Ukraine,UKR,14405800,14399520,14020400,14076803,14257804,14961169,14986392,15650689,11602583,10634188,..
Land under cereal production (hectares),AG.LND.CREL.HA,United Arab Emirates,ARE,181,105,179,557,392,1094,1391,1185,1052,945,..
Land under cereal production (hectares),AG.LND.CREL.HA,United Kingdom,GBR,3179197,3099217,3127630,3181631,3105815,3211351,3038280,3210819,3155713,3088787,..
Land under cereal production (hectares),AG.LND.CREL.HA,United States,USA,57979030,58124740,58445763,53164294,53649186,52572930,53195327,54595016,50697492,55539765,..
Land under cereal production (hectares),AG.LND.CREL.HA,Uruguay,URY,925400,868938,759687,705092,637761,668935,705725,736394,867659,857114,..
Land under cereal production (hectares),AG.LND.CREL.HA,Uzbekistan,UZB,1641688,1657418,1677312,1644316,1522676,1558575,1602008,1507228,1501020,1480604,..
Land under cereal production (hectares),AG.LND.CREL.HA,Vanuatu,VUT,1446,1454,1474,1490,1495,1504,1515,1529,1567,1553,..
Land under cereal production (hectares),AG.LND.CREL.HA,"Venezuela, RB",VEN,890391,654509,602937,613524,564439,504292,593985,543679,499370,515056,..
Land under cereal production (hectares),AG.LND.CREL.HA,Viet Nam,VNM,8996167,8994331,8887979,8809968,8605200,8438272,8163345,8121756,7975285,7995586,..
Land under cereal production (hectares),AG.LND.CREL.HA,Virgin Islands (U.S.),VIR,..,..,..,..,..,..,..,..,..,..,..
Land under cereal production (hectares),AG.LND.CREL.HA,West Bank and Gaza,PSE,27077,23759,23571,25255,38712,23330,22790,12268,18996,20698,..
Land under cereal production (hectares),AG.LND.CREL.HA,"Yemen, Rep.",YEM,727069,585658,519765,512659,504737,528078,554687,576708,543000,543000,..
Land under cereal production (hectares),AG.LND.CREL.HA,Zambia,ZMB,1316215,958286,1279027,1564347,1200537,927238,1486760,1565771,1243883,1561098,..
Land under cereal production (hectares),AG.LND.CREL.HA,Zimbabwe,ZWE,1480689,1435446,1555272,1452971,1419473,1368570,1445264,1322416,1527176,1569913,..
Land under cereal production (hectares),AG.LND.CREL.HA,Africa Eastern and Southern,AFE,55090517,49491413,55716244,53687176,54948953,51980753,55508093,55883601,55632576,..,..
Land under cereal production (hectares),AG.LND.CREL.HA,Africa Western and Central,AFW,52658144,52320543,55886191,57329339,58485626,56473719,57238802,57415007,58482771,..,..
Land under cereal production (hectares),AG.LND.CREL.HA,Arab World,ARB,31966058,25486477,29325582,28138629,28832670,29337232,29548555,27597465,26188249,..,..
Land under cereal production (hectares),AG.LND.CREL.HA,Caribbean small states,CSS,282417,286709,249338,267713,254447,274146,282470,251464,249646,..,..
Land under cereal production (hectares),AG.LND.CREL.HA,Central Europe and the Baltics,CEB,22737955,22582857,22398321,21728757,22233400,23036730,22343920,22302980,21727380,..,..
Land under cereal production (hectares),AG.LND.CREL.HA,Early-demographic dividend,EAR,246043528,245866165,244326179,250453992,247884925,244486706,251054634,251633250,250730820,..,..
Land under cereal production (hectares),AG.LND.CREL.HA,East Asia & Pacific,EAS,174567333,181930778,179865234,181579482,179193095,173192651,173158247,179724397,179254080,..,..
Land under cereal production (hectares),AG.LND.CREL.HA,East Asia & Pacific (excluding high income),EAP,153327687,160357527,159680387,159724279,159502999,153618746,154018930,156750034,156671969,..,..
Land under cereal production (hectares),AG.LND.CREL.HA,East Asia & Pacific (IDA & IBRD countries),TEA,152069513,159131070,158460818,158517936,158293378,152314312,152685744,155383811,155346162,..,..
Land under cereal production (hectares),AG.LND.CREL.HA,Euro area,EMU,33546758,33284514,32962032,31792239,31446190,32128320,31426500,31711070,31304480,..,..
Land under cereal production (hectares),AG.LND.CREL.HA,Europe & Central Asia,ECS,152002917,151949027,153016214,150653899,147784703,151707088,152291461,152073122,148315295,..,..
Land under cereal production (hectares),AG.LND.CREL.HA,Europe & Central Asia (excluding high income),ECA,51082573,50939579,50977803,50275717,49886308,50952870,51821202,52448666,48597492,..,..
Land under cereal production (hectares),AG.LND.CREL.HA,Europe & Central Asia (IDA & IBRD countries),TEC,108649819,109066897,110633363,109515053,107224660,110277359,111893322,111192936,108055332,..,..
Land under cereal production (hectares),AG.LND.CREL.HA,European Union,EUU,55119399,54654389,54059756,52516768,52376670,53681550,52243520,52526030,51485510,..,..
Land under cereal production (hectares),AG.LND.CREL.HA,Fragile and conflict affected situations,FCS,108886999,99545221,108263258,105951495,107909058,107348076,109800557,108484594,104647677,..,..
Land under cereal production (hectares),AG.LND.CREL.HA,Heavily indebted poor countries (HIPC),HPC,85453652,79278873,88104225,85149006,87812652,83526610,88019320,87398459,88304128,..,..
Land under cereal production (hectares),AG.LND.CREL.HA,High income,HIC,196572869,197470030,196590221,191144160,188072083,190038825,190647145,194408955,191099583,..,..
Land under cereal production (hectares),AG.LND.CREL.HA,IBRD only,IBD,428973114,434973263,432097030,439814371,432899670,431739247,442660830,443513494,440718929,..,..
Land under cereal production (hectares),AG.LND.CREL.HA,IDA & IBRD total,IBT,584468160,583387640,590428421,596296774,591558799,586456320,601861833,603994001,600069137,..,..
Land under cereal production (hectares),AG.LND.CREL.HA,IDA blend,IDB,40366840,40216068,41610904,42216310,41638401,40777205,41502706,42475029,41846287,..,..
Land under cereal production (hectares),AG.LND.CREL.HA,IDA only,IDX,115128206,108198309,116720487,114266093,117020728,113939868,117698297,118005478,117503921,..,..
Land under cereal production (hectares),AG.LND.CREL.HA,IDA total,IDA,155495046,148414377,158331391,156482403,158659129,154717073,159201003,160480507,159350208,..,..
Land under cereal production (hectares),AG.LND.CREL.HA,Late-demographic dividend,LTE,226745651,234831316,233442835,235013645,230050436,229924947,233978808,236775617,238660959,..,..
Land under cereal production (hectares),AG.LND.CREL.HA,Latin America & Caribbean,LCN,54606550,54477767,53500216,57967782,57402589,57890347,61215837,62639947,66269492,..,..
Land under cereal production (hectares),AG.LND.CREL.HA,Latin America & Caribbean (excluding high income),LAC,51843131,52007804,51212178,55767744,55319318,55878833,59080009,60415086,64063809,..,..
Land under cereal production (hectares),AG.LND.CREL.HA,Latin America & the Caribbean (IDA & IBRD countries),TLA,54244780,54210549,53183350,57692196,57120025,57641794,61011309,62445803,66118295,..,..
Land under cereal production (hectares),AG.LND.CREL.HA,Least developed countries: UN classification,LDC,110094303,103229162,112391455,110518687,113084996,109315608,112890427,112853236,113031985,..,..
Land under cereal production (hectares),AG.LND.CREL.HA,Low & middle income,LMY,514950546,513289534,518741602,525037568,523277607,516218241,530642710,534014521,528665382,..,..
Land under cereal production (hectares),AG.LND.CREL.HA,Low income,LIC,58850296,52010239,59921121,56529275,60264110,58353912,59730875,58855068,59106690,..,..
Land under cereal production (hectares),AG.LND.CREL.HA,Lower middle income,LMC,216568160,216435651,214938720,219951436,216183034,210823124,220226221,222935618,217911826,..,..
Land under cereal production (hectares),AG.LND.CREL.HA,"Middle East, North Africa, Afghanistan & Pakistan",MEA,45421768,42543494,41741922,43604271,40866497,46209163,45927234,43191874,40009370,..,..
Land under cereal production (hectares),AG.LND.CREL.HA,"Middle East, North Africa, Afghanistan & Pakistan (excluding high income)",MNA,45032631,42179257,41401654,43274804,40552723,45906157,45589906,42915875,39720946,..,..
Land under cereal production (hectares),AG.LND.CREL.HA,"Middle East, North Africa, Afghanistan & Pakistan (IDA & IBRD)",TMN,45005554,42155498,41378083,43249549,40514011,45883002,45567263,42903607,39701509,..,..
Land under cereal production (hectares),AG.LND.CREL.HA,Middle income,MIC,456100250,461279295,458820481,468508293,463013497,457864329,470911835,475159453,469558692,..,..
Land under cereal production (hectares),AG.LND.CREL.HA,North America,NAC,72150714,72707640,72341594,66994794,68650986,67900474,69158398,69968464,66857702,..,..
Land under cereal production (hectares),AG.LND.CREL.HA,Not classified,INX,..,..,..,..,..,..,..,..,..,..,..
Land under cereal production (hectares),AG.LND.CREL.HA,OECD members,OED,167327731,167612544,165316568,159876256,158289711,157798641,158083740,162991870,158446576,..,..
Land under cereal production (hectares),AG.LND.CREL.HA,Other small states,OSS,611481,631289,566416,584220,606129,593069,587528,617243,605777,..,..
Land under cereal production (hectares),AG.LND.CREL.HA,Pacific island small states,PSS,4805,5549,6232,6474,5865,5496,6011,6172,6730,..,..
Land under cereal production (hectares),AG.LND.CREL.HA,Post-demographic dividend,PST,154284274,154292659,151697182,146805214,145803732,146635714,146621172,152332816,143930242,..,..
Land under cereal production (hectares),AG.LND.CREL.HA,Pre-demographic dividend,PRE,95870991,87156574,97462233,95539090,98260079,95886846,100501250,98663362,97955614,..,..
Land under cereal production (hectares),AG.LND.CREL.HA,Small states,SST,898703,923547,821986,858407,866441,872711,876009,874879,862153,..,..
Land under cereal production (hectares),AG.LND.CREL.HA,South Asia,SAS,116749833,117011670,115170372,116305525,114972146,111885381,117957300,118769236,116732492,..,..
Land under cereal production (hectares),AG.LND.CREL.HA,South Asia (IDA & IBRD),TSA,116749833,117011670,115170372,116305525,114972146,111885381,117957300,118769236,116732492,..,..
Land under cereal production (hectares),AG.LND.CREL.HA,Sub-Saharan Africa,SSF,107748661,101811956,111602435,111016515,113434579,108454472,112746895,113298608,114115347,..,..
Land under cereal production (hectares),AG.LND.CREL.HA,Sub-Saharan Africa (excluding high income),SSA,96914691,90793697,100299208,99689499,103044113,97976254,102175363,102715624,102878674,..,..
Land under cereal production (hectares),AG.LND.CREL.HA,Sub-Saharan Africa (IDA & IBRD countries),TSS,107748661,101811956,111602435,111016515,113434579,108454472,112746895,113298608,114115347,..,..
Land under cereal production (hectares),AG.LND.CREL.HA,Upper middle income,UMC,239532090,244843644,243881761,248556857,246830463,247041205,250685614,252223835,251646866,..,..
Land under cereal production (hectares),AG.LND.CREL.HA,World,WLD,723247776,722432332,727237987,728122268,722304595,717239576,732455372,739665648,731553778,..,..
Total fisheries production (metric tons),ER.FSH.PROD.MT,Afghanistan,AFG,6360,7200,8050,9000,10000,10729,11444,12907,13150,13660,..
Total fisheries production (metric tons),ER.FSH.PROD.MT,Albania,ALB,12705.05,11350.1,12612.09,12993.2,14888.3,15012.5,16894.5,18484.5,17799.5,19338,..
Total fisheries production (metric tons),ER.FSH.PROD.MT,Algeria,DZA,100163.041,97131.18,101964.47,108342.605,122211.416,105388.55,76954.71,83979.292,85998,82368,..
Total fisheries production (metric tons),ER.FSH.PROD.MT,American Samoa,ASM,2361.944,2590.546,2223.455,2338.28,2048.332,1455.01,961.395,1211.859,1405.767,1227.031,..
Total fisheries production (metric tons),ER.FSH.PROD.MT,Andorra,AND,0,0,0,0,0,0,0,0,0,0,..
Total fisheries production (metric tons),ER.FSH.PROD.MT,Angola,AGO,442389,496104,487145,532914,444858,402947,376792,571352,541625.4,558544.905,..
Total fisheries production (metric tons),ER.FSH.PROD.MT,Antigua and Barbuda,ATG,3135,3185,3185,3185,3185,3185,3135,3225,3250,3285,..
Total fisheries production (metric tons),ER.FSH.PROD.MT,Argentina,ARG,857438.71,839512.65,774825.485,852835.76,841414.31,857234.19,862007.018,891526.782,891819.748,841748.915,..
Total fisheries production (metric tons),ER.FSH.PROD.MT,Armenia,ARM,18720,23270,20139,17054,17369,18270,19100,19699.999,24999.999,25899.999,..
Total fisheries production (metric tons),ER.FSH.PROD.MT,Aruba,ABW,152,150,150,149.5,150,164.5,161.5,166.5,173.5,171.5,..
Total fisheries production (metric tons),ER.FSH.PROD.MT,Australia,AUS,255322.423,270485.722,297741.376,299588.512,307343.377,295164.422,308363.217,323873.342,329077.744,342184.565,..
Total fisheries production (metric tons),ER.FSH.PROD.MT,Austria,AUT,3740.3,3853.4,3833.4,4211.9,4341.6,4605.025,4891.911,5270.413,5068.718,5520.229,..
Total fisheries production (metric tons),ER.FSH.PROD.MT,Azerbaijan,AZE,50014.25,51224.29,63155.45,63818.6,61893.1,63114.38,61244,59544,59938,66486.1,..
Total fisheries production (metric tons),ER.FSH.PROD.MT,"Bahamas, The",BHS,11887.57,11316.62,11634,11485.94,11005.534,10151.915,7439.142,8705.851,9346.212,8700.373,..
Total fisheries production (metric tons),ER.FSH.PROD.MT,Bahrain,BHR,18389.71,16506.005,17314.217,18520.993,21092.043,18315.993,17248.011,17051.005,19892.587,18059,..
Total fisheries production (metric tons),ER.FSH.PROD.MT,Bangladesh,BGD,3549529,3684645,3878924,4134486,4276741,4384896,4503761,4621668,4759223.999,4915240,..
Total fisheries production (metric tons),ER.FSH.PROD.MT,Barbados,BRB,2227.088,1520.376,1761.582,1765.844,1757.546,900.664,1059.333,857.167,861.077,904.073,..
Total fisheries production (metric tons),ER.FSH.PROD.MT,Belarus,BLR,11424,9999.9,11887.3,11126.8,12381.3,10252.7,10205.384,9116.131,7520.4,7992.503,..
Total fisheries production (metric tons),ER.FSH.PROD.MT,Belgium,BEL,27007,24803,27014,24724,23116,21436,20162.8,18160,18953,18247,..
Total fisheries production (metric tons),ER.FSH.PROD.MT,Belize,BLZ,83416.163,101730.239,92575.505,121492.059,215950.026,213173.099,185933.895,190413.64,203844.256,198539.508,..
Total fisheries production (metric tons),ER.FSH.PROD.MT,Benin,BEN,49128,41056.66,54133,64068.36,62893.337,75640.447,69986.908,72195,66531.953,55230.334,..
Total fisheries production (metric tons),ER.FSH.PROD.MT,Bermuda,BMU,417,407,410,380,354,374,358.48,419,392,395,..
Total fisheries production (metric tons),ER.FSH.PROD.MT,Bhutan,BTN,144,156,197,238,223.62,209.77,181.5,194.1,104,52,..
Total fisheries production (metric tons),ER.FSH.PROD.MT,Bolivia,BOL,93782,78845.4,54769,67432,46311,221810,29652,38160,53150.5,45816,..
Total fisheries production (metric tons),ER.FSH.PROD.MT,Bosnia and Herzegovina,BIH,3702,4795.6,4908.6,4105.4,3983.8,4302.4,4120.8,4163.6,4264.9,4370.6,..
Total fisheries production (metric tons),ER.FSH.PROD.MT,Botswana,BWA,5668,4541,953,3258,1663,2033,1729,2208,3865,1207,..
Total fisheries production (metric tons),ER.FSH.PROD.MT,Brazil,BRA,1342772.989,1300247.119,1269865.98,1309517.457,1310411.078,1344208.868,1365997.122,1432679.783,1522086,1571917.871,..
Total fisheries production (metric tons),ER.FSH.PROD.MT,British Virgin Islands,VGB,1204.884,1200.558,1192.5,1193,1193,1193,1122,1134.19,1137.518,1127.541,..
Total fisheries production (metric tons),ER.FSH.PROD.MT,Brunei Darussalam,BRN,3897.07,4353.14,14239.63,13496,14811.987,14623.615,16591.087,20062.925,21213.091,19386.57,..
Total fisheries production (metric tons),ER.FSH.PROD.MT,Bulgaria,BGR,19859.19,19702.105,21742.957,22267.665,22369.361,24381.135,19299.41,21982.838,14600.335,16632.217,..
Total fisheries production (metric tons),ER.FSH.PROD.MT,Burkina Faso,BFA,20936,20986,22106,25625,27752,28403,29805,30609,30938,31465.749,..
Total fisheries production (metric tons),ER.FSH.PROD.MT,Burundi,BDI,16279,20486,22185,19439,20755,20867,20079,20090,20475,20735,..
Total fisheries production (metric tons),ER.FSH.PROD.MT,Cabo Verde,CPV,35677.683,41240.001,29110.781,18839.68,27136.142,17570.204,19897.373,11651.868,7793.939,8173.314,..
Total fisheries production (metric tons),ER.FSH.PROD.MT,Cambodia,KHM,752912,771455.4,808205,860972,913624,908808,936300.3,856400,858005.003,865950,..
Total fisheries production (metric tons),ER.FSH.PROD.MT,Cameroon,CMR,208575,215547,234755,266741,287159,307046.828,220191.002,223419.999,232862.999,241561.999,..
Total fisheries production (metric tons),ER.FSH.PROD.MT,Canada,CAN,1083602.504,1094454.223,1150898.44,1147977.134,1098133.608,1067013.383,942139.016,973511.282,913122.999,872801.641,..
Total fisheries production (metric tons),ER.FSH.PROD.MT,Cayman Islands,CYM,135,135,135,135,135,204,207,210,213,215,..
Total fisheries production (metric tons),ER.FSH.PROD.MT,Central African Republic,CAF,29195,28195,29195,29190,29204,29239,27779,28320,29350,29390,..
Total fisheries production (metric tons),ER.FSH.PROD.MT,Chad,TCD,120080,100154,110094,107150,107105,107105,105105,103110,107120,109125,..
Total fisheries production (metric tons),ER.FSH.PROD.MT,Channel Islands,CHI,4300.75,4343.2,4484.65,4108.2,4669.6,4428.2,3180.72,3332.51,3480,..,..
Total fisheries production (metric tons),ER.FSH.PROD.MT,Chile,CHL,3820107.483,3189435.059,2876719.607,3554763.217,3658915.981,3787589.724,3688721.83,3834716.59,4215213.159,4099407.378,..
Total fisheries production (metric tons),ER.FSH.PROD.MT,China,CHN,73683870.138,76016876.275,78337639.451,79935166.125,80966168.453,82593752.454,83929521.48,85948133.999,88617661.554,91701645.599,..
Total fisheries production (metric tons),ER.FSH.PROD.MT,Colombia,COL,924924,695083,546714,519910.5,584011.22,651436.997,516431.443,633452.87,783858.49,396944.817,..
Total fisheries production (metric tons),ER.FSH.PROD.MT,Comoros,COM,9266.399,11762.692,20289.213,17520.848,13772.438,17593.855,20680.516,19202.856,18676.631,13883.302,..
Total fisheries production (metric tons),ER.FSH.PROD.MT,"Congo, Dem. Rep.",COD,232533,233733,240598,241580,253775,266680,253965,266835,279680,267310,..
Total fisheries production (metric tons),ER.FSH.PROD.MT,"Congo, Rep.",COG,74056,69928,87477,95727,99374,71080.837,71537.352,70330,65110.785,61887.103,..
Total fisheries production (metric tons),ER.FSH.PROD.MT,Costa Rica,CRI,41511.5,38309.5,33988.618,33622.876,36377.587,39814.968,42948.344,46907.406,50441.093,50402.64,..
Total fisheries production (metric tons),ER.FSH.PROD.MT,Cote d'Ivoire,CIV,78556.818,102559.918,108944.333,99668.74,113637.039,110694.894,74359.198,73745.07,86575.138,87228.472,..
Total fisheries production (metric tons),ER.FSH.PROD.MT,Croatia,HRV,94137.883,90847.418,90600.137,87095.032,90251.863,85064.368,93394.786,90368.97,90893.462,83022.308,..
Total fisheries production (metric tons),ER.FSH.PROD.MT,Cuba,CUB,56338.6,57690,52759,52758,51249,45719.9,46426.2,41006.9,30076.9,26239.4,..
Total fisheries production (metric tons),ER.FSH.PROD.MT,Curacao,CUW,28495.269,30159.32,35534.8,32624.809,37863.98,29234.137,23069.366,25029.279,8851.026,2250.296,..
Total fisheries production (metric tons),ER.FSH.PROD.MT,Cyprus,CYP,6103.344,7335.54,8144.26,9059.11,8865.14,9659.465,8702.247,9284.809,8930.992,6924.043,..
Total fisheries production (metric tons),ER.FSH.PROD.MT,Czechia,CZE,23947,24041,24459,25242,25401,24707,24130,24305,22640,21982,..
Total fisheries production (metric tons),ER.FSH.PROD.MT,Denmark,DNK,779725.2,904852.7,706553,941976,825623,678546.96,775445,507143.275,496319.008,528424.772,..
Total fisheries production (metric tons),ER.FSH.PROD.MT,Djibouti,DJI,2298,2012,2220,2022,2102,2270.131,2322.5,3088.9,3070.8,3185.8,..
Total fisheries production (metric tons),ER.FSH.PROD.MT,Dominica,DMA,1035,996,815,784,762,860.4,527.1,289.47,292.5,371,..
Total fisheries production (metric tons),ER.FSH.PROD.MT,Dominican Republic,DOM,15964.027,14184.877,16735.693,18363.554,16929.445,19230.998,17494.13,21416.9,21735,21106,..
Total fisheries production (metric tons),ER.FSH.PROD.MT,Ecuador,ECU,1024939.6,1059321.5,1160576.3,1108129,1179203.6,1304010.086,1410927.5,1767242.01,1811972.811,1929075.222,..
Total fisheries production (metric tons),ER.FSH.PROD.MT,"Egypt, Arab Rep.",EGY,1481883.08,1518944,1706274.335,1777824.17,1967517,2038992.34,2010580,2001959.4,1992627,2001148,..
Total fisheries production (metric tons),ER.FSH.PROD.MT,El Salvador,SLV,64959,61255.71,66513.77,70627.973,68044.661,61592.745,68052.408,71768.736,73033.992,69177.071,..
Total fisheries production (metric tons),ER.FSH.PROD.MT,Equatorial Guinea,GNQ,6082.919,6439.256,6471.293,6393,6423.614,6435.721,5976.271,6325.127,6629.139,7247.452,..
Total fisheries production (metric tons),ER.FSH.PROD.MT,Eritrea,ERI,3695.716,6230.82,3360.743,4762.946,6343.674,5876.871,1892.517,1081.716,1661.752,1865.932,..
Total fisheries production (metric tons),ER.FSH.PROD.MT,Estonia,EST,69753.475,73993.7,76523.733,83690.461,87994.661,87816.971,75232.629,73084.982,74739.547,77613.695,..
Total fisheries production (metric tons),ER.FSH.PROD.MT,Eswatini,SWZ,125,125,125,125,125,125,120,125,125,125,..
Total fisheries production (metric tons),ER.FSH.PROD.MT,Ethiopia,ETH,50204.5,50579.5,50516.245,56127.1,63885.762,59430.892,60536,73880,102470,134140,..
Total fisheries production (metric tons),ER.FSH.PROD.MT,Faroe Islands,FRO,629346,666689,652072,790457,739916,748898.3,740503.1,658451.9,715287.1,890713.4,..
Total fisheries production (metric tons),ER.FSH.PROD.MT,Fiji,FJI,44391,41954,45011,47745,43029.413,42003.869,37919.423,33215.597,32837.198,32955.73,..
Total fisheries production (metric tons),ER.FSH.PROD.MT,Finland,FIN,196612,197914,207565.17,205645.9,189787.086,179795.078,164197.9,148379.4,142249.6,143885.6,..
Total fisheries production (metric tons),ER.FSH.PROD.MT,France,FRA,726208.645,705168.188,743301.334,749559.993,785265.736,729820.086,679007.99,710719.428,731610.474,658790.722,..
Total fisheries production (metric tons),ER.FSH.PROD.MT,French Polynesia,PYF,17364.364,16019.897,14162.596,14129.623,14902.447,15148.426,13655.127,14807.185,13390.972,14065.03,..
Total fisheries production (metric tons),ER.FSH.PROD.MT,Gabon,GAB,36900,33045,31050,29050,29062,29062,28952,29912,31097,30020,..
Total fisheries production (metric tons),ER.FSH.PROD.MT,"Gambia, The",GMB,51547,56015,58318,60518,49581,56253.663,51054.752,53238.99,54015.5,55524,..
Total fisheries production (metric tons),ER.FSH.PROD.MT,Georgia,GEO,20515,24175,46513.688,139465.372,205905.007,254200.156,209176.9,200366.454,203532.577,216031.4,..
Total fisheries production (metric tons),ER.FSH.PROD.MT,Germany,DEU,268775,291653,313001,284216,313409,265164.8,244368.562,220317.267,206277.2,217425.2,..
Total fisheries production (metric tons),ER.FSH.PROD.MT,Ghana,GHA,362130.173,388935.9,375343.57,425593.76,436637.369,370380.72,421171.51,482540.22,536582.51,484411.83,..
Total fisheries production (metric tons),ER.FSH.PROD.MT,Gibraltar,GIB,1,1,1,1,1,1,1,1,1,1,..
Total fisheries production (metric tons),ER.FSH.PROD.MT,Greece,GRC,165923.7,172518.62,199241.6,203840,210080.72,211995.279,203213.166,203557.437,207492.389,204919.09,..
Total fisheries production (metric tons),ER.FSH.PROD.MT,Greenland,GRL,428395,395248,384779,406750,406552,369531,357203,370497,399201,397322.648,..
Total fisheries production (metric tons),ER.FSH.PROD.MT,Grenada,GRD,1953.606,2489.318,2774.071,2480.809,2580.323,2086.776,1918.855,1339.566,1979.192,3648.985,..
Total fisheries production (metric tons),ER.FSH.PROD.MT,Guam,GUM,196.858,181.247,179.763,252.457,197.807,195.477,155.065,131.577,144.92,164.241,..
Total fisheries production (metric tons),ER.FSH.PROD.MT,Guatemala,GTM,40568.3,40585.493,41231.912,46829.955,46802.374,49330.569,48459.762,45834.504,59967.75,56500.425,..
Total fisheries production (metric tons),ER.FSH.PROD.MT,Guinea,GIN,207699,185061,159879.8,321741.9,293693.6,360643.2,386425,450050,381783,420192,..
Total fisheries production (metric tons),ER.FSH.PROD.MT,Guinea-Bissau,GNB,15750,21150,28460,38375,52278.645,60170,62407.458,63236,63850,65055,..
Total fisheries production (metric tons),ER.FSH.PROD.MT,Guyana,GUY,73085.496,58338.64,44068.7,60656.268,53014.76,40815.02,41461.526,34357.98,37206.855,37961,..
Total fisheries production (metric tons),ER.FSH.PROD.MT,Haiti,HTI,17520,17730,17800,17910,17780,17905,17910,17830,18395,18075,..
Total fisheries production (metric tons),ER.FSH.PROD.MT,Honduras,HND,71324,67941,67074,76152,77123,80047,86997.1,84947.8,93386,123068,..
Total fisheries production (metric tons),ER.FSH.PROD.MT,"Hong Kong SAR, China",HKG,164686,149087,147033,131726,128432,126716.1,123262.7,119187.869,80561.198,88637.811,..
Total fisheries production (metric tons),ER.FSH.PROD.MT,Hungary,HUN,22789,23263,21338.969,23893.5,23101.3,22119.305,23918.99,22625.293,23153.924,22386.562,..
Total fisheries production (metric tons),ER.FSH.PROD.MT,Iceland,ISL,1104102.5,1356051.6,1108141,1224661.7,1298837,1100942.8,1079698.2,1224384.402,1714386.542,1420723.62,..
Total fisheries production (metric tons),ER.FSH.PROD.MT,India,IND,9883495.433,10206040.515,10898848.024,11763822.001,12584084.999,13410099.997,13299483,14433205.002,15774324.996,17499108.324,..
Total fisheries production (metric tons),ER.FSH.PROD.MT,Indonesia,IDN,20880710.636,22331255.895,22536130.955,23093733.543,23088280.597,22660696.743,21716061.89,21851123.214,22204721.855,23182258.784,..
Total fisheries production (metric tons),ER.FSH.PROD.MT,"Iran, Islamic Rep.",IRN,939493.865,976741.271,1087032.542,1194823.149,1268111.655,1282681.001,1271400.043,1258202.744,1351857.294,1381162,..
Total fisheries production (metric tons),ER.FSH.PROD.MT,Iraq,IRQ,85625,52099,60135,67034,62673,62338,57474.171,66373.679,67550,66089.314,..
Total fisheries production (metric tons),ER.FSH.PROD.MT,Ireland,IRL,337623.936,305020.535,300099.788,321762.942,288136.855,276357.351,246252.764,276257.918,247552.766,250252.328,..
Total fisheries production (metric tons),ER.FSH.PROD.MT,Isle of Man,IMN,3755,7781,7040,6759,4431,2939,2742.95,3041.323,3041,2946,..
Total fisheries production (metric tons),ER.FSH.PROD.MT,Israel,ISR,22208,21764,20502,19412,18025,17940,17280,16975,15940,16635,..
Total fisheries production (metric tons),ER.FSH.PROD.MT,Italy,ITA,332181.767,347532.36,353559.502,353798.14,351103.444,318472.502,267383.947,296641.667,274267.039,254602.696,..
Total fisheries production (metric tons),ER.FSH.PROD.MT,Jamaica,JAM,16085,17632,18259,20614,16840,14597,13801.67,14115.2,13492.69,13499.2,..
Total fisheries production (metric tons),ER.FSH.PROD.MT,Japan,JPN,4760498.544,4608962.238,4367023.795,4302911.689,4418629.022,4211018.338,4269016.094,4200337.589,3923175.327,3784303.125,..
Total fisheries production (metric tons),ER.FSH.PROD.MT,Jordan,JOR,1546.169,1554.323,1721.128,1854.45,1994.86,2618.738,2638.945,2810,3257,3374.4,..
Total fisheries production (metric tons),ER.FSH.PROD.MT,Kazakhstan,KAZ,37547,41191.4,43212.543,44095.995,42936.41,52577.702,49424.664,49305.073,55989.132,52923.651,..
Total fisheries production (metric tons),ER.FSH.PROD.MT,Kenya,KEN,199896.1,190617,156375.199,176147.156,161626.325,157740.084,161218.337,173688.884,179484.459,167980.441,..
Total fisheries production (metric tons),ER.FSH.PROD.MT,Kiribati,KIR,123895,149488,174275,162701,197906.529,238701.33,212756.294,191132.548,203296.048,239183.16,..
Total fisheries production (metric tons),ER.FSH.PROD.MT,"Korea, Dem. People's Rep.",PRK,793545,787750,828750,833760,886760,884760,882300,888630,895020,888830,..
Total fisheries production (metric tons),ER.FSH.PROD.MT,"Korea, Rep.",KOR,3322142.447,3335837.527,3231871.566,3695614.776,3682651.309,3826386.113,3709853.233,3795579.993,3573092.318,3621368.029,..
Total fisheries production (metric tons),ER.FSH.PROD.MT,Kosovo,XKX,..,..,..,..,..,..,..,..,..,..,..
Total fisheries production (metric tons),ER.FSH.PROD.MT,Kuwait,KWT,4137,4121,5393.16,4183,3078.65,3483.84,3557,3987,2350,3272,..
Total fisheries production (metric tons),ER.FSH.PROD.MT,Kyrgyz Republic,KGZ,804.93,1099.4,2019.7,2190,2577.7,4320,5120,10322,20729.3,33600,..
Total fisheries production (metric tons),ER.FSH.PROD.MT,Lao PDR,LAO,150597,158600,164000,168869,179208,187701,200021,206008,210208,213150,..
Total fisheries production (metric tons),ER.FSH.PROD.MT,Latvia,LVA,120222.28,82202.85,115066.077,70219.54,73973.66,71993.64,65706.45,62559.51,62377.91,67621.67,..
Total fisheries production (metric tons),ER.FSH.PROD.MT,Lebanon,LBN,4133,4673,5326,4652,3736,3559.8,3388,3516,3558,3568,..
Total fisheries production (metric tons),ER.FSH.PROD.MT,Lesotho,LSO,952.53,1053,1102,1853,2552.46,2607,2668,1576.3,1911.26,2006.8,..
Total fisheries production (metric tons),ER.FSH.PROD.MT,Liberia,LBR,14597.186,14239.216,14063.106,12489.09,14807.299,16989.015,32691.669,26319.139,30713,29534.193,..
Total fisheries production (metric tons),ER.FSH.PROD.MT,Libya,LBY,24643,25740,29929.389,31883.99,32154.06,32345,31813.545,31961.333,32595,32140,..
Total fisheries production (metric tons),ER.FSH.PROD.MT,Liechtenstein,LIE,0,0,0,0,0,0,0,0,0,0,..
Total fisheries production (metric tons),ER.FSH.PROD.MT,Lithuania,LTU,153902.8,89594.17,111337.74,93519.07,78763.67,106434.548,95468.805,101287.822,111795.022,106663.294,..
Total fisheries production (metric tons),ER.FSH.PROD.MT,Luxembourg,LUX,0,0,0,0,0,0,0,0,0,0,..
Total fisheries production (metric tons),ER.FSH.PROD.MT,"Macao SAR, China",MAC,1500,1500,1500,1500,1500,1500,1500,1500,1500,1500,..
Total fisheries production (metric tons),ER.FSH.PROD.MT,Madagascar,MDG,111263.835,137599.188,168835.73,189950.943,142363.284,128296.239,126137.849,130825.679,152737.269,177535.343,..
Total fisheries production (metric tons),ER.FSH.PROD.MT,Malawi,MWI,123654.56,152863,172595.39,217120.8,232620,171451,180508.22,185951,194013.36,217597.863,..
Total fisheries production (metric tons),ER.FSH.PROD.MT,Malaysia,MYS,1992223.465,2006574.199,1997473.092,1906298.544,1860378.862,1881797.14,1792811.967,1758286.046,1900449.819,1800604.21,..
Total fisheries production (metric tons),ER.FSH.PROD.MT,Maldives,MDV,128656.466,127314.204,129424.999,142353.267,150994.587,135064.855,148569.277,144997.211,155211.444,160689.193,..
Total fisheries production (metric tons),ER.FSH.PROD.MT,Mali,MLI,81953,94880,106680,110135,95713,116346.999,125376,113884,119195.91,120139,..
Total fisheries production (metric tons),ER.FSH.PROD.MT,Malta,MLT,11011.314,13363.392,17218.194,17884.327,22023.232,16315.591,21932.767,18913.144,20859.81,22846.884,..
Total fisheries production (metric tons),ER.FSH.PROD.MT,Marshall Islands,MHL,78727.61,89718.2,65219,70302,78354.372,101556.236,88199.572,95821.183,91662.139,73938.66,..
Total fisheries production (metric tons),ER.FSH.PROD.MT,Mauritania,MRT,378339,403776,609754,794580,967706.752,720849.51,678425,762868.26,780382.798,795575,..
Total fisheries production (metric tons),ER.FSH.PROD.MT,Mauritius,MUS,15535.717,16574.572,19236.685,26240.364,31411.079,37487.483,29299.058,32354.89,35205.913,37839.255,..
Total fisheries production (metric tons),ER.FSH.PROD.MT,Mexico,MEX,1725628.327,1692480.596,1747434.743,1883689.823,1950854.626,1876485.557,1942000.566,1913390.685,1972994.319,2122270.853,..
Total fisheries production (metric tons),ER.FSH.PROD.MT,"Micronesia, Fed. Sts.",FSM,52496,71567,88688.5,101262.5,137892.27,181569.626,193669.933,166115.585,178235.839,162662.28,..
Total fisheries production (metric tons),ER.FSH.PROD.MT,Moldova,MDA,11130,11296.05,12141.4,12213,12660,12730,12650,12905,12910,14245,..
Total fisheries production (metric tons),ER.FSH.PROD.MT,Monaco,MCO,1,1,1,1,1,1,1,1,1,1,..
Total fisheries production (metric tons),ER.FSH.PROD.MT,Mongolia,MNG,49,63,15,22,25,30,25,0,0,0,..
Total fisheries production (metric tons),ER.FSH.PROD.MT,Montenegro,MNE,2415.4,2299.8,2524,2101.7,2389.8,2350,1701.453,1666,1896,2179.8,..
Total fisheries production (metric tons),ER.FSH.PROD.MT,Morocco,MAR,1376287.053,1385067.611,1473464.516,1403559.673,1387864.725,1477511.056,1399149.531,1421685.614,1575898.769,1437727.235,..
Total fisheries production (metric tons),ER.FSH.PROD.MT,Mozambique,MOZ,265063.534,299045.985,329786.24,415294.621,390996.729,463659.357,393919.42,413707.2,449492.275,419574.96,..
Total fisheries production (metric tons),ER.FSH.PROD.MT,Myanmar,MMR,2934805.831,3072020.023,3173054.356,3085562.015,3082190.444,3059948.649,2915053,2709506.69,2911308.002,2820150,..
Total fisheries production (metric tons),ER.FSH.PROD.MT,Namibia,NAM,473588.385,547540.63,537427.1,512623.667,511205.695,484891.605,334456.083,324174.283,382649.529,379675.316,..
Total fisheries production (metric tons),ER.FSH.PROD.MT,Nauru,NRU,270.3,270.3,270.3,270.3,9155.5,33525.3,92388.5,120409.5,106750.5,103233.5,..
Total fisheries production (metric tons),ER.FSH.PROD.MT,Nepal,NPL,64900,69500,70543,77157.1,86864,92252,97822,105291,108385,113740,..
Total fisheries production (metric tons),ER.FSH.PROD.MT,Netherlands,NLD,434575,446833,432116,550607.55,466839.228,366357.058,349607.31,337239.115,338179.694,309232.35,..
Total fisheries production (metric tons),ER.FSH.PROD.MT,New Caledonia,NCL,5904,5930,5496.25,5175.5,4769.071,5252.117,4827.485,4764.475,5188.381,4192.655,..
Total fisheries production (metric tons),ER.FSH.PROD.MT,New Zealand,NZL,552654.576,525549.631,534224.144,547894.233,512837.808,527449.899,483787.003,460632.03,452977.083,436157.148,..
Total fisheries production (metric tons),ER.FSH.PROD.MT,Nicaragua,NIC,84930,66070,66205,75881,84027.4,80833.3,72955.54,86280.43,85300.82,88588,..
Total fisheries production (metric tons),ER.FSH.PROD.MT,Niger,NER,47329,27300,34892,25545,31392,40409.642,46649.001,47672,48170,49865.56,..
Total fisheries production (metric tons),ER.FSH.PROD.MT,Nigeria,NGA,1073059,1027058,1041498,1212474.97,1169478,1114556.256,1044812.422,1080855,1043230,1058435,..
Total fisheries production (metric tons),ER.FSH.PROD.MT,North Macedonia,MKD,1496,1341,1108,1595.4,1499.3,2355,2106.766,2174.51,2261.2,2308.2,..
Total fisheries production (metric tons),ER.FSH.PROD.MT,Northern Mariana Islands,MNP,188.136,147.297,184.902,170.708,165.16,143.902,139.936,240.688,203.419,113.307,..
Total fisheries production (metric tons),ER.FSH.PROD.MT,Norway,NOR,3796293.139,3836458.167,3530065.923,3870328.407,4026123.188,3939089.205,4127055.788,4250899.629,4277855.771,4196830.362,..
Total fisheries production (metric tons),ER.FSH.PROD.MT,Oman,OMN,211319.4,257192,279691,347616.248,555009.45,580240,794725.923,923786.336,751828.443,682458,..
Total fisheries production (metric tons),ER.FSH.PROD.MT,Pakistan,PAK,628504.001,660653,673373.001,695000.999,664516,649893,655915.001,661270.999,666245.256,678698,..
Total fisheries production (metric tons),ER.FSH.PROD.MT,Palau,PLW,893.326,874.19,841.8,3463.7,3906.416,3949.958,791,835.2,823.06,814.31,..
Total fisheries production (metric tons),ER.FSH.PROD.MT,Panama,PAN,190368.277,178794.202,195427.952,193678.097,212218.501,272656.704,223368.65,231040.233,202091.157,234228.23,..
Total fisheries production (metric tons),ER.FSH.PROD.MT,Papua New Guinea,PNG,283047.588,277088.97,348033.47,342863.573,351059.93,307307.584,225902.47,200535.47,247074.051,231735.95,..
Total fisheries production (metric tons),ER.FSH.PROD.MT,Paraguay,PRY,29039,30075,26500,27825.257,28646.538,29690.479,31075,31710,37905,38125,..
Total fisheries production (metric tons),ER.FSH.PROD.MT,Peru,PER,3714327.42,4934836.46,3928938.15,4285651.36,7349861.848,5014100.004,5820795.211,6726988.67,5509032.338,3624463.016,..
Total fisheries production (metric tons),ER.FSH.PROD.MT,Philippines,PHL,4596103.49,4511678,4235078.747,4128578.367,4135184.457,4192683.036,4239584.797,4088382.673,4120499.288,4101865.185,..
Total fisheries production (metric tons),ER.FSH.PROD.MT,Poland,POL,225707.69,232987.64,247567.006,255814.5,253510.31,245173.54,245808.124,234994.385,214724.857,212449.905,..
Total fisheries production (metric tons),ER.FSH.PROD.MT,Portugal,PRT,195002.938,199662.876,196332.66,195123.74,192261.176,198741.05,180555.969,199070.248,178786.59,186007.629,..
Total fisheries production (metric tons),ER.FSH.PROD.MT,Puerto Rico (US),PRI,1830.356,1845.858,1867.476,1571.625,1656.932,1531.278,1590.709,1591,2161.347,2160,..
Total fisheries production (metric tons),ER.FSH.PROD.MT,Qatar,QAT,16269.2,15211.8,14523.7,15368.6,14675.3,17152,15109.3,16668.4,18536.845,19039.72,..
Total fisheries production (metric tons),ER.FSH.PROD.MT,Romania,ROU,16927.98,20348.748,25302.03,27796.2,23477.45,23775.187,20343.88,18064.6,17467.216,17878.02,..
Total fisheries production (metric tons),ER.FSH.PROD.MT,Russian Federation,RUS,4432995.671,4622986.286,4951115.911,5071129.61,5332262.147,5239378.183,5379939.071,5495811,5345264,5763301,..
Total fisheries production (metric tons),ER.FSH.PROD.MT,Rwanda,RWA,26665,30956.2,26595,28359,27536,24762.2,34907.6,37897.3,38937,38902,..
Total fisheries production (metric tons),ER.FSH.PROD.MT,Samoa,WSM,7532.562,8713.673,8820,10865.12,9756.541,11187.314,9963.056,9163.213,9599.25,10373.804,..
Total fisheries production (metric tons),ER.FSH.PROD.MT,San Marino,SMR,0,0,0,0,0,0,0,0,0,0,..
Total fisheries production (metric tons),ER.FSH.PROD.MT,Sao Tome and Principe,STP,10001.397,11440.8,11719.7,9514.8,6006.555,5432.787,5679.458,5117.247,5703.38,5647.747,..
Total fisheries production (metric tons),ER.FSH.PROD.MT,Saudi Arabia,SAU,92540,98130,106482.997,121374.002,139969,141768.8,164585.595,177851.659,184107.715,207878,..
Total fisheries production (metric tons),ER.FSH.PROD.MT,Senegal,SEN,459542.425,426661.62,476258.154,535950.3,485762.67,517151.255,459473.426,515177.578,507635.312,525454.384,..
Total fisheries production (metric tons),ER.FSH.PROD.MT,Serbia,SRB,10761.37,10537,8944.66,7278.65,9420.7,9353.77,7942.26,9660.89,8155.47,8276.37,..
Total fisheries production (metric tons),ER.FSH.PROD.MT,Seychelles,SYC,75503.716,105969.766,130400.451,145660.613,149301.113,145044.275,142376.448,146290.807,137842.167,139201.65,..
Total fisheries production (metric tons),ER.FSH.PROD.MT,Sierra Leone,SLE,206552,202185,202185,202185,202200,202200,200745,205035,215300,207085,..
Total fisheries production (metric tons),ER.FSH.PROD.MT,Singapore,SGP,9674.323,10132.294,8917.361,8401.77,9007.39,9474.057,7284.439,7385.884,6750.615,6181.03,..
Total fisheries production (metric tons),ER.FSH.PROD.MT,Sint Maarten (Dutch part),SXM,253,253,253,253,253,253,253,253,253,253,..
Total fisheries production (metric tons),ER.FSH.PROD.MT,Slovak Republic,SVK,3174.66,3279.63,4034.65,4516.264,4161.41,4540.54,4032,4329,4509,4423.55,..
Total fisheries production (metric tons),ER.FSH.PROD.MT,Slovenia,SVN,1806.8,1960.592,2169.219,2030.17,2207.245,2425.343,1984.63,1954.71,1929.968,1400.332,..
Total fisheries production (metric tons),ER.FSH.PROD.MT,Solomon Islands,SLB,82882.71,80183.988,76128.856,54749.5,68136.618,73880.89,46384.666,62275.767,59774.382,40771.282,..
Total fisheries production (metric tons),ER.FSH.PROD.MT,"Somalia, Fed. Rep.",SOM,30000,30000,30000,30000,30000,30000,30000,30000,30000,30000,..
Total fisheries production (metric tons),ER.FSH.PROD.MT,South Africa,ZAF,736273.904,638557.2,667844.314,596888.442,632877.787,527262.741,664281.258,626477.745,589992.263,486904.302,..
Total fisheries production (metric tons),ER.FSH.PROD.MT,South Sudan,SSD,37020,37020,40024,42027,44030,45035,43040,43045,46047,47050,..
Total fisheries production (metric tons),ER.FSH.PROD.MT,Spain,ESP,1344933.649,1265944.268,1199010.882,1263231.091,1284647.902,1190967.267,1071917.272,1080039.963,1082170.747,1009795.103,..
Total fisheries production (metric tons),ER.FSH.PROD.MT,Sri Lanka,LKA,527717.001,503502,515534.6,498149.602,509872.4,505526.701,424384.699,423122.778,391418.012,399049.202,..
Total fisheries production (metric tons),ER.FSH.PROD.MT,St. Kitts and Nevis,KNA,66143.2,100400.02,65769.93,84960.17,1046.87,654.5,650.04,676.013,674,679,..
Total fisheries production (metric tons),ER.FSH.PROD.MT,St. Lucia,LCA,2017.64,2056.578,2150.087,2118.958,2079.92,1964.826,1515.719,1785.411,2063.418,2009.917,..
Total fisheries production (metric tons),ER.FSH.PROD.MT,St. Martin (French part),MAF,180,180,180,180,180,180,180,180,180,180,..
Total fisheries production (metric tons),ER.FSH.PROD.MT,St. Vincent and the Grenadines,VCT,81335.941,26134.398,22835.114,32939.884,2328.883,1972.016,2140.612,1600.279,1264,1324.694,..
Total fisheries production (metric tons),ER.FSH.PROD.MT,Sudan,SDN,39508,40008,41502,44890,47541,47270,44160,47470,50750,46460,..
Total fisheries production (metric tons),ER.FSH.PROD.MT,Suriname,SUR,33541.82,39585.17,43165.1,48690.75,39371.4,31457.5,29809,32170,33740,31915,..
Total fisheries production (metric tons),ER.FSH.PROD.MT,Sweden,SWE,194473,223983,221212,243519,234757,195916.3,191833.16,182769.288,163355.263,166079.334,..
Total fisheries production (metric tons),ER.FSH.PROD.MT,Switzerland,CHE,3576,3616,3584,3665,3396,3740.413,3844.02,3849.92,3985.92,3946,..
Total fisheries production (metric tons),ER.FSH.PROD.MT,Syrian Arab Republic,SYR,7099,6322,6679,6415,6299,6230,5700,6115,6185,6105,..
Total fisheries production (metric tons),ER.FSH.PROD.MT,Tajikistan,TJK,1617.6,1626.001,1539.001,1575,1707.999,2452.33,2584.86,4389.215,4755.001,4948.002,..
Total fisheries production (metric tons),ER.FSH.PROD.MT,Tanzania,TZA,353197.551,386907.656,384461.745,409738.73,396136.962,487778.658,493080.323,544024.769,548821.807,604790.743,..
Total fisheries production (metric tons),ER.FSH.PROD.MT,Thailand,THA,2609093.631,2457440.063,2517047.854,2404224.35,2478111.89,2507374.92,2614789.33,2427281.6,2429719.33,2548671.12,..
Total fisheries production (metric tons),ER.FSH.PROD.MT,Timor-Leste,TLS,4829,4951,5403,6373,7040.31,7932.69,7866.03,7721.32,7823.99,9132.31,..
Total fisheries production (metric tons),ER.FSH.PROD.MT,Togo,TGO,19874,21555,31989,27047,24910,26526,18764,18866,22656.22,23804.934,..
Total fisheries production (metric tons),ER.FSH.PROD.MT,Tonga,TON,2008.34,1860.435,1626.03,1471,1324.392,1302.605,1202.323,1215.219,1426.038,1244.14,..
Total fisheries production (metric tons),ER.FSH.PROD.MT,Trinidad and Tobago,TTO,13295.45,12164.8,13127.053,12949.575,13191.789,12995.729,12916.869,13102.37,13076.412,13116.816,..
Total fisheries production (metric tons),ER.FSH.PROD.MT,Tunisia,TUN,126183,131595,122019.073,128236.076,127785.477,138366.153,128207.886,128974.837,133278.915,129395.071,..
Total fisheries production (metric tons),ER.FSH.PROD.MT,Turkiye,TUR,537346.604,672241.397,588719.593,630820.297,628630.928,836523.68,785810.8,799844,849825.9,1010354.6,..
Total fisheries production (metric tons),ER.FSH.PROD.MT,Turkmenistan,TKM,15050,15050,15075,15080,15120,15140,14755,15202,15272,15390,..
Total fisheries production (metric tons),ER.FSH.PROD.MT,Turks and Caicos Islands,TCA,2361.5,2917.5,3145.5,1324.5,2090.5,1243,1297,2277,3241,2358.7,..
Total fisheries production (metric tons),ER.FSH.PROD.MT,Tuvalu,TUV,7381.5,6149.5,7685,7476,12819.786,8357.678,11295.4,31086.706,42781,48979.25,..
Total fisheries production (metric tons),ER.FSH.PROD.MT,Uganda,UGA,572734,514295,500354.2,501972.6,543641,706666.7,702581,773153.36,546357,846493,..
Total fisheries production (metric tons),ER.FSH.PROD.MT,Ukraine,UKR,167517.076,142727.442,97283.443,113650.086,95102.491,100334.398,88034.921,79929.386,37816.41,43435.729,..
Total fisheries production (metric tons),ER.FSH.PROD.MT,United Arab Emirates,ARE,73806,74846,75971.9,78542,78845,75357,74435.779,70606.942,68946.96,61702.836,..
Total fisheries production (metric tons),ER.FSH.PROD.MT,United Kingdom,GBR,990371.279,917931.872,891747.01,954156.589,889714.937,856951.538,847819.641,874861.662,823125.786,900502.383,..
Total fisheries production (metric tons),ER.FSH.PROD.MT,United States,USA,5844531,5846024,5844790,5932412,5867235.851,5809664.848,5144327.606,5186899.113,5177934.432,5080061.511,..
Total fisheries production (metric tons),ER.FSH.PROD.MT,Uruguay,URY,65401.716,59926.927,51759.403,65544.628,69998.107,68126.27,62977.756,66384.507,68855.241,67122.618,..
Total fisheries production (metric tons),ER.FSH.PROD.MT,Uzbekistan,UZB,46391.4,59852.6,65322,83900,90984,121717,144103.002,171933,185274,195883,..
Total fisheries production (metric tons),ER.FSH.PROD.MT,Vanuatu,VUT,70772.958,83024.541,46656.803,34514.047,43390.765,57200.564,63866.585,70073.539,84919.341,69922.575,..
Total fisheries production (metric tons),ER.FSH.PROD.MT,"Venezuela, RB",VEN,256857.659,275105.083,331098.317,289602.005,252392.001,230392.999,252372.003,278953.003,279470.571,257734.724,..
Total fisheries production (metric tons),ER.FSH.PROD.MT,Viet Nam,VNM,6119276,6348682.61,6672561.03,7164573.53,7579113.5,7823477.31,8222706.71,8306715.98,8576703.76,8796098.067,..
Total fisheries production (metric tons),ER.FSH.PROD.MT,Virgin Islands (U.S.),VIR,509.164,468.017,595.837,555.577,297.267,337.921,363.271,428.135,428,428,..
Total fisheries production (metric tons),ER.FSH.PROD.MT,West Bank and Gaza,PSE,3038,3483,3586,3708,3950,4573,5352.9,5357.7,4926,3891,..
Total fisheries production (metric tons),ER.FSH.PROD.MT,"Yemen, Rep.",YEM,214204.982,177412.997,152135.991,136030.992,134877.992,137475.736,143726.513,149140,150480,151026.469,..
Total fisheries production (metric tons),ER.FSH.PROD.MT,Zambia,ZMB,150740,156744,225949,154456.1,137016,163462,175273,181595,193342.5,194653,..
Total fisheries production (metric tons),ER.FSH.PROD.MT,Zimbabwe,ZWE,180481.815,161510.36,164348.393,133377.406,146863.29,132073.268,124426.899,115251.82,110718.51,100719.55,..
Total fisheries production (metric tons),ER.FSH.PROD.MT,Africa Eastern and Southern,AFE,3576765.26,3757321.24,3792847.88,3897511.9,3883753.45,3821770.86,3805060.99,4097350.48,3725334.12,..,..
Total fisheries production (metric tons),ER.FSH.PROD.MT,Africa Western and Central,AFW,3207047.89,3132467.91,3243503.98,3706566.44,3642143.61,3667626.7,3523165.88,3701624.19,3894655.4,..,..
Total fisheries production (metric tons),ER.FSH.PROD.MT,Arab World,ARB,3880773.62,3910036.98,4216636.79,4300806.83,4701188.86,4905436.74,4979224.23,5205588.83,5216473.19,..,..
Total fisheries production (metric tons),ER.FSH.PROD.MT,Caribbean small states,CSS,338811.08,338537.81,302259.33,366938.31,336516.58,320105.84,288702.52,289965.45,307870.95,..,..
Total fisheries production (metric tons),ER.FSH.PROD.MT,Central Europe and the Baltics,CEB,758228.74,674308.38,751686.06,707320.53,699930,711868.27,679416.39,667846.97,649552.9,..,..
Total fisheries production (metric tons),ER.FSH.PROD.MT,Early-demographic dividend,EAR,57350780.78,60779498.33,61275702.07,63752502.68,68391330.78,66795438.59,66924724.25,68914735.2,68318781.57,..,..
Total fisheries production (metric tons),ER.FSH.PROD.MT,East Asia & Pacific,EAS,125650473.67,129295893.1,131607842.23,134536316.89,136298377.13,137804179.03,138496058.31,139808586.24,138230416.14,..,..
Total fisheries production (metric tons),ER.FSH.PROD.MT,East Asia & Pacific (excluding high income),EAP,115198317.76,119112430.74,122027290.11,124546170.6,126157852.68,127753602.8,128614737.29,129849038.54,132463538.07,..,..
Total fisheries production (metric tons),ER.FSH.PROD.MT,East Asia & Pacific (IDA & IBRD countries),TEA,114405936.39,118325825.23,121199652.21,123716144.6,125284154.6,126906318.05,127825616.79,129081653.24,132571111.64,..,..
Total fisheries production (metric tons),ER.FSH.PROD.MT,Euro area,EMU,4497634.73,4325588.95,4398799.77,4522080.75,4459823.01,4141186,3788300.58,3856092.32,3815972.95,..,..
Total fisheries production (metric tons),ER.FSH.PROD.MT,Europe & Central Asia,ECS,17620430.71,18218004.41,17741353.7,19058974.14,19299255.14,18690121.12,18611359.8,18755161.37,18002738.75,..,..
Total fisheries production (metric tons),ER.FSH.PROD.MT,Europe & Central Asia (excluding high income),ECA,900393.18,1034051.09,935345.38,1101057.1,1159815.22,1463626.24,1376152.35,1408521.15,1434738.4,..,..
Total fisheries production (metric tons),ER.FSH.PROD.MT,Europe & Central Asia (IDA & IBRD countries),TEC,5692684.92,6028205.99,6279553.57,6565643.22,6887651.4,7087170.38,7137367.95,7273444.81,7122499.92,..,..
Total fisheries production (metric tons),ER.FSH.PROD.MT,European Union,EUU,5787063.78,5786841.67,5678511.75,6073842.01,5882773,5369335.72,5099260.27,4881035.23,4778832.52,..,..
Total fisheries production (metric tons),ER.FSH.PROD.MT,Fragile and conflict affected situations,FCS,6678461.76,6644726.85,6966901.27,7291053.58,7302264.02,7257023.69,7128164.31,6936603.09,6606422.46,..,..
Total fisheries production (metric tons),ER.FSH.PROD.MT,Heavily indebted poor countries (HIPC),HPC,3981812.23,4013891.91,4121518.88,4572582.56,4599292.03,4814063.93,4733833.23,5050758.38,4974978.11,..,..
Total fisheries production (metric tons),ER.FSH.PROD.MT,High income,HIC,38362385.53,38114840.16,36767742.52,39263532.26,39663552.4,38915483.86,38120984.36,38683403.32,33775914.8,..,..
Total fisheries production (metric tons),ER.FSH.PROD.MT,IBRD only,IBD,144574352.15,149756125.72,152578355.26,157410660.65,163394458.94,164046471.74,165584048.79,170211628.37,172776935.8,..,..
Total fisheries production (metric tons),ER.FSH.PROD.MT,IDA & IBRD total,IBT,159749167.17,165090434.19,168431680.14,174362287.5,180652464.8,181518160.59,182962773.83,187728511.94,190327646.95,..,..
Total fisheries production (metric tons),ER.FSH.PROD.MT,IDA blend,IDB,2910586.07,2874264.22,2981612.5,3287106.13,3303622.62,3183308.52,2997682.25,3064051.6,3115925.06,..,..
Total fisheries production (metric tons),ER.FSH.PROD.MT,IDA only,IDX,12264228.95,12460044.25,12871712.38,13664520.72,13954383.24,14288380.33,14381042.79,14452831.97,14434786.09,..,..
Total fisheries production (metric tons),ER.FSH.PROD.MT,IDA total,IDA,15174815.02,15334308.47,15853324.88,16951626.85,17258005.86,17471688.85,17378725.04,17516883.57,17550711.15,..,..
Total fisheries production (metric tons),ER.FSH.PROD.MT,Late-demographic dividend,LTE,99694379.93,101830411.48,104550249.09,107532005.1,109713499.03,111768024.31,113453968.37,116055243.27,118849458.66,..,..
Total fisheries production (metric tons),ER.FSH.PROD.MT,Latin America & Caribbean,LCN,13947061.96,14443422.01,13225578.72,14539618.23,17809808.87,15774040.45,16624869.25,18203441.33,17240687.31,..,..
Total fisheries production (metric tons),ER.FSH.PROD.MT,Latin America & Caribbean (excluding high income),LAC,9422686.24,10517169.93,9584874.39,10239037.68,13514488.06,11299965.76,12278573.91,13657523.1,12632289.32,..,..
Total fisheries production (metric tons),ER.FSH.PROD.MT,Latin America & the Caribbean (IDA & IBRD countries),TLA,13844145.99,14337538.19,13118564.06,14437817.59,17704119.88,15684529.88,16543540.27,18123183.83,17189476.16,..,..
Total fisheries production (metric tons),ER.FSH.PROD.MT,Least developed countries: UN classification,LDC,11406163.33,11633851.44,12073259.99,12852274.89,12976244.46,13256200.14,13335676.15,13517361.69,13431803.34,..,..
Total fisheries production (metric tons),ER.FSH.PROD.MT,Low & middle income,LMY,151205253.38,156910064.87,160206942.18,165333875.19,171402135.63,172160309.8,173530835.68,177952558.2,179739738.69,..,..
Total fisheries production (metric tons),ER.FSH.PROD.MT,Low income,LIC,3043262.26,3018889.18,3134389.85,3233385.25,3325557.07,3504015.39,3502317.57,3642395.07,2440526.75,..,..
Total fisheries production (metric tons),ER.FSH.PROD.MT,Lower middle income,LMC,36914390.72,37761194.07,39250450.23,41490430.4,42975130.76,44295913.84,44275548.51,45608019.85,47830794.38,..,..
Total fisheries production (metric tons),ER.FSH.PROD.MT,"Middle East, North Africa, Afghanistan & Pakistan",MEA,5449949.91,5550222.36,5981541.99,6190114.13,6633248.72,6833625.3,6909882.04,7123137.68,5878648.18,..,..
Total fisheries production (metric tons),ER.FSH.PROD.MT,"Middle East, North Africa, Afghanistan & Pakistan (excluding high income)",MNA,5000269.31,5049115.12,5435832.83,5565002.01,5796577.05,5962735.14,5807865.64,5873266.21,4796147.89,..,..
Total fisheries production (metric tons),ER.FSH.PROD.MT,"Middle East, North Africa, Afghanistan & Pakistan (IDA & IBRD)",TMN,4997231.31,5045632.12,5432246.83,5561294.01,5792627.05,5958162.14,5802558.74,5867908.51,4791225.89,..,..
Total fisheries production (metric tons),ER.FSH.PROD.MT,Middle income,MIC,148161991.12,153891175.69,157072552.33,162100489.94,168076578.56,168656294.41,170028518.11,174310163.13,177299211.94,..,..
Total fisheries production (metric tons),ER.FSH.PROD.MT,North America,NAC,6380982.5,6474240.7,6376961.47,6511323.16,6313483.04,6361214.51,5652657.58,5713894.29,5612299.77,..,..
Total fisheries production (metric tons),ER.FSH.PROD.MT,Not classified,INX,..,..,..,..,..,..,..,..,..,..,..
Total fisheries production (metric tons),ER.FSH.PROD.MT,OECD members,OED,33082911.3,32719741.23,31265383.9,33586483.93,33620084.6,33114134.32,32114694.47,32412338.62,28059126.06,..,..
Total fisheries production (metric tons),ER.FSH.PROD.MT,Other small states,OSS,1328750.18,1623808.81,1407207.59,1545134.83,1646736.17,1436825.61,1400473.2,1543579.08,1802260.94,..,..
Total fisheries production (metric tons),ER.FSH.PROD.MT,Pacific island small states,PSS,471277.31,533819.83,515255.3,495001.17,605729.16,753507.78,758339.39,781403.68,636999.45,..,..
Total fisheries production (metric tons),ER.FSH.PROD.MT,Post-demographic dividend,PST,25427554.12,25371005.83,24421774.05,25743972.39,25536982.78,24902440.14,24061266.61,23987868.2,18838803.72,..,..
Total fisheries production (metric tons),ER.FSH.PROD.MT,Pre-demographic dividend,PRE,5165369.11,5152586.42,5252116.86,5870821.54,5725303.91,5917497.02,5660965.78,6123921.92,5759628.39,..,..
Total fisheries production (metric tons),ER.FSH.PROD.MT,Small states,SST,2138838.57,2496166.45,2224722.22,2407074.31,2588981.91,2510439.23,2447515.11,2614948.21,2747131.34,..,..
Total fisheries production (metric tons),ER.FSH.PROD.MT,South Asia,SAS,14025355.41,14463443.51,15365311.61,16477309.74,17458014.81,18392582.58,18325463.21,19583346.88,21033343.82,..,..
Total fisheries production (metric tons),ER.FSH.PROD.MT,South Asia (IDA & IBRD),TSA,14025355.41,14463443.51,15365311.61,16477309.74,17458014.81,18392582.58,18325463.21,19583346.88,21033343.82,..,..
Total fisheries production (metric tons),ER.FSH.PROD.MT,Sub-Saharan Africa,SSF,6783813.15,6889789.15,7036351.86,7604078.34,7525897.06,7489397.56,7328226.87,7798974.67,7619989.52,..,..
Total fisheries production (metric tons),ER.FSH.PROD.MT,Sub-Saharan Africa (excluding high income),SSA,6658231.48,6733854.48,6858287.86,7405298.06,7315387.81,7287797.28,7128043.28,7580862.32,7379681.19,..,..
Total fisheries production (metric tons),ER.FSH.PROD.MT,Sub-Saharan Africa (IDA & IBRD countries),TSS,6783813.15,6889789.15,7036351.86,7604078.34,7525897.06,7489397.56,7328226.87,7798974.67,7619989.52,..,..
Total fisheries production (metric tons),ER.FSH.PROD.MT,Upper middle income,UMC,111247600.4,116129981.62,117822102.1,120610059.54,125101447.8,124360380.57,125752969.6,128702143.28,129468417.56,..,..
Total fisheries production (metric tons),ER.FSH.PROD.MT,World,WLD,189858067.31,195335015.24,197334941.58,204917734.63,211338084.77,211345160.55,211948517.06,216986542.46,213618123.49,..,..
Food production index (2014-2016 = 100),AG.PRD.FOOD.XD,Afghanistan,AFG,101.99,95.97,102.04,99.84,96.19,109.41,112.3,114.32,111.43,..,..
Food production index (2014-2016 = 100),AG.PRD.FOOD.XD,Albania,ALB,96.84,100.07,103.09,103.88,106.02,104,105.72,104.92,105.4,..,..
Food production index (2014-2016 = 100),AG.PRD.FOOD.XD,Algeria,DZA,96.95,100.26,102.79,102.87,108.63,112.36,112.5,104.83,111.22,..,..
Food production index (2014-2016 = 100),AG.PRD.FOOD.XD,American Samoa,ASM,..,..,..,..,..,..,..,..,..,..,..
Food production index (2014-2016 = 100),AG.PRD.FOOD.XD,Andorra,AND,..,..,..,..,..,..,..,..,..,..,..
Food production index (2014-2016 = 100),AG.PRD.FOOD.XD,Angola,AGO,94.42,100.7,104.88,105.13,107.35,110.28,114.88,117.5,124.09,..,..
Food production index (2014-2016 = 100),AG.PRD.FOOD.XD,Antigua and Barbuda,ATG,100.66,100.31,99.03,93.31,85.36,81.4,82.25,80.94,89.95,..,..
Food production index (2014-2016 = 100),AG.PRD.FOOD.XD,Argentina,ARG,95.14,103.91,100.95,105.91,97.51,112.42,108.57,108.4,109.39,..,..
Food production index (2014-2016 = 100),AG.PRD.FOOD.XD,Armenia,ARM,97.4,106.65,95.95,95.24,83.48,81.27,85.28,84.82,83.87,..,..
Food production index (2014-2016 = 100),AG.PRD.FOOD.XD,Aruba,ABW,..,..,..,..,..,..,..,..,..,..,..
Food production index (2014-2016 = 100),AG.PRD.FOOD.XD,Australia,AUS,100.8,101.22,97.98,108.12,98.31,92.46,87.12,107.15,112.1,..,..
Food production index (2014-2016 = 100),AG.PRD.FOOD.XD,Austria,AUT,102.03,97.36,100.61,98.48,100.51,99.96,101.84,100.48,100.45,..,..
Food production index (2014-2016 = 100),AG.PRD.FOOD.XD,Azerbaijan,AZE,94.84,101.27,103.9,107.73,113.33,121.46,122.2,126.99,129.02,..,..
Food production index (2014-2016 = 100),AG.PRD.FOOD.XD,"Bahamas, The",BHS,98.78,100.28,100.94,100.71,99.58,100.91,99.35,98.72,99.17,..,..
Food production index (2014-2016 = 100),AG.PRD.FOOD.XD,Bahrain,BHR,83.41,98.7,117.89,137.69,131.3,132.96,124.57,124.25,129.17,..,..
Food production index (2014-2016 = 100),AG.PRD.FOOD.XD,Bangladesh,BGD,97.97,100.7,101.33,110.77,110.54,111.94,115.91,121.59,125.2,..,..
Food production index (2014-2016 = 100),AG.PRD.FOOD.XD,Barbados,BRB,99.11,102.64,98.24,102.65,108.14,105.12,88.71,89.53,102.71,..,..
Food production index (2014-2016 = 100),AG.PRD.FOOD.XD,Belarus,BLR,101.59,100.07,98.34,102.21,97.9,99.84,105.23,101.55,102.53,..,..
Food production index (2014-2016 = 100),AG.PRD.FOOD.XD,Belgium,BEL,101.8,101.32,96.87,102.61,98.91,101.26,101.9,102.85,100,..,..
Food production index (2014-2016 = 100),AG.PRD.FOOD.XD,Belize,BLZ,102.29,102.1,95.61,103.64,98.69,96.99,95.21,101.58,102.28,..,..
Food production index (2014-2016 = 100),AG.PRD.FOOD.XD,Benin,BEN,103.07,94.87,102.05,104.57,109.45,117.25,113.88,121.75,126.25,..,..
Food production index (2014-2016 = 100),AG.PRD.FOOD.XD,Bermuda,BMU,..,..,..,..,..,..,..,..,..,..,..
Food production index (2014-2016 = 100),AG.PRD.FOOD.XD,Bhutan,BTN,93.35,96.14,110.51,109.76,96.42,103.83,112.95,100.29,77.75,..,..
Food production index (2014-2016 = 100),AG.PRD.FOOD.XD,Bolivia,BOL,96.04,101.79,102.17,101.63,109.51,109.9,109.48,116.96,115.45,..,..
Food production index (2014-2016 = 100),AG.PRD.FOOD.XD,Bosnia and Herzegovina,BIH,88.85,99.16,111.99,94.61,114.96,105.39,115.06,95.71,113.39,..,..
Food production index (2014-2016 = 100),AG.PRD.FOOD.XD,Botswana,BWA,99.91,105.37,94.72,93.21,89.17,92.64,96.61,98.28,96.87,..,..
Food production index (2014-2016 = 100),AG.PRD.FOOD.XD,Brazil,BRA,98.98,101.68,99.34,106.98,107.51,109.12,111.97,112.13,113.77,..,..
Food production index (2014-2016 = 100),AG.PRD.FOOD.XD,British Virgin Islands,VGB,..,..,..,..,..,..,..,..,..,..,..
Food production index (2014-2016 = 100),AG.PRD.FOOD.XD,Brunei Darussalam,BRN,99.31,97.31,103.38,99.89,101.28,100.54,107.53,116.45,119.3,..,..
Food production index (2014-2016 = 100),AG.PRD.FOOD.XD,Bulgaria,BGR,100.74,97.47,101.79,106.22,105.22,107.09,90.38,109.51,100.74,..,..
Food production index (2014-2016 = 100),AG.PRD.FOOD.XD,Burkina Faso,BFA,98.87,99.77,101.36,95.84,112.06,119.25,117.73,109.25,118.84,..,..
Food production index (2014-2016 = 100),AG.PRD.FOOD.XD,Burundi,BDI,100.47,95.75,103.78,100.5,117.68,128.45,115.62,119.32,119.15,..,..
Food production index (2014-2016 = 100),AG.PRD.FOOD.XD,Cabo Verde,CPV,99.26,100.69,100.05,87.69,73.43,73.93,75.67,75.92,74.78,..,..
Food production index (2014-2016 = 100),AG.PRD.FOOD.XD,Cambodia,KHM,96.88,98.76,104.36,109.12,111.36,109.42,110.34,124.71,123.74,..,..
Food production index (2014-2016 = 100),AG.PRD.FOOD.XD,Cameroon,CMR,95.62,101.11,103.27,103.19,107.35,104.17,103.53,104.44,107.84,..,..
Food production index (2014-2016 = 100),AG.PRD.FOOD.XD,Canada,CAN,94.77,98.68,106.55,108.26,108.98,109.72,112.78,95.47,111.63,..,..
Food production index (2014-2016 = 100),AG.PRD.FOOD.XD,Cayman Islands,CYM,..,..,..,..,..,..,..,..,..,..,..
Food production index (2014-2016 = 100),AG.PRD.FOOD.XD,Central African Republic,CAF,95.43,97.61,106.95,108.19,119.2,134.09,141.82,144.9,147.99,..,..
Food production index (2014-2016 = 100),AG.PRD.FOOD.XD,Chad,TCD,97.54,97.01,105.45,108.64,114.47,118.38,121.32,122.86,130.28,..,..
Food production index (2014-2016 = 100),AG.PRD.FOOD.XD,Channel Islands,CHI,..,..,..,..,..,..,..,..,..,..,..
Food production index (2014-2016 = 100),AG.PRD.FOOD.XD,Chile,CHL,97.59,101.34,101.07,98.85,108.52,107.35,105.71,106.73,105.36,..,..
Food production index (2014-2016 = 100),AG.PRD.FOOD.XD,China,CHN,97.62,101.33,101.05,102.37,103.42,104.25,105.49,109.89,111.75,..,..
Food production index (2014-2016 = 100),AG.PRD.FOOD.XD,Colombia,COL,96.69,100.66,102.65,99.79,75.57,108.22,108.71,108.96,110.64,..,..
Food production index (2014-2016 = 100),AG.PRD.FOOD.XD,Comoros,COM,99,98.76,102.24,102.62,104.19,104.72,105.85,106.13,106.65,..,..
Food production index (2014-2016 = 100),AG.PRD.FOOD.XD,"Congo, Dem. Rep.",COD,98.72,99.26,102.02,103.91,106.34,108.52,113.23,118,122.79,..,..
Food production index (2014-2016 = 100),AG.PRD.FOOD.XD,"Congo, Rep.",COG,98.96,102.35,98.69,99.98,101.35,101.44,102.18,105.06,106.13,..,..
Food production index (2014-2016 = 100),AG.PRD.FOOD.XD,Costa Rica,CRI,99.6,98.62,101.78,104.26,105.42,96.39,99.21,101.32,100.36,..,..
Food production index (2014-2016 = 100),AG.PRD.FOOD.XD,Cote d'Ivoire,CIV,94.7,104.41,100.89,109.42,114.55,116.76,119.18,119.97,121.86,..,..
Food production index (2014-2016 = 100),AG.PRD.FOOD.XD,Croatia,HRV,94.25,96.59,109.16,93.43,102.04,99.35,108.55,97.37,89.5,..,..
Food production index (2014-2016 = 100),AG.PRD.FOOD.XD,Cuba,CUB,97.45,99.48,103.07,103.84,95.37,96.43,75.07,69.06,71.39,..,..
Food production index (2014-2016 = 100),AG.PRD.FOOD.XD,Curacao,CUW,..,..,..,..,..,..,..,..,..,..,..
Food production index (2014-2016 = 100),AG.PRD.FOOD.XD,Cyprus,CYP,97.77,103.15,99.08,104,102.36,106.12,106.19,111.12,108.71,..,..
Food production index (2014-2016 = 100),AG.PRD.FOOD.XD,Czechia,CZE,101.46,97.07,101.47,94.94,92.9,92.92,96.91,97.45,97.66,..,..
Food production index (2014-2016 = 100),AG.PRD.FOOD.XD,Denmark,DNK,99.93,101.24,98.83,102.11,92.87,100.59,102.64,102.97,103.83,..,..
Food production index (2014-2016 = 100),AG.PRD.FOOD.XD,Djibouti,DJI,102.73,83.93,113.34,126.72,131.71,136.62,139.83,135.35,133,..,..
Food production index (2014-2016 = 100),AG.PRD.FOOD.XD,Dominica,DMA,98.73,99.87,101.39,99.71,100.26,100.54,100.47,100.87,100.85,..,..
Food production index (2014-2016 = 100),AG.PRD.FOOD.XD,Dominican Republic,DOM,96.53,99.41,104.06,106.29,113.77,117.07,112.34,114.96,127.89,..,..
Food production index (2014-2016 = 100),AG.PRD.FOOD.XD,Ecuador,ECU,101.57,103.22,95.2,95.69,94.03,97.95,96.47,101.69,98.86,..,..
Food production index (2014-2016 = 100),AG.PRD.FOOD.XD,"Egypt, Arab Rep.",EGY,99.73,101.5,98.77,100.98,96.36,100.63,104.38,109.2,109.07,..,..
Food production index (2014-2016 = 100),AG.PRD.FOOD.XD,El Salvador,SLV,99.6,96.19,104.21,104.04,101.53,102.8,98.27,102.41,102.68,..,..
Food production index (2014-2016 = 100),AG.PRD.FOOD.XD,Equatorial Guinea,GNQ,97.47,102.86,99.67,101.74,102.58,104.54,103.53,102.85,103.43,..,..
Food production index (2014-2016 = 100),AG.PRD.FOOD.XD,Eritrea,ERI,100.19,99.2,100.6,103.34,103.86,104.62,104.93,105.5,106.08,..,..
Food production index (2014-2016 = 100),AG.PRD.FOOD.XD,Estonia,EST,97.32,111.23,91.45,99.56,84.71,106.79,107.74,98.2,105.65,..,..
Food production index (2014-2016 = 100),AG.PRD.FOOD.XD,Eswatini,SWZ,101.58,100.19,98.23,101.53,103.62,104.6,104.26,104.57,105.96,..,..
Food production index (2014-2016 = 100),AG.PRD.FOOD.XD,Ethiopia,ETH,96.71,101.14,102.15,106.31,106.33,110.17,119.74,113.71,116.31,..,..
Food production index (2014-2016 = 100),AG.PRD.FOOD.XD,Faroe Islands,FRO,97.6,99.55,102.86,100.76,103.09,102.6,100.94,102.82,106.62,..,..
Food production index (2014-2016 = 100),AG.PRD.FOOD.XD,Fiji,FJI,107.58,109.41,83.01,112.76,117.9,120.43,114.54,115.07,139.65,..,..
Food production index (2014-2016 = 100),AG.PRD.FOOD.XD,Finland,FIN,101.04,99.53,99.43,98.01,92.96,102.16,98.51,92.45,98.15,..,..
Food production index (2014-2016 = 100),AG.PRD.FOOD.XD,France,FRA,102.48,102.22,95.29,101.33,97.17,98,93.7,96.72,94.02,..,..
Food production index (2014-2016 = 100),AG.PRD.FOOD.XD,French Polynesia,PYF,95.7,101.52,102.78,101.87,104.04,103.02,102.98,103.74,102.81,..,..
Food production index (2014-2016 = 100),AG.PRD.FOOD.XD,Gabon,GAB,99.11,100.04,100.85,102.19,102.81,103.98,103.84,104.82,105.76,..,..
Food production index (2014-2016 = 100),AG.PRD.FOOD.XD,"Gambia, The",GMB,98.01,108.07,93.93,80.78,56.75,62.04,63.22,65.74,71.08,..,..
Food production index (2014-2016 = 100),AG.PRD.FOOD.XD,Georgia,GEO,100.2,102.1,97.7,89.17,104.3,105.76,116.34,117.43,113.64,..,..
Food production index (2014-2016 = 100),AG.PRD.FOOD.XD,Germany,DEU,102.97,99.27,97.76,97.5,91.87,94.41,95.45,94.49,92.71,..,..
Food production index (2014-2016 = 100),AG.PRD.FOOD.XD,Ghana,GHA,99.06,99.74,101.19,107.89,113.03,119.42,122.4,130.54,135.5,..,..
Food production index (2014-2016 = 100),AG.PRD.FOOD.XD,Gibraltar,GIB,..,..,..,..,..,..,..,..,..,..,..
Food production index (2014-2016 = 100),AG.PRD.FOOD.XD,Greece,GRC,97.19,103.65,99.16,99.76,98.37,100.63,101.91,100.47,102.76,..,..
Food production index (2014-2016 = 100),AG.PRD.FOOD.XD,Greenland,GRL,..,..,..,..,..,..,..,..,..,..,..
Food production index (2014-2016 = 100),AG.PRD.FOOD.XD,Grenada,GRD,95.2,103.03,101.77,94.44,97.19,90.84,89.78,94.7,86.71,..,..
Food production index (2014-2016 = 100),AG.PRD.FOOD.XD,Guam,GUM,..,..,..,..,..,..,..,..,..,..,..
Food production index (2014-2016 = 100),AG.PRD.FOOD.XD,Guatemala,GTM,96.82,100.54,102.64,100.06,103.54,101.56,105.99,107.03,107.89,..,..
Food production index (2014-2016 = 100),AG.PRD.FOOD.XD,Guinea,GIN,95.45,99.94,104.6,110.68,115.61,124.53,131.33,138.17,144.8,..,..
Food production index (2014-2016 = 100),AG.PRD.FOOD.XD,Guinea-Bissau,GNB,95.56,100.94,103.5,105.11,107.12,112.35,116.72,120.96,122.25,..,..
Food production index (2014-2016 = 100),AG.PRD.FOOD.XD,Guyana,GUY,93.6,110.76,95.63,104.83,108.86,109.65,112.55,102.85,111.69,..,..
Food production index (2014-2016 = 100),AG.PRD.FOOD.XD,Haiti,HTI,101.78,98.91,99.31,94.51,89.76,81.32,74.19,79.41,77.85,..,..
Food production index (2014-2016 = 100),AG.PRD.FOOD.XD,Honduras,HND,93,100.49,106.51,114.45,116.54,115.89,106.55,108.7,107,..,..
Food production index (2014-2016 = 100),AG.PRD.FOOD.XD,"Hong Kong SAR, China",HKG,97.05,96.64,106.3,99.93,97.27,191.92,219.98,162.56,141.66,..,..
Food production index (2014-2016 = 100),AG.PRD.FOOD.XD,Hungary,HUN,100.22,95.39,104.39,98.88,98.34,97.08,93.68,92.11,74.66,..,..
Food production index (2014-2016 = 100),AG.PRD.FOOD.XD,Iceland,ISL,95.52,100.06,104.42,107.98,108.05,107.08,103.55,103.8,102.07,..,..
Food production index (2014-2016 = 100),AG.PRD.FOOD.XD,India,IND,99.24,98.45,102.31,108.94,114.2,116.26,120.12,126.11,127.82,..,..
Food production index (2014-2016 = 100),AG.PRD.FOOD.XD,Indonesia,IDN,99.6,101.74,98.66,110,115.55,109.5,110.75,111.75,117.14,..,..
Food production index (2014-2016 = 100),AG.PRD.FOOD.XD,"Iran, Islamic Rep.",IRN,101.02,98.83,100.15,95.3,87.11,92.13,86.77,89.6,83.89,..,..
Food production index (2014-2016 = 100),AG.PRD.FOOD.XD,Iraq,IRQ,138.3,80.68,81.03,78.72,77.31,123.9,149.13,127.65,106.36,..,..
Food production index (2014-2016 = 100),AG.PRD.FOOD.XD,Ireland,IRL,96.22,100.61,103.17,110.85,110.61,114.89,116.55,119.25,121.51,..,..
Food production index (2014-2016 = 100),AG.PRD.FOOD.XD,Isle of Man,IMN,..,..,..,..,..,..,..,..,..,..,..
Food production index (2014-2016 = 100),AG.PRD.FOOD.XD,Israel,ISR,100.25,99.07,100.68,101.77,99.51,100.77,102.3,101.44,105.48,..,..
Food production index (2014-2016 = 100),AG.PRD.FOOD.XD,Italy,ITA,95.58,102.55,101.88,97.96,99.17,98.46,99.92,99.4,96.97,..,..
Food production index (2014-2016 = 100),AG.PRD.FOOD.XD,Jamaica,JAM,97.75,97.75,104.5,102.86,105.84,104.71,100.83,105.65,113.26,..,..
Food production index (2014-2016 = 100),AG.PRD.FOOD.XD,Japan,JPN,100.86,99.72,99.42,99.87,99.67,100.39,100.3,100.37,100.27,..,..
Food production index (2014-2016 = 100),AG.PRD.FOOD.XD,Jordan,JOR,92.57,101.4,106.03,97.04,103.69,101.42,102.14,109.96,110.25,..,..
Food production index (2014-2016 = 100),AG.PRD.FOOD.XD,Kazakhstan,KAZ,94.49,99.14,106.36,111.69,115.34,111.69,118.33,115.29,127.76,..,..
Food production index (2014-2016 = 100),AG.PRD.FOOD.XD,Kenya,KEN,102.26,102.07,95.67,90.64,100.31,107.28,125.82,123.29,112.38,..,..
Food production index (2014-2016 = 100),AG.PRD.FOOD.XD,Kiribati,KIR,90.44,91.1,118.46,118.61,107.5,94.24,94.37,94.6,97.32,..,..
Food production index (2014-2016 = 100),AG.PRD.FOOD.XD,"Korea, Dem. People's Rep.",PRK,103.24,98.49,98.27,95.17,92.15,102.35,94.17,93.54,92.69,..,..
Food production index (2014-2016 = 100),AG.PRD.FOOD.XD,"Korea, Rep.",KOR,101.96,99.54,98.5,97.52,100.01,101,99.36,102,101.21,..,..
Food production index (2014-2016 = 100),AG.PRD.FOOD.XD,Kosovo,XKX,..,..,..,..,..,..,..,..,..,..,..
Food production index (2014-2016 = 100),AG.PRD.FOOD.XD,Kuwait,KWT,98.59,94.51,106.9,109.99,114.17,118.25,106.01,111.4,130.87,..,..
Food production index (2014-2016 = 100),AG.PRD.FOOD.XD,Kyrgyz Republic,KGZ,93.37,102.27,104.36,105.71,107.66,109.66,110.47,105.51,112.75,..,..
Food production index (2014-2016 = 100),AG.PRD.FOOD.XD,Lao PDR,LAO,89.82,104.55,105.62,99.85,97.97,101.81,104.61,107.39,114.84,..,..
Food production index (2014-2016 = 100),AG.PRD.FOOD.XD,Latvia,LVA,88.76,107.21,104.03,106.11,83.61,104.75,110.74,101.36,103.93,..,..
Food production index (2014-2016 = 100),AG.PRD.FOOD.XD,Lebanon,LBN,95.09,98.71,106.2,107.16,105.24,102.51,99.76,102.46,104.14,..,..
Food production index (2014-2016 = 100),AG.PRD.FOOD.XD,Lesotho,LSO,106.67,100.76,92.56,114.07,107.66,89.79,91.06,102.16,98.67,..,..
Food production index (2014-2016 = 100),AG.PRD.FOOD.XD,Liberia,LBR,92.45,96.64,110.91,92.63,94.53,97.46,100.6,100.2,102.67,..,..
Food production index (2014-2016 = 100),AG.PRD.FOOD.XD,Libya,LBY,100.24,100.66,99.1,98.12,102.34,101.18,104.88,105.3,105.75,..,..
Food production index (2014-2016 = 100),AG.PRD.FOOD.XD,Liechtenstein,LIE,..,..,..,..,..,..,..,..,..,..,..
Food production index (2014-2016 = 100),AG.PRD.FOOD.XD,Lithuania,LTU,95.06,105.97,98.97,100.73,83.76,94.43,107.57,96.14,99.53,..,..
Food production index (2014-2016 = 100),AG.PRD.FOOD.XD,Luxembourg,LUX,96.69,102.08,101.23,104.67,111.03,110.4,113.62,112.69,114.89,..,..
Food production index (2014-2016 = 100),AG.PRD.FOOD.XD,"Macao SAR, China",MAC,124.75,86.71,88.53,94.23,84.14,83.49,74.11,70.86,81.34,..,..
Food production index (2014-2016 = 100),AG.PRD.FOOD.XD,Madagascar,MDG,101.05,98.72,100.23,97.92,100.64,101.6,102.17,103.9,105.91,..,..
Food production index (2014-2016 = 100),AG.PRD.FOOD.XD,Malawi,MWI,103,99.05,97.96,116.56,123.76,127.04,137.83,142.95,146.13,..,..
Food production index (2014-2016 = 100),AG.PRD.FOOD.XD,Malaysia,MYS,96.27,100.75,102.98,101.08,99.81,96.88,102.84,102.8,102.8,..,..
Food production index (2014-2016 = 100),AG.PRD.FOOD.XD,Maldives,MDV,98.12,99.83,102.05,101.39,100.6,106.82,107.4,94.83,94.49,..,..
Food production index (2014-2016 = 100),AG.PRD.FOOD.XD,Mali,MLI,89.03,98.09,112.88,113.15,123.73,127.62,136.86,126.5,136.03,..,..
Food production index (2014-2016 = 100),AG.PRD.FOOD.XD,Malta,MLT,104.36,99.3,96.34,95.03,80.8,73.71,77.73,75.6,75.95,..,..
Food production index (2014-2016 = 100),AG.PRD.FOOD.XD,Marshall Islands,MHL,83.33,90,126.67,126.67,80,90.04,90.04,90.04,90.84,..,..
Food production index (2014-2016 = 100),AG.PRD.FOOD.XD,Mauritania,MRT,98.29,100.31,101.4,103.34,106.82,105.07,108.39,114.44,116.51,..,..
Food production index (2014-2016 = 100),AG.PRD.FOOD.XD,Mauritius,MUS,102.85,99.92,97.23,97.65,90.05,94.99,80.3,83.6,84.4,..,..
Food production index (2014-2016 = 100),AG.PRD.FOOD.XD,Mexico,MEX,97.45,98.44,104.11,107.85,110.33,111.8,112.74,114.11,117.03,..,..
Food production index (2014-2016 = 100),AG.PRD.FOOD.XD,"Micronesia, Fed. Sts.",FSM,100.05,99.45,100.51,101.04,118.45,118.86,119.04,119.16,121.63,..,..
Food production index (2014-2016 = 100),AG.PRD.FOOD.XD,Moldova,MDA,102.1,90.67,107.23,115.78,121.39,118.64,81.46,123.11,89.67,..,..
Food production index (2014-2016 = 100),AG.PRD.FOOD.XD,Monaco,MCO,..,..,..,..,..,..,..,..,..,..,..
Food production index (2014-2016 = 100),AG.PRD.FOOD.XD,Mongolia,MNG,83.81,110.54,105.65,107.14,126.37,131.34,168.69,126.98,157.87,..,..
Food production index (2014-2016 = 100),AG.PRD.FOOD.XD,Montenegro,MNE,94.04,97.94,108.01,97.82,102.16,99.04,102.84,101.3,100.56,..,..
Food production index (2014-2016 = 100),AG.PRD.FOOD.XD,Morocco,MAR,99.96,108.01,92.03,108.67,115.89,110.86,99.7,116.58,106.07,..,..
Food production index (2014-2016 = 100),AG.PRD.FOOD.XD,Mozambique,MOZ,102.08,96.05,101.87,116.87,134.67,139.27,140.99,153.68,161.67,..,..
Food production index (2014-2016 = 100),AG.PRD.FOOD.XD,Myanmar,MMR,97.99,100.99,101.02,100.41,79.86,79.07,78.76,80.46,76.96,..,..
Food production index (2014-2016 = 100),AG.PRD.FOOD.XD,Namibia,NAM,102.42,99.79,97.79,104.94,102.01,96.12,95.9,96.06,100.53,..,..
Food production index (2014-2016 = 100),AG.PRD.FOOD.XD,Nauru,NRU,99.27,99.96,100.76,99.49,99.69,99.36,99.53,99.57,99.71,..,..
Food production index (2014-2016 = 100),AG.PRD.FOOD.XD,Nepal,NPL,97.66,96.72,105.61,105.83,109.92,113.44,120.46,119.69,123.18,..,..
Food production index (2014-2016 = 100),AG.PRD.FOOD.XD,Netherlands,NLD,96.63,101.11,102.26,102.47,96.33,100.72,102.3,103.93,101,..,..
Food production index (2014-2016 = 100),AG.PRD.FOOD.XD,New Caledonia,NCL,91.26,110.57,98.18,97.01,97.36,100.61,101.75,98.28,94.76,..,..
Food production index (2014-2016 = 100),AG.PRD.FOOD.XD,New Zealand,NZL,98.86,101.16,99.99,98.07,102.01,102.33,103.53,103.26,100.57,..,..
Food production index (2014-2016 = 100),AG.PRD.FOOD.XD,Nicaragua,NIC,97.38,96.91,105.71,115.76,116.47,118.69,122.95,128.13,127.92,..,..
Food production index (2014-2016 = 100),AG.PRD.FOOD.XD,Niger,NER,89.86,101.19,108.95,110.48,119.84,119.01,128.32,107.34,132.61,..,..
Food production index (2014-2016 = 100),AG.PRD.FOOD.XD,Nigeria,NGA,95.48,97.74,106.78,109.08,114.06,109.77,112.64,117.33,119.85,..,..
Food production index (2014-2016 = 100),AG.PRD.FOOD.XD,North Macedonia,MKD,93.16,102.79,104.06,83.71,101.5,95.71,102.72,95.04,100.68,..,..
Food production index (2014-2016 = 100),AG.PRD.FOOD.XD,Northern Mariana Islands,MNP,..,..,..,..,..,..,..,..,..,..,..
Food production index (2014-2016 = 100),AG.PRD.FOOD.XD,Norway,NOR,98.85,100.13,101.03,101.35,96.64,101.62,101.36,102.22,102.72,..,..
Food production index (2014-2016 = 100),AG.PRD.FOOD.XD,Oman,OMN,90.93,100,109.07,126.84,136.28,129.21,140.87,138.9,170.06,..,..
Food production index (2014-2016 = 100),AG.PRD.FOOD.XD,Pakistan,PAK,98.04,100.13,101.82,105.47,106.38,109.84,115.98,121.38,122.43,..,..
Food production index (2014-2016 = 100),AG.PRD.FOOD.XD,Palau,PLW,..,..,..,..,..,..,..,..,..,..,..
Food production index (2014-2016 = 100),AG.PRD.FOOD.XD,Panama,PAN,99.45,100.09,100.45,102.8,106.3,107.36,107.17,111.52,115.45,..,..
Food production index (2014-2016 = 100),AG.PRD.FOOD.XD,Papua New Guinea,PNG,99.55,99.93,100.52,100.64,101.64,101.24,98.87,100.07,100.55,..,..
Food production index (2014-2016 = 100),AG.PRD.FOOD.XD,Paraguay,PRY,99.6,98.81,101.59,110.54,110.22,102.2,116.83,110.12,85.44,..,..
Food production index (2014-2016 = 100),AG.PRD.FOOD.XD,Peru,PER,97.76,99.02,103.23,103.96,112.1,116.69,118.74,123.55,128.07,..,..
Food production index (2014-2016 = 100),AG.PRD.FOOD.XD,Philippines,PHL,100.59,100.77,98.64,101.95,101.61,101.33,100.67,100.25,100.51,..,..
Food production index (2014-2016 = 100),AG.PRD.FOOD.XD,Poland,POL,101.74,96.53,101.73,106.19,102.62,101.5,111.87,110.69,111.71,..,..
Food production index (2014-2016 = 100),AG.PRD.FOOD.XD,Portugal,PRT,93.66,107.54,98.8,110.26,102.07,111.93,108.16,128.07,110.34,..,..
Food production index (2014-2016 = 100),AG.PRD.FOOD.XD,Puerto Rico (US),PRI,98.08,101.53,100.39,100.55,98.51,95.06,95.41,91.37,95.25,..,..
Food production index (2014-2016 = 100),AG.PRD.FOOD.XD,Qatar,QAT,80.85,113.19,105.96,105.98,141.17,136.27,159.38,169.63,145.71,..,..
Food production index (2014-2016 = 100),AG.PRD.FOOD.XD,Romania,ROU,103.07,96.09,100.84,115.92,118.69,112.46,86.87,106.69,85.18,..,..
Food production index (2014-2016 = 100),AG.PRD.FOOD.XD,Russian Federation,RUS,97.51,100.04,102.44,107.43,104.69,110,112.01,111.63,126.44,..,..
Food production index (2014-2016 = 100),AG.PRD.FOOD.XD,Rwanda,RWA,96.82,101.11,102.07,105.24,110.27,112.61,113.66,117.85,117.31,..,..
Food production index (2014-2016 = 100),AG.PRD.FOOD.XD,Samoa,WSM,121.52,89.29,89.19,86.03,83.76,78.82,78.5,84.84,83.05,..,..
Food production index (2014-2016 = 100),AG.PRD.FOOD.XD,San Marino,SMR,..,..,..,..,..,..,..,..,..,..,..
Food production index (2014-2016 = 100),AG.PRD.FOOD.XD,Sao Tome and Principe,STP,106.36,89.32,104.32,110.88,106.78,106.54,105.67,106.4,107.25,..,..
Food production index (2014-2016 = 100),AG.PRD.FOOD.XD,Saudi Arabia,SAU,91.23,101.45,107.33,122.02,128.79,144.94,170.03,167.23,172.66,..,..
Food production index (2014-2016 = 100),AG.PRD.FOOD.XD,Senegal,SEN,84.48,110.23,105.29,134.25,152.86,153.59,183.45,179.91,177.49,..,..
Food production index (2014-2016 = 100),AG.PRD.FOOD.XD,Serbia,SRB,98.02,94.39,107.59,90.75,107.67,107.81,110.92,104.24,98.37,..,..
Food production index (2014-2016 = 100),AG.PRD.FOOD.XD,Seychelles,SYC,95.09,100.06,104.85,90.51,109.16,120.21,129.34,151.24,149.83,..,..
Food production index (2014-2016 = 100),AG.PRD.FOOD.XD,Sierra Leone,SLE,110.05,96.35,93.6,84.47,88.66,78.32,91.46,130.56,104.72,..,..
Food production index (2014-2016 = 100),AG.PRD.FOOD.XD,Singapore,SGP,95.25,99.27,105.48,133.2,111.07,123.45,123.38,133.72,131.01,..,..
Food production index (2014-2016 = 100),AG.PRD.FOOD.XD,Sint Maarten (Dutch part),SXM,..,..,..,..,..,..,..,..,..,..,..
Food production index (2014-2016 = 100),AG.PRD.FOOD.XD,Slovak Republic,SVK,104.72,89.58,105.7,91.88,97.89,97.92,102.6,97.37,86.15,..,..
Food production index (2014-2016 = 100),AG.PRD.FOOD.XD,Slovenia,SVN,97.67,101.74,100.59,97.55,102.6,99.91,104.99,97.8,94,..,..
Food production index (2014-2016 = 100),AG.PRD.FOOD.XD,Solomon Islands,SLB,99.84,100.59,99.58,100.37,100.76,100.87,100.77,101.58,100.49,..,..
Food production index (2014-2016 = 100),AG.PRD.FOOD.XD,"Somalia, Fed. Rep.",SOM,100.56,101.91,97.54,98.37,98.95,99.76,100.14,99.82,98.94,..,..
Food production index (2014-2016 = 100),AG.PRD.FOOD.XD,South Africa,ZAF,102.96,100.99,96.06,105.85,104.36,104.48,111.43,114.24,113.24,..,..
Food production index (2014-2016 = 100),AG.PRD.FOOD.XD,South Sudan,SSD,98.42,100.49,101.1,100.66,101.96,110.73,106.85,114.19,114.76,..,..
Food production index (2014-2016 = 100),AG.PRD.FOOD.XD,Spain,ESP,94.5,99.39,106.12,101.65,117.73,106.52,117.43,116.79,98.83,..,..
Food production index (2014-2016 = 100),AG.PRD.FOOD.XD,Sri Lanka,LKA,96.87,104.29,98.84,88.82,97.72,99.46,108.5,119.22,99.24,..,..
Food production index (2014-2016 = 100),AG.PRD.FOOD.XD,St. Kitts and Nevis,KNA,100.99,99.72,99.29,95.34,96.29,97.35,95.35,105.93,115.11,..,..
Food production index (2014-2016 = 100),AG.PRD.FOOD.XD,St. Lucia,LCA,101.3,101.19,97.51,99.49,103.41,101.11,88.66,78.34,90.59,..,..
Food production index (2014-2016 = 100),AG.PRD.FOOD.XD,St. Martin (French part),MAF,..,..,..,..,..,..,..,..,..,..,..
Food production index (2014-2016 = 100),AG.PRD.FOOD.XD,St. Vincent and the Grenadines,VCT,101.98,100.15,97.87,99.36,100.48,101.71,102.26,101,101.11,..,..
Food production index (2014-2016 = 100),AG.PRD.FOOD.XD,Sudan,SDN,103.29,91.74,104.97,101.74,117.3,113.32,116.99,110.7,116.41,..,..
Food production index (2014-2016 = 100),AG.PRD.FOOD.XD,Suriname,SUR,101.66,98.2,100.14,103.52,97.93,94.71,85.81,87.81,87.89,..,..
Food production index (2014-2016 = 100),AG.PRD.FOOD.XD,Sweden,SWE,99.58,102.36,98.06,100.86,84.05,100.64,101.05,96.45,101.15,..,..
Food production index (2014-2016 = 100),AG.PRD.FOOD.XD,Switzerland,CHE,102.58,99.43,97.98,97.74,101.65,97.32,99.14,94.38,97.39,..,..
Food production index (2014-2016 = 100),AG.PRD.FOOD.XD,Syrian Arab Republic,SYR,90.51,108.01,101.48,103.99,98.55,110.01,119.04,100.59,96.98,..,..
Food production index (2014-2016 = 100),AG.PRD.FOOD.XD,Tajikistan,TJK,87.86,101.26,110.88,131.87,145.45,153.16,156,149.45,150.12,..,..
Food production index (2014-2016 = 100),AG.PRD.FOOD.XD,Tanzania,TZA,98.68,103.25,98.08,96.03,104.52,105.58,112.05,112.95,109.9,..,..
Food production index (2014-2016 = 100),AG.PRD.FOOD.XD,Thailand,THA,102.95,96.59,100.46,102.09,103.94,100.49,96.08,100.1,104.2,..,..
Food production index (2014-2016 = 100),AG.PRD.FOOD.XD,Timor-Leste,TLS,100.45,103.85,95.71,91.51,96.84,93.61,93.25,89.77,101.69,..,..
Food production index (2014-2016 = 100),AG.PRD.FOOD.XD,Togo,TGO,100.84,98.5,100.67,105.89,110.32,114.05,116.4,121.99,128.24,..,..
Food production index (2014-2016 = 100),AG.PRD.FOOD.XD,Tonga,TON,95.21,106.32,98.47,98.56,96.98,97.33,97.09,97.52,97.78,..,..
Food production index (2014-2016 = 100),AG.PRD.FOOD.XD,Trinidad and Tobago,TTO,108.27,88.79,102.94,107.55,109.68,94.71,90.13,88.07,93.08,..,..
Food production index (2014-2016 = 100),AG.PRD.FOOD.XD,Tunisia,TUN,89.59,114.82,95.59,93.75,113.3,104.26,122.9,103.49,109.55,..,..
Food production index (2014-2016 = 100),AG.PRD.FOOD.XD,Turkiye,TUR,95.78,101.77,102.45,108.58,109.28,114.28,120.22,120.12,128.92,..,..
Food production index (2014-2016 = 100),AG.PRD.FOOD.XD,Turkmenistan,TKM,95.8,99.04,105.16,105.39,103.14,109.74,112.42,112.29,112.03,..,..
Food production index (2014-2016 = 100),AG.PRD.FOOD.XD,Turks and Caicos Islands,TCA,..,..,..,..,..,..,..,..,..,..,..
Food production index (2014-2016 = 100),AG.PRD.FOOD.XD,Tuvalu,TUV,98.81,100.21,100.97,101.93,102.33,112.61,113.47,113.48,110.82,..,..
Food production index (2014-2016 = 100),AG.PRD.FOOD.XD,Uganda,UGA,101.79,103.67,94.55,103.98,105.73,118.45,139.38,151.83,135.53,..,..
Food production index (2014-2016 = 100),AG.PRD.FOOD.XD,Ukraine,UKR,101.11,96.82,102.07,100.01,107.23,109.33,99.24,113.92,87.83,..,..
Food production index (2014-2016 = 100),AG.PRD.FOOD.XD,United Arab Emirates,ARE,94.36,98.36,107.28,107.31,111.15,120.4,124.53,126.83,124.86,..,..
Food production index (2014-2016 = 100),AG.PRD.FOOD.XD,United Kingdom,GBR,100.68,101.35,97.98,102.21,99.59,104.43,98.14,100.53,101.24,..,..
Food production index (2014-2016 = 100),AG.PRD.FOOD.XD,United States,USA,98.13,97.01,104.86,101.95,103.19,99.64,103.12,104.57,100.86,..,..
Food production index (2014-2016 = 100),AG.PRD.FOOD.XD,Uruguay,URY,102.74,101.27,96,104.3,88.84,101.52,92.46,100.47,97.82,..,..
Food production index (2014-2016 = 100),AG.PRD.FOOD.XD,Uzbekistan,UZB,93.08,100.51,106.41,101.18,105.38,105.01,106.82,109.7,114.43,..,..
Food production index (2014-2016 = 100),AG.PRD.FOOD.XD,Vanuatu,VUT,105.16,97.6,97.25,83.66,82.48,83.29,81.96,84.08,82.96,..,..
Food production index (2014-2016 = 100),AG.PRD.FOOD.XD,"Venezuela, RB",VEN,105.75,104.37,95.63,91.75,84.89,84.92,89.45,88.64,89.88,..,..
Food production index (2014-2016 = 100),AG.PRD.FOOD.XD,Viet Nam,VNM,98.54,100.72,100.74,102.45,105.9,105.36,107.14,112.81,113.65,..,..
Food production index (2014-2016 = 100),AG.PRD.FOOD.XD,Virgin Islands (U.S.),VIR,..,..,..,..,..,..,..,..,..,..,..
Food production index (2014-2016 = 100),AG.PRD.FOOD.XD,West Bank and Gaza,PSE,103.43,90.42,106.16,111.65,127.19,126.88,116.86,117.39,111.76,..,..
Food production index (2014-2016 = 100),AG.PRD.FOOD.XD,"Yemen, Rep.",YEM,108.06,99.62,92.32,91.63,90.75,105.86,111.64,120.77,118.29,..,..
Food production index (2014-2016 = 100),AG.PRD.FOOD.XD,Zambia,ZMB,105.79,92.56,101.64,124.72,114.62,110.94,120.52,127.49,119.91,..,..
Food production index (2014-2016 = 100),AG.PRD.FOOD.XD,Zimbabwe,ZWE,96.85,101.1,102.05,106.59,107.82,105.74,110.34,120.52,121.68,..,..
Food production index (2014-2016 = 100),AG.PRD.FOOD.XD,Africa Eastern and Southern,AFE,100,100,100,100,100,100,100,..,..,..,..
Food production index (2014-2016 = 100),AG.PRD.FOOD.XD,Africa Western and Central,AFW,100,100,100,100,100,100,100,..,..,..,..
Food production index (2014-2016 = 100),AG.PRD.FOOD.XD,Arab World,ARB,100,100,100,100,100,100,100,..,..,..,..
Food production index (2014-2016 = 100),AG.PRD.FOOD.XD,Caribbean small states,CSS,100,100,100,100,100,100,100,..,..,..,..
Food production index (2014-2016 = 100),AG.PRD.FOOD.XD,Central Europe and the Baltics,CEB,100,100,100,100,100,100,100,..,..,..,..
Food production index (2014-2016 = 100),AG.PRD.FOOD.XD,Early-demographic dividend,EAR,100,100,100,100,100,100,100,..,..,..,..
Food production index (2014-2016 = 100),AG.PRD.FOOD.XD,East Asia & Pacific,EAS,98.9119775080099,100,100,100,100,100,100,..,..,..,..
Food production index (2014-2016 = 100),AG.PRD.FOOD.XD,East Asia & Pacific (excluding high income),EAP,100,100,100,100,100,100,100,..,..,..,..
Food production index (2014-2016 = 100),AG.PRD.FOOD.XD,East Asia & Pacific (IDA & IBRD countries),TEA,100,100,100,100,100,100,100,..,..,..,..
Food production index (2014-2016 = 100),AG.PRD.FOOD.XD,Euro area,EMU,100,100,100,100,100,100,100,..,..,..,..
Food production index (2014-2016 = 100),AG.PRD.FOOD.XD,Europe & Central Asia,ECS,99.1480633417672,100,100,100,100,100,100,..,..,..,..
Food production index (2014-2016 = 100),AG.PRD.FOOD.XD,Europe & Central Asia (excluding high income),ECA,100,100,100,100,100,100,100,..,..,..,..
Food production index (2014-2016 = 100),AG.PRD.FOOD.XD,Europe & Central Asia (IDA & IBRD countries),TEC,100,100,100,100,100,100,100,..,..,..,..
Food production index (2014-2016 = 100),AG.PRD.FOOD.XD,European Union,EUU,100,100,100,100,100,100,100,..,..,..,..
Food production index (2014-2016 = 100),AG.PRD.FOOD.XD,Fragile and conflict affected situations,FCS,100,100,100,100,100,100,100,..,..,..,..
Food production index (2014-2016 = 100),AG.PRD.FOOD.XD,Heavily indebted poor countries (HIPC),HPC,100,100,100,100,100,100,100,..,..,..,..
Food production index (2014-2016 = 100),AG.PRD.FOOD.XD,High income,HIC,97.6852168064959,100,100,100,100,100,100,..,..,..,..
Food production index (2014-2016 = 100),AG.PRD.FOOD.XD,IBRD only,IBD,100,100,100,100,100,100,100,..,..,..,..
Food production index (2014-2016 = 100),AG.PRD.FOOD.XD,IDA & IBRD total,IBT,100,100,100,100,100,100,100,..,..,..,..
Food production index (2014-2016 = 100),AG.PRD.FOOD.XD,IDA blend,IDB,100,100,100,100,100,100,100,..,..,..,..
Food production index (2014-2016 = 100),AG.PRD.FOOD.XD,IDA only,IDX,100,100,100,100,100,100,100,..,..,..,..
Food production index (2014-2016 = 100),AG.PRD.FOOD.XD,IDA total,IDA,100,100,100,100,100,100,100,..,..,..,..
Food production index (2014-2016 = 100),AG.PRD.FOOD.XD,Late-demographic dividend,LTE,99.1474034294184,100,100,100,100,100,100,..,..,..,..
Food production index (2014-2016 = 100),AG.PRD.FOOD.XD,Latin America & Caribbean,LCN,99.214788385976,100,100,100,100,100,100,..,..,..,..
Food production index (2014-2016 = 100),AG.PRD.FOOD.XD,Latin America & Caribbean (excluding high income),LAC,100,100,100,100,100,100,100,..,..,..,..
Food production index (2014-2016 = 100),AG.PRD.FOOD.XD,Latin America & the Caribbean (IDA & IBRD countries),TLA,100,100,100,100,100,100,100,..,..,..,..
Food production index (2014-2016 = 100),AG.PRD.FOOD.XD,Least developed countries: UN classification,LDC,100,100,100,100,100,100,100,..,..,..,..
Food production index (2014-2016 = 100),AG.PRD.FOOD.XD,Low & middle income,LMY,100,100,100,100,100,100,100,..,..,..,..
Food production index (2014-2016 = 100),AG.PRD.FOOD.XD,Low income,LIC,100,100,100,100,100,100,100,..,..,..,..
Food production index (2014-2016 = 100),AG.PRD.FOOD.XD,Lower middle income,LMC,100,100,100,100,100,100,100,..,..,..,..
Food production index (2014-2016 = 100),AG.PRD.FOOD.XD,"Middle East, North Africa, Afghanistan & Pakistan",MEA,100,100,100,100,100,100,100,..,..,..,..
Food production index (2014-2016 = 100),AG.PRD.FOOD.XD,"Middle East, North Africa, Afghanistan & Pakistan (excluding high income)",MNA,100,100,100,100,100,100,100,..,..,..,..
Food production index (2014-2016 = 100),AG.PRD.FOOD.XD,"Middle East, North Africa, Afghanistan & Pakistan (IDA & IBRD)",TMN,100,100,100,100,100,100,100,..,..,..,..
Food production index (2014-2016 = 100),AG.PRD.FOOD.XD,Middle income,MIC,100,100,100,100,100,100,100,..,..,..,..
Food production index (2014-2016 = 100),AG.PRD.FOOD.XD,North America,NAC,99.5128303401479,100,100,100,100,100,100,..,..,..,..
Food production index (2014-2016 = 100),AG.PRD.FOOD.XD,Not classified,INX,..,..,..,..,..,..,..,..,..,..,..
Food production index (2014-2016 = 100),AG.PRD.FOOD.XD,OECD members,OED,100,100,100,100,100,100,100,..,..,..,..
Food production index (2014-2016 = 100),AG.PRD.FOOD.XD,Other small states,OSS,100,100,100,100,100,100,100,..,..,..,..
Food production index (2014-2016 = 100),AG.PRD.FOOD.XD,Pacific island small states,PSS,100,100,100,100,100,100,100,..,..,..,..
Food production index (2014-2016 = 100),AG.PRD.FOOD.XD,Post-demographic dividend,PST,100,100,100,100,100,100,100,..,..,..,..
Food production index (2014-2016 = 100),AG.PRD.FOOD.XD,Pre-demographic dividend,PRE,100,100,100,100,100,100,100,..,..,..,..
Food production index (2014-2016 = 100),AG.PRD.FOOD.XD,Small states,SST,100,100,100,100,100,100,100,..,..,..,..
Food production index (2014-2016 = 100),AG.PRD.FOOD.XD,South Asia,SAS,100,100,100,100,100,100,100,..,..,..,..
Food production index (2014-2016 = 100),AG.PRD.FOOD.XD,South Asia (IDA & IBRD),TSA,100,100,100,100,100,100,100,..,..,..,..
Food production index (2014-2016 = 100),AG.PRD.FOOD.XD,Sub-Saharan Africa,SSF,100,100,100,100,100,100,100,..,..,..,..
Food production index (2014-2016 = 100),AG.PRD.FOOD.XD,Sub-Saharan Africa (excluding high income),SSA,100,100,100,100,100,100,100,..,..,..,..
Food production index (2014-2016 = 100),AG.PRD.FOOD.XD,Sub-Saharan Africa (IDA & IBRD countries),TSS,100,100,100,100,100,100,100,..,..,..,..
Food production index (2014-2016 = 100),AG.PRD.FOOD.XD,Upper middle income,UMC,100,100,100,100,100,100,100,..,..,..,..
Food production index (2014-2016 = 100),AG.PRD.FOOD.XD,World,WLD,99.3228261915629,100,100,100,100,100,100,..,..,..,..
Fertilizer consumption (% of fertilizer production),AG.CON.FERT.PT.ZS,Afghanistan,AFG,495.086795763615,648.398821833678,662.618286645359,986.802030456853,847.546531302877,535.52672808172,427.561571724008,255.25474713292,248.022811305383,324.290280127844,..
Fertilizer consumption (% of fertilizer production),AG.CON.FERT.PT.ZS,Albania,ALB,..,..,..,..,..,..,..,..,..,..,..
Fertilizer consumption (% of fertilizer production),AG.CON.FERT.PT.ZS,Algeria,DZA,40.5146746065504,21.7920079424175,14.4756415024173,14.4756415024173,14.4756415024173,14.4756415024173,14.4756415024173,14.4756415024173,14.4756415024173,14.4756415024173,..
Fertilizer consumption (% of fertilizer production),AG.CON.FERT.PT.ZS,American Samoa,ASM,..,..,..,..,..,..,..,..,..,..,..
Fertilizer consumption (% of fertilizer production),AG.CON.FERT.PT.ZS,Andorra,AND,..,..,..,..,..,..,..,..,..,..,..
Fertilizer consumption (% of fertilizer production),AG.CON.FERT.PT.ZS,Angola,AGO,..,..,..,..,..,..,..,..,..,..,..
Fertilizer consumption (% of fertilizer production),AG.CON.FERT.PT.ZS,Antigua and Barbuda,ATG,..,..,..,..,..,..,..,..,..,..,..
Fertilizer consumption (% of fertilizer production),AG.CON.FERT.PT.ZS,Argentina,ARG,255.653457430634,212.515005763803,258.568031959675,236.723788612896,364.065733037613,347.507168741918,356.251067556924,543.27651771747,464.863734066567,345.365477284059,..
Fertilizer consumption (% of fertilizer production),AG.CON.FERT.PT.ZS,Armenia,ARM,..,..,..,..,..,..,..,..,..,..,..
Fertilizer consumption (% of fertilizer production),AG.CON.FERT.PT.ZS,Aruba,ABW,..,..,..,..,..,..,..,..,..,..,..
Fertilizer consumption (% of fertilizer production),AG.CON.FERT.PT.ZS,Australia,AUS,383.400090191186,285.779617715162,282.482003980916,309.279763131137,304.178979871912,307.082040263522,344.57518544561,350.460019746505,337.180374722401,409.513280867342,..
Fertilizer consumption (% of fertilizer production),AG.CON.FERT.PT.ZS,Austria,AUT,..,..,..,..,..,..,..,..,..,..,..
Fertilizer consumption (% of fertilizer production),AG.CON.FERT.PT.ZS,Azerbaijan,AZE,..,..,..,..,..,292.515648702564,468.853559628253,31.8873590527672,31.2436208749483,55.0425193243603,..
Fertilizer consumption (% of fertilizer production),AG.CON.FERT.PT.ZS,"Bahamas, The",BHS,..,..,..,..,..,..,..,..,..,..,..
Fertilizer consumption (% of fertilizer production),AG.CON.FERT.PT.ZS,Bahrain,BHR,1.52142588648039,0.787929321742461,0.174378521102181,0.236372101247652,0.315753697045603,0.446182187431536,0.863991317992668,0.863991317992668,0.0616133354606148,..,..
Fertilizer consumption (% of fertilizer production),AG.CON.FERT.PT.ZS,Bangladesh,BGD,469.365656919907,476.949740034662,392.375929871128,460.552036906717,572.967592592593,544.211481929794,554.92391492305,673.512882586893,665.640670932042,667.524425038907,..
Fertilizer consumption (% of fertilizer production),AG.CON.FERT.PT.ZS,Barbados,BRB,..,..,..,..,..,..,..,..,..,..,..
Fertilizer consumption (% of fertilizer production),AG.CON.FERT.PT.ZS,Belarus,BLR,16.5389601470971,14.6844496609647,11.578135404905,10.0005663542892,10.5864003310249,10.2779382394022,11.7091205207625,10.9028122690263,12.539581390488,12.6792087052903,..
Fertilizer consumption (% of fertilizer production),AG.CON.FERT.PT.ZS,Belgium,BEL,23.2839332583427,22.6487307829818,21.6847039168368,19.3179988006511,22.0030650214166,18.413759233195,24.1561266958762,20.1658993015117,17.891934321776,21.0096562581786,..
Fertilizer consumption (% of fertilizer production),AG.CON.FERT.PT.ZS,Belize,BLZ,..,..,..,..,..,..,..,..,..,..,..
Fertilizer consumption (% of fertilizer production),AG.CON.FERT.PT.ZS,Benin,BEN,..,..,..,..,..,..,..,..,..,..,..
Fertilizer consumption (% of fertilizer production),AG.CON.FERT.PT.ZS,Bermuda,BMU,..,..,..,..,..,..,..,..,..,..,..
Fertilizer consumption (% of fertilizer production),AG.CON.FERT.PT.ZS,Bhutan,BTN,..,..,..,..,..,..,..,..,..,..,..
Fertilizer consumption (% of fertilizer production),AG.CON.FERT.PT.ZS,Bolivia,BOL,..,..,..,..,40.950786422433,19.8027110531249,571.308703263519,54.7392976332563,21.3743427375577,..,..
Fertilizer consumption (% of fertilizer production),AG.CON.FERT.PT.ZS,Bosnia and Herzegovina,BIH,179.257626558067,168.42727882491,252.29308667127,226.146944320329,468.717001268764,276.0186703671,361.90575851934,447.016174010039,265.456505791471,..,..
Fertilizer consumption (% of fertilizer production),AG.CON.FERT.PT.ZS,Botswana,BWA,..,..,..,..,..,..,..,..,..,..,..
Fertilizer consumption (% of fertilizer production),AG.CON.FERT.PT.ZS,Brazil,BRA,480.748563949674,402.532871589318,526.336361496622,635.864391206704,590.892681590455,803.659444053644,790.812711474222,756.875111871838,663.029699700089,718.295813770278,..
Fertilizer consumption (% of fertilizer production),AG.CON.FERT.PT.ZS,British Virgin Islands,VGB,..,..,..,..,..,..,..,..,..,..,..
Fertilizer consumption (% of fertilizer production),AG.CON.FERT.PT.ZS,Brunei Darussalam,BRN,..,..,..,..,..,..,..,..,..,..,..
Fertilizer consumption (% of fertilizer production),AG.CON.FERT.PT.ZS,Bulgaria,BGR,114.932737979278,133.993174403198,151.382008489788,55.6889797933146,67.7115098638888,73.038662923347,74.3822833987345,68.6145372740672,80.2748273501921,82.7347031634086,..
Fertilizer consumption (% of fertilizer production),AG.CON.FERT.PT.ZS,Burkina Faso,BFA,..,..,..,..,..,..,..,..,..,..,..
Fertilizer consumption (% of fertilizer production),AG.CON.FERT.PT.ZS,Burundi,BDI,..,..,..,..,..,..,..,..,..,..,..
Fertilizer consumption (% of fertilizer production),AG.CON.FERT.PT.ZS,Cabo Verde,CPV,..,..,..,..,..,..,..,..,..,..,..
Fertilizer consumption (% of fertilizer production),AG.CON.FERT.PT.ZS,Cambodia,KHM,..,..,..,..,..,..,..,..,..,..,..
Fertilizer consumption (% of fertilizer production),AG.CON.FERT.PT.ZS,Cameroon,CMR,..,..,..,..,..,..,..,..,..,..,..
Fertilizer consumption (% of fertilizer production),AG.CON.FERT.PT.ZS,Canada,CAN,26.8909866396442,25.6718044547489,25.2547594492416,24.2680890411722,23.9234978963249,24.8232285241462,28.3922128148605,27.8823840912586,26.4753457191702,37.3969701665449,..
Fertilizer consumption (% of fertilizer production),AG.CON.FERT.PT.ZS,Cayman Islands,CYM,..,..,..,..,..,..,..,..,..,..,..
Fertilizer consumption (% of fertilizer production),AG.CON.FERT.PT.ZS,Central African Republic,CAF,..,..,..,..,..,..,..,..,..,..,..
Fertilizer consumption (% of fertilizer production),AG.CON.FERT.PT.ZS,Chad,TCD,..,..,..,..,..,..,..,..,..,..,..
Fertilizer consumption (% of fertilizer production),AG.CON.FERT.PT.ZS,Channel Islands,CHI,..,..,..,..,..,..,..,..,..,..,..
Fertilizer consumption (% of fertilizer production),AG.CON.FERT.PT.ZS,Chile,CHL,36.0509279240397,36.9253414978804,30.4971778745364,33.8959386438905,31.8052721782421,49.4398694011962,41.3371402790758,40.4176285491126,27.5316037582021,117.401767688481,..
Fertilizer consumption (% of fertilizer production),AG.CON.FERT.PT.ZS,China,CHN,87.4530851929927,82.1844570847329,92.2536785382437,92.1398447888383,93.9561170696425,89.3978012725941,88.5655956927785,84.5183399825642,88.9596042512191,92.0312777126008,..
Fertilizer consumption (% of fertilizer production),AG.CON.FERT.PT.ZS,Colombia,COL,428.625396825397,427.867707477403,464.353418803419,504.008760951189,436.953629798556,437.532763532764,509.425434962717,508.001657000828,411.627589063795,..,..
Fertilizer consumption (% of fertilizer production),AG.CON.FERT.PT.ZS,Comoros,COM,..,..,..,..,..,..,..,..,..,..,..
Fertilizer consumption (% of fertilizer production),AG.CON.FERT.PT.ZS,"Congo, Dem. Rep.",COD,..,..,..,..,..,..,..,..,..,..,..
Fertilizer consumption (% of fertilizer production),AG.CON.FERT.PT.ZS,"Congo, Rep.",COG,..,..,..,..,..,..,..,..,..,..,..
Fertilizer consumption (% of fertilizer production),AG.CON.FERT.PT.ZS,Costa Rica,CRI,..,..,..,..,..,..,..,..,..,..,..
Fertilizer consumption (% of fertilizer production),AG.CON.FERT.PT.ZS,Cote d'Ivoire,CIV,..,..,..,..,..,..,..,..,..,..,..
Fertilizer consumption (% of fertilizer production),AG.CON.FERT.PT.ZS,Croatia,HRV,39.6546777932078,34.7052936247552,23.9818700584561,35.4178431150877,41.8189541020268,37.8136251384805,40.5757415174714,63.8164509408618,211.217319780829,221.844456202168,..
Fertilizer consumption (% of fertilizer production),AG.CON.FERT.PT.ZS,Cuba,CUB,894.297571001929,682.581632653061,741.507462686567,1037.61458333333,791.31914893617,1487.68,918.320987654321,1481.15993397066,763.22740203604,684.642525996129,..
Fertilizer consumption (% of fertilizer production),AG.CON.FERT.PT.ZS,Curacao,CUW,..,..,..,..,..,..,..,..,..,..,..
Fertilizer consumption (% of fertilizer production),AG.CON.FERT.PT.ZS,Cyprus,CYP,..,..,..,..,..,..,..,..,..,..,..
Fertilizer consumption (% of fertilizer production),AG.CON.FERT.PT.ZS,Czechia,CZE,339.790049843775,275.359932045133,294.523383822867,312.956343977734,287.008585964244,363.762003352588,475.460857519276,253.701635787492,290.185283984277,311.601299205696,..
Fertilizer consumption (% of fertilizer production),AG.CON.FERT.PT.ZS,Denmark,DNK,..,..,..,..,..,..,..,..,..,..,..
Fertilizer consumption (% of fertilizer production),AG.CON.FERT.PT.ZS,Djibouti,DJI,..,..,..,..,..,..,..,..,..,..,..
Fertilizer consumption (% of fertilizer production),AG.CON.FERT.PT.ZS,Dominica,DMA,..,..,..,..,..,..,..,..,..,..,..
Fertilizer consumption (% of fertilizer production),AG.CON.FERT.PT.ZS,Dominican Republic,DOM,..,..,..,..,..,..,..,..,..,..,..
Fertilizer consumption (% of fertilizer production),AG.CON.FERT.PT.ZS,Ecuador,ECU,..,..,..,..,..,..,..,..,..,..,..
Fertilizer consumption (% of fertilizer production),AG.CON.FERT.PT.ZS,"Egypt, Arab Rep.",EGY,44.084829946302,62.2911039013399,53.1386371265525,43.3003573833325,42.4738458335502,42.2911731785407,45.6561328334226,46.7058823529412,45.2683461117196,41.5376884422111,..
Fertilizer consumption (% of fertilizer production),AG.CON.FERT.PT.ZS,El Salvador,SLV,..,..,..,..,..,..,..,..,..,..,..
Fertilizer consumption (% of fertilizer production),AG.CON.FERT.PT.ZS,Equatorial Guinea,GNQ,..,..,..,..,..,..,..,..,..,..,..
Fertilizer consumption (% of fertilizer production),AG.CON.FERT.PT.ZS,Eritrea,ERI,..,..,..,..,..,..,..,..,..,..,..
Fertilizer consumption (% of fertilizer production),AG.CON.FERT.PT.ZS,Estonia,EST,23082.2994210091,47056.2442027152,49620.5718395972,24085.5183541751,22868.7779377226,23596.1057655883,24917.4179862111,27443.7457383135,22973.7101295553,20163.2699446928,..
Fertilizer consumption (% of fertilizer production),AG.CON.FERT.PT.ZS,Eswatini,SWZ,..,..,..,..,..,..,..,..,..,..,..
Fertilizer consumption (% of fertilizer production),AG.CON.FERT.PT.ZS,Ethiopia,ETH,..,..,..,..,..,..,..,..,..,..,..
Fertilizer consumption (% of fertilizer production),AG.CON.FERT.PT.ZS,Faroe Islands,FRO,..,..,..,..,..,..,..,..,..,..,..
Fertilizer consumption (% of fertilizer production),AG.CON.FERT.PT.ZS,Fiji,FJI,..,..,..,..,..,..,..,..,..,..,..
Fertilizer consumption (% of fertilizer production),AG.CON.FERT.PT.ZS,Finland,FIN,56.9832757360489,45.250852625984,48.2182215752884,63.0766492283798,58.2379189828553,46.286385544721,49.8450586282708,41.8219483344399,119.736763543406,1716.03530258102,..
Fertilizer consumption (% of fertilizer production),AG.CON.FERT.PT.ZS,France,FRA,605.539885199805,449.906490591692,505.192866599147,560.596036485363,423.053706007171,444.042634876329,..,1418.35288622296,7180.74062138113,7180.74062138113,..
Fertilizer consumption (% of fertilizer production),AG.CON.FERT.PT.ZS,French Polynesia,PYF,..,..,..,..,..,..,..,..,..,..,..
Fertilizer consumption (% of fertilizer production),AG.CON.FERT.PT.ZS,Gabon,GAB,..,..,..,..,..,..,..,..,..,..,..
Fertilizer consumption (% of fertilizer production),AG.CON.FERT.PT.ZS,"Gambia, The",GMB,..,..,..,..,..,..,..,..,..,..,..
Fertilizer consumption (% of fertilizer production),AG.CON.FERT.PT.ZS,Georgia,GEO,15.3158938229174,14.6591930857833,21.0141317006484,15.4625866241057,12.6057367002525,12.1278716697181,37.3849801590457,33.2255454819781,29.6415228517434,28.916916916022,..
Fertilizer consumption (% of fertilizer production),AG.CON.FERT.PT.ZS,Germany,DEU,58.448435768091,54.8076808710172,55.5422836401554,49.7407068383748,47.9268378178719,50.9813193778728,47.4176094770002,38.4810174920516,39.2476534060068,47.1781184395432,..
Fertilizer consumption (% of fertilizer production),AG.CON.FERT.PT.ZS,Ghana,GHA,..,..,..,..,..,..,..,..,..,..,..
Fertilizer consumption (% of fertilizer production),AG.CON.FERT.PT.ZS,Gibraltar,GIB,..,..,..,..,..,..,..,..,..,..,..
Fertilizer consumption (% of fertilizer production),AG.CON.FERT.PT.ZS,Greece,GRC,124.663932654666,98.0982457159143,135.772960215789,79.9079066619775,149.420050181891,187.57926976771,254.823242104995,289.807822619875,73.0352133328093,72.7290367282749,..
Fertilizer consumption (% of fertilizer production),AG.CON.FERT.PT.ZS,Greenland,GRL,..,..,..,..,..,..,..,..,..,..,..
Fertilizer consumption (% of fertilizer production),AG.CON.FERT.PT.ZS,Grenada,GRD,..,..,..,..,..,..,..,..,..,..,..
Fertilizer consumption (% of fertilizer production),AG.CON.FERT.PT.ZS,Guam,GUM,..,..,..,..,..,..,..,..,..,..,..
Fertilizer consumption (% of fertilizer production),AG.CON.FERT.PT.ZS,Guatemala,GTM,..,..,..,..,..,..,..,..,..,..,..
Fertilizer consumption (% of fertilizer production),AG.CON.FERT.PT.ZS,Guinea,GIN,..,..,..,..,..,..,..,..,..,..,..
Fertilizer consumption (% of fertilizer production),AG.CON.FERT.PT.ZS,Guinea-Bissau,GNB,..,..,..,..,..,..,..,..,..,..,..
Fertilizer consumption (% of fertilizer production),AG.CON.FERT.PT.ZS,Guyana,GUY,..,..,..,..,..,..,..,..,..,..,..
Fertilizer consumption (% of fertilizer production),AG.CON.FERT.PT.ZS,Haiti,HTI,..,..,..,..,..,..,..,..,..,..,..
Fertilizer consumption (% of fertilizer production),AG.CON.FERT.PT.ZS,Honduras,HND,..,..,..,..,..,..,..,..,..,..,..
Fertilizer consumption (% of fertilizer production),AG.CON.FERT.PT.ZS,"Hong Kong SAR, China",HKG,..,..,..,..,..,..,..,..,..,..,..
Fertilizer consumption (% of fertilizer production),AG.CON.FERT.PT.ZS,Hungary,HUN,142.467061264478,144.353168686791,174.695837759549,192.656411943409,190.77907847406,184.31735458065,77.4134273612816,85.285564543637,106.243453891809,58.9894679267843,..
Fertilizer consumption (% of fertilizer production),AG.CON.FERT.PT.ZS,Iceland,ISL,..,..,..,..,..,..,..,..,..,..,..
Fertilizer consumption (% of fertilizer production),AG.CON.FERT.PT.ZS,India,IND,154.546113601489,149.441673137188,144.728520036811,146.530556014768,152.701187574258,156.483317038389,176.042247195875,160.62028102616,143.843295272156,139.367421382504,..
Fertilizer consumption (% of fertilizer production),AG.CON.FERT.PT.ZS,Indonesia,IDN,139.600569688748,139.809886917357,142.10226879955,147.702991211844,147.318626116504,114.113042988213,121.86313883622,143.063755489996,121.854810385847,121.854810385847,..
Fertilizer consumption (% of fertilizer production),AG.CON.FERT.PT.ZS,"Iran, Islamic Rep.",IRN,75.1672738880489,42.3680627382921,45.7531975187534,42.9444181656527,49.4258631488124,54.0848191800141,58.6934622746046,58.6934622746046,58.6934622746046,58.6934622746046,..
Fertilizer consumption (% of fertilizer production),AG.CON.FERT.PT.ZS,Iraq,IRQ,189.895488629351,230.670494325017,123.030398783118,215.112974643287,234.400327474629,202.929210384661,216.359576968273,229.576401322558,231.138219847255,228.529728068828,..
Fertilizer consumption (% of fertilizer production),AG.CON.FERT.PT.ZS,Ireland,IRL,..,..,..,..,..,..,..,..,..,..,..
Fertilizer consumption (% of fertilizer production),AG.CON.FERT.PT.ZS,Isle of Man,IMN,..,..,..,..,..,..,..,..,..,..,..
Fertilizer consumption (% of fertilizer production),AG.CON.FERT.PT.ZS,Israel,ISR,3.07314174898055,3.80861994114599,3.49859790097563,3.3685262249018,3.39583944253311,3.18516386070585,2.566481854017,2.91240250675229,2.31745320607844,2.38610768773108,..
Fertilizer consumption (% of fertilizer production),AG.CON.FERT.PT.ZS,Italy,ITA,214.141292719594,222.300336398701,190.181465588916,230.928157483212,229.416139926673,119.096933935288,98.2817989159874,87.4760514969634,125.600204179136,86.1694416611593,..
Fertilizer consumption (% of fertilizer production),AG.CON.FERT.PT.ZS,Jamaica,JAM,..,..,..,..,..,..,..,..,..,..,..
Fertilizer consumption (% of fertilizer production),AG.CON.FERT.PT.ZS,Japan,JPN,144.134766681004,131.938429661151,129.240901113369,134.481003777586,132.864851639912,130.984498900928,124.345476759704,113.459131492781,122.204177213785,143.793572800672,..
Fertilizer consumption (% of fertilizer production),AG.CON.FERT.PT.ZS,Jordan,JOR,1.23838922091602,2.24923300050204,1.7620653179955,1.37833819723584,1.14844689378758,1.23439418747442,0.81896187930792,0.82740188493459,2.12641252871946,2.21085947390632,..
Fertilizer consumption (% of fertilizer production),AG.CON.FERT.PT.ZS,Kazakhstan,KAZ,52.7467362427725,54.1021284794285,45.9380273678197,47.5955447287351,40.4971474009523,24.1064160958451,52.3338182880885,71.6772058605761,84.7436125884903,45.5209590993194,..
Fertilizer consumption (% of fertilizer production),AG.CON.FERT.PT.ZS,Kenya,KEN,..,..,..,..,..,..,..,..,..,..,..
Fertilizer consumption (% of fertilizer production),AG.CON.FERT.PT.ZS,Kiribati,KIR,..,..,..,..,..,..,..,..,..,..,..
Fertilizer consumption (% of fertilizer production),AG.CON.FERT.PT.ZS,"Korea, Dem. People's Rep.",PRK,222.24,183.375384615385,240.969230769231,232.056923076923,317.776923076923,472.444444444444,..,..,..,..,..
Fertilizer consumption (% of fertilizer production),AG.CON.FERT.PT.ZS,"Korea, Rep.",KOR,77.6317970129102,83.3513606404917,64.8933361598416,58.5322760997139,59.1990269340799,59.8087595449755,51.8645117282381,51.1707582517543,56.3401931377474,57.0689351172528,..
Fertilizer consumption (% of fertilizer production),AG.CON.FERT.PT.ZS,Kosovo,XKX,..,..,..,..,..,..,..,..,..,..,..
Fertilizer consumption (% of fertilizer production),AG.CON.FERT.PT.ZS,Kuwait,KWT,1.9501822600243,1.97550585729499,1.64920541494997,1.92285213325541,3.48119426134161,..,..,..,..,..,..
Fertilizer consumption (% of fertilizer production),AG.CON.FERT.PT.ZS,Kyrgyz Republic,KGZ,..,..,..,..,..,..,..,..,..,..,..
Fertilizer consumption (% of fertilizer production),AG.CON.FERT.PT.ZS,Lao PDR,LAO,..,20.3686251580378,19.5784554094314,18.6932603418106,18.7585686629687,24.4333862692254,24.070867119081,18.688628800242,10.2242002359276,7.14120905971867,..
Fertilizer consumption (% of fertilizer production),AG.CON.FERT.PT.ZS,Latvia,LVA,..,..,..,..,..,..,..,..,..,..,..
Fertilizer consumption (% of fertilizer production),AG.CON.FERT.PT.ZS,Lebanon,LBN,40.7211111111111,34.227,64.5655172413793,50.2020330368488,37.6943866943867,40.4759493670886,62.6917808219178,46.5365296803653,38.5593607305936,58.2488584474886,..
Fertilizer consumption (% of fertilizer production),AG.CON.FERT.PT.ZS,Lesotho,LSO,..,..,..,..,..,..,..,..,..,..,..
Fertilizer consumption (% of fertilizer production),AG.CON.FERT.PT.ZS,Liberia,LBR,..,..,..,..,..,..,..,..,..,..,..
Fertilizer consumption (% of fertilizer production),AG.CON.FERT.PT.ZS,Libya,LBY,39.1429990069513,15.8850913376547,23.9768270944742,37.7497893850042,23.3347107438017,112.86231884058,211.94,168.833333333333,187.14,252.733333333333,..
Fertilizer consumption (% of fertilizer production),AG.CON.FERT.PT.ZS,Liechtenstein,LIE,..,..,..,..,..,..,..,..,..,..,..
Fertilizer consumption (% of fertilizer production),AG.CON.FERT.PT.ZS,Lithuania,LTU,22.3695369832904,21.2382649723322,25.1218831551547,22.6394562546395,25.0162929517506,25.396497865535,26.581588881042,31.5252580804264,41.6712820809743,51.0095030665489,..
Fertilizer consumption (% of fertilizer production),AG.CON.FERT.PT.ZS,Luxembourg,LUX,..,..,..,..,..,..,..,..,..,..,..
Fertilizer consumption (% of fertilizer production),AG.CON.FERT.PT.ZS,"Macao SAR, China",MAC,..,..,..,..,..,..,..,..,..,..,..
Fertilizer consumption (% of fertilizer production),AG.CON.FERT.PT.ZS,Madagascar,MDG,..,..,..,..,..,..,..,..,..,..,..
Fertilizer consumption (% of fertilizer production),AG.CON.FERT.PT.ZS,Malawi,MWI,..,..,..,..,..,..,..,..,..,..,..
Fertilizer consumption (% of fertilizer production),AG.CON.FERT.PT.ZS,Malaysia,MYS,367.894768370607,295.379954699887,340.036746490504,223.292978208232,215.594197085172,136.604962535315,146.695375335121,198.034629133155,148.624441465594,256.389410187668,..
Fertilizer consumption (% of fertilizer production),AG.CON.FERT.PT.ZS,Maldives,MDV,..,..,..,..,..,..,..,..,..,..,..
Fertilizer consumption (% of fertilizer production),AG.CON.FERT.PT.ZS,Mali,MLI,..,..,..,..,..,..,..,..,..,..,..
Fertilizer consumption (% of fertilizer production),AG.CON.FERT.PT.ZS,Malta,MLT,..,..,..,..,..,..,..,..,..,..,..
Fertilizer consumption (% of fertilizer production),AG.CON.FERT.PT.ZS,Marshall Islands,MHL,..,..,..,..,..,..,..,..,..,..,..
Fertilizer consumption (% of fertilizer production),AG.CON.FERT.PT.ZS,Mauritania,MRT,..,..,..,..,..,..,..,..,..,..,..
Fertilizer consumption (% of fertilizer production),AG.CON.FERT.PT.ZS,Mauritius,MUS,..,..,..,..,..,..,..,..,..,..,..
Fertilizer consumption (% of fertilizer production),AG.CON.FERT.PT.ZS,Mexico,MEX,179.757464359365,166.994039303344,201.004596855751,208.291861370717,213.479744136461,226.854882118635,227.665751016372,298.730311936012,372.000457438816,405.662160267074,..
Fertilizer consumption (% of fertilizer production),AG.CON.FERT.PT.ZS,"Micronesia, Fed. Sts.",FSM,..,..,..,..,..,..,..,..,..,..,..
Fertilizer consumption (% of fertilizer production),AG.CON.FERT.PT.ZS,Moldova,MDA,..,..,..,..,..,..,..,..,..,..,..
Fertilizer consumption (% of fertilizer production),AG.CON.FERT.PT.ZS,Monaco,MCO,..,..,..,..,..,..,..,..,..,..,..
Fertilizer consumption (% of fertilizer production),AG.CON.FERT.PT.ZS,Mongolia,MNG,..,..,..,..,..,..,..,..,..,..,..
Fertilizer consumption (% of fertilizer production),AG.CON.FERT.PT.ZS,Montenegro,MNE,..,..,..,..,..,..,..,..,..,..,..
Fertilizer consumption (% of fertilizer production),AG.CON.FERT.PT.ZS,Morocco,MAR,19.1589103989376,19.9200496260441,8.98276564217602,9.69347337120201,9.0543949044586,6.55893783410796,6.0820736475138,5.86240137753878,5.66780991093986,5.34136427149934,..
Fertilizer consumption (% of fertilizer production),AG.CON.FERT.PT.ZS,Mozambique,MOZ,..,..,..,..,..,..,..,..,..,..,..
Fertilizer consumption (% of fertilizer production),AG.CON.FERT.PT.ZS,Myanmar,MMR,336.362934828603,218.870126087588,566.414800395934,1861.06067845198,2374.99022716414,1211.39015384125,819.275864407198,467.704110882244,..,..,..
Fertilizer consumption (% of fertilizer production),AG.CON.FERT.PT.ZS,Namibia,NAM,..,..,..,..,..,..,..,..,..,..,..
Fertilizer consumption (% of fertilizer production),AG.CON.FERT.PT.ZS,Nauru,NRU,..,..,..,..,..,..,..,..,..,..,..
Fertilizer consumption (% of fertilizer production),AG.CON.FERT.PT.ZS,Nepal,NPL,..,..,..,..,..,..,..,..,..,..,..
Fertilizer consumption (% of fertilizer production),AG.CON.FERT.PT.ZS,Netherlands,NLD,13.0031513084934,12.9359727257203,13.0009612420444,17.749116399623,17.9195622960261,16.9997543751919,16.8720407915503,16.6368216583708,14.6428918295496,14.5782445064951,..
Fertilizer consumption (% of fertilizer production),AG.CON.FERT.PT.ZS,New Caledonia,NCL,..,..,..,..,..,..,..,..,..,..,..
Fertilizer consumption (% of fertilizer production),AG.CON.FERT.PT.ZS,New Zealand,NZL,247.01052939456,284.950267022697,295.14219858156,298.983612040134,339.59587020649,341.081191806331,318.802313354364,312.004206098843,305.159481247809,235.327024185068,..
Fertilizer consumption (% of fertilizer production),AG.CON.FERT.PT.ZS,Nicaragua,NIC,..,..,..,..,..,..,..,..,..,..,..
Fertilizer consumption (% of fertilizer production),AG.CON.FERT.PT.ZS,Niger,NER,..,..,..,..,..,..,..,..,..,..,..
Fertilizer consumption (% of fertilizer production),AG.CON.FERT.PT.ZS,Nigeria,NGA,413.124040920716,221.861039311755,121.314670003128,112.328853087054,94.7397487229049,94.7397487229049,114.840535689631,106.752585648368,21.1223448035578,12.5058785094785,..
Fertilizer consumption (% of fertilizer production),AG.CON.FERT.PT.ZS,North Macedonia,MKD,..,..,..,..,..,..,..,..,..,..,..
Fertilizer consumption (% of fertilizer production),AG.CON.FERT.PT.ZS,Northern Mariana Islands,MNP,..,..,..,..,..,..,..,..,..,..,..
Fertilizer consumption (% of fertilizer production),AG.CON.FERT.PT.ZS,Norway,NOR,17.1591860653413,17.5503715983296,18.7706039130669,17.2259993284482,18.0259500347884,17.8341888924427,16.9213349476553,18.4292303402951,18.1388529654464,15.6728743799105,..
Fertilizer consumption (% of fertilizer production),AG.CON.FERT.PT.ZS,Oman,OMN,2.71589592124077,1.6833028245197,1.97538503430461,1.52833956198272,1.53394614654391,4.16968349633483,2.2355713683236,1.85900995002963,3.02980299893009,2.79623350561834,..
Fertilizer consumption (% of fertilizer production),AG.CON.FERT.PT.ZS,Pakistan,PAK,132.726246297047,119.90701555154,119.082303557424,131.631586687149,131.631586687149,124.448134116457,121.145934286869,122.732386983861,107.061666612428,121.775971918101,..
Fertilizer consumption (% of fertilizer production),AG.CON.FERT.PT.ZS,Palau,PLW,..,..,..,..,..,..,..,..,..,..,..
Fertilizer consumption (% of fertilizer production),AG.CON.FERT.PT.ZS,Panama,PAN,..,..,..,..,..,..,..,..,..,..,..
Fertilizer consumption (% of fertilizer production),AG.CON.FERT.PT.ZS,Papua New Guinea,PNG,..,..,..,..,..,..,..,..,..,..,..
Fertilizer consumption (% of fertilizer production),AG.CON.FERT.PT.ZS,Paraguay,PRY,..,..,..,..,..,..,..,..,..,..,..
Fertilizer consumption (% of fertilizer production),AG.CON.FERT.PT.ZS,Peru,PER,..,..,..,..,..,..,..,..,..,..,..
Fertilizer consumption (% of fertilizer production),AG.CON.FERT.PT.ZS,Philippines,PHL,646.556793789879,893.737198877991,714.98745987261,652.885262636688,366.21123428811,1403.63165447518,658.239436810691,329.546927918841,198.603760150964,459.179580194014,..
Fertilizer consumption (% of fertilizer production),AG.CON.FERT.PT.ZS,Poland,POL,67.2848270875303,66.0748492713255,72.1429823369709,70.2190295396031,66.0297948446581,67.2640793339019,58.9478909508339,58.7370614551368,74.6984580639359,89.5325358288863,..
Fertilizer consumption (% of fertilizer production),AG.CON.FERT.PT.ZS,Portugal,PRT,129.967451450696,122.242076244037,115.937071318437,110.627422221639,148.287606212179,155.07922396706,149.55447156895,151.243907656355,101.517748732838,140.681333060765,..
Fertilizer consumption (% of fertilizer production),AG.CON.FERT.PT.ZS,Puerto Rico (US),PRI,..,..,..,..,..,..,..,..,..,..,..
Fertilizer consumption (% of fertilizer production),AG.CON.FERT.PT.ZS,Qatar,QAT,0.14806439455123,0.0814863102998696,0.119357148848042,0.14386189258312,0.194774631033107,0.180494280248311,0.197019995367868,0.194742530687872,0.194742530687872,0.194742530687872,..
Fertilizer consumption (% of fertilizer production),AG.CON.FERT.PT.ZS,Romania,ROU,58.962495081776,111.438755115583,129.335966478095,125.459063076887,135.91128688525,84.805893987626,57.3938182729221,123.906216831917,455.999219855778,544.151842059037,..
Fertilizer consumption (% of fertilizer production),AG.CON.FERT.PT.ZS,Russian Federation,RUS,9.80693179744063,10.0617507631977,10.9182980481057,10.9580584124677,11.0272238311957,11.5942312073373,12.3673018026516,12.659948916848,14.5647361876753,13.4835490019059,..
Fertilizer consumption (% of fertilizer production),AG.CON.FERT.PT.ZS,Rwanda,RWA,..,..,..,..,..,..,..,..,..,..,..
Fertilizer consumption (% of fertilizer production),AG.CON.FERT.PT.ZS,Samoa,WSM,..,..,..,..,..,..,..,..,..,..,..
Fertilizer consumption (% of fertilizer production),AG.CON.FERT.PT.ZS,San Marino,SMR,..,..,..,..,..,..,..,..,..,..,..
Fertilizer consumption (% of fertilizer production),AG.CON.FERT.PT.ZS,Sao Tome and Principe,STP,..,..,..,..,..,..,..,..,..,..,..
Fertilizer consumption (% of fertilizer production),AG.CON.FERT.PT.ZS,Saudi Arabia,SAU,9.47770433859851,8.78120974593691,8.0517228187406,7.30046375396632,7.09414013640762,7.07300954334872,9.12548341064348,8.46146220779711,7.90566149976205,7.13505765498866,..
Fertilizer consumption (% of fertilizer production),AG.CON.FERT.PT.ZS,Senegal,SEN,543.745694321425,334.593935460776,279.551673118628,129.718157693113,98.7015106145832,262.282451706427,293.100698773522,131.79295884419,438.172456407872,208.615384615385,..
Fertilizer consumption (% of fertilizer production),AG.CON.FERT.PT.ZS,Serbia,SRB,222.012243721849,257.009376001389,346.465248259453,261.392379752657,149.18928082539,155.800954302086,280.489643591626,137.445147969756,212.859388107426,236.631994654856,..
Fertilizer consumption (% of fertilizer production),AG.CON.FERT.PT.ZS,Seychelles,SYC,..,..,..,..,..,..,..,..,..,..,..
Fertilizer consumption (% of fertilizer production),AG.CON.FERT.PT.ZS,Sierra Leone,SLE,..,..,..,..,..,..,..,..,..,..,..
Fertilizer consumption (% of fertilizer production),AG.CON.FERT.PT.ZS,Singapore,SGP,..,..,..,..,..,..,..,..,..,..,..
Fertilizer consumption (% of fertilizer production),AG.CON.FERT.PT.ZS,Sint Maarten (Dutch part),SXM,..,..,..,..,..,..,..,..,..,..,..
Fertilizer consumption (% of fertilizer production),AG.CON.FERT.PT.ZS,Slovak Republic,SVK,64.7452266457128,40.4900061051682,49.2543677481323,48.4362313537951,47.5749817266531,56.0445307376088,52.3816413300015,52.6355400795588,64.1346679623956,58.7014923380786,..
Fertilizer consumption (% of fertilizer production),AG.CON.FERT.PT.ZS,Slovenia,SVN,..,..,..,..,..,..,..,..,..,..,..
Fertilizer consumption (% of fertilizer production),AG.CON.FERT.PT.ZS,Solomon Islands,SLB,..,..,..,..,..,..,..,..,..,..,..
Fertilizer consumption (% of fertilizer production),AG.CON.FERT.PT.ZS,"Somalia, Fed. Rep.",SOM,..,..,..,..,..,..,..,..,..,..,..
Fertilizer consumption (% of fertilizer production),AG.CON.FERT.PT.ZS,South Africa,ZAF,184.784622510421,238.459099556119,203.555555555556,237.990196078431,281.166710013004,332.274208144796,338.433273488929,375.722920406942,328.425194494315,491.112937433722,..
Fertilizer consumption (% of fertilizer production),AG.CON.FERT.PT.ZS,South Sudan,SSD,..,..,..,..,..,..,..,..,..,..,..
Fertilizer consumption (% of fertilizer production),AG.CON.FERT.PT.ZS,Spain,ESP,117.494983061907,112.734850509594,110.453059178655,120.354506625365,114.592826029002,121.786033222557,132.809389617518,97.3388395212906,84.7979504410811,111.153840766832,..
Fertilizer consumption (% of fertilizer production),AG.CON.FERT.PT.ZS,Sri Lanka,LKA,1968.04516940845,1502.44983149999,1597.65439742528,1119.42061101067,1312.52534226765,1803.5529686261,2838.09871756017,1461.39602854664,1461.39602854664,1461.39602854664,..
Fertilizer consumption (% of fertilizer production),AG.CON.FERT.PT.ZS,St. Kitts and Nevis,KNA,..,..,..,..,..,..,..,..,..,..,..
Fertilizer consumption (% of fertilizer production),AG.CON.FERT.PT.ZS,St. Lucia,LCA,..,..,..,..,..,..,..,..,..,..,..
Fertilizer consumption (% of fertilizer production),AG.CON.FERT.PT.ZS,St. Martin (French part),MAF,..,..,..,..,..,..,..,..,..,..,..
Fertilizer consumption (% of fertilizer production),AG.CON.FERT.PT.ZS,St. Vincent and the Grenadines,VCT,..,..,..,..,..,..,..,..,..,..,..
Fertilizer consumption (% of fertilizer production),AG.CON.FERT.PT.ZS,Sudan,SDN,..,..,..,..,..,..,..,..,..,..,..
Fertilizer consumption (% of fertilizer production),AG.CON.FERT.PT.ZS,Suriname,SUR,..,..,..,..,..,..,..,..,..,..,..
Fertilizer consumption (% of fertilizer production),AG.CON.FERT.PT.ZS,Sweden,SWE,..,..,..,..,..,..,..,..,..,..,..
Fertilizer consumption (% of fertilizer production),AG.CON.FERT.PT.ZS,Switzerland,CHE,..,..,..,..,..,..,..,..,..,..,..
Fertilizer consumption (% of fertilizer production),AG.CON.FERT.PT.ZS,Syrian Arab Republic,SYR,73.3535402521823,..,..,..,..,..,..,..,..,..,..
Fertilizer consumption (% of fertilizer production),AG.CON.FERT.PT.ZS,Tajikistan,TJK,..,..,..,..,..,..,..,..,..,..,..
Fertilizer consumption (% of fertilizer production),AG.CON.FERT.PT.ZS,Tanzania,TZA,..,..,..,..,..,..,3494.68917086238,1469.45054173949,1798.72938596606,1550.75212992545,..
Fertilizer consumption (% of fertilizer production),AG.CON.FERT.PT.ZS,Thailand,THA,2507.95211267606,2102.59834558824,2181.99911971831,1904.31428571429,1585.50547195622,1492.31541501976,192.643331320147,164.206378023976,368.28533224066,423.26635318055,..
Fertilizer consumption (% of fertilizer production),AG.CON.FERT.PT.ZS,Timor-Leste,TLS,..,..,..,..,..,..,..,..,..,..,..
Fertilizer consumption (% of fertilizer production),AG.CON.FERT.PT.ZS,Togo,TGO,1.35888888888889,2.93866666666667,14.2145098039216,..,..,..,..,..,..,..,..
Fertilizer consumption (% of fertilizer production),AG.CON.FERT.PT.ZS,Tonga,TON,..,..,..,..,..,..,..,..,..,..,..
Fertilizer consumption (% of fertilizer production),AG.CON.FERT.PT.ZS,Trinidad and Tobago,TTO,1.47959816612685,1.27963078539769,1.34837951009609,0.516226212048384,0.433162574729268,0.517716078183562,0.40456589818275,0.40236006911677,0.734843845682792,0.972020621652735,..
Fertilizer consumption (% of fertilizer production),AG.CON.FERT.PT.ZS,Tunisia,TUN,17.1037495680545,30.6087138097368,26.9071236703051,21.0256664164375,34.4619533241307,33.8203565695809,25.1378901728892,46.0342030604896,41.8891720667467,32.6509151168192,..
Fertilizer consumption (% of fertilizer production),AG.CON.FERT.PT.ZS,Turkiye,TUR,166.48508062176,159.225333379596,221.413180302423,188.941794821046,149.39229250035,141.652389909113,125.05846736772,115.988319850174,133.832873763079,181.314111684437,..
Fertilizer consumption (% of fertilizer production),AG.CON.FERT.PT.ZS,Turkmenistan,TKM,106.21409921671,100.019342359768,86.8990384615385,79.5,81.7954220314735,69.8390866198354,62.5862068965517,56.8197321605775,67.6729019217514,67.6729019217514,..
Fertilizer consumption (% of fertilizer production),AG.CON.FERT.PT.ZS,Turks and Caicos Islands,TCA,..,..,..,..,..,..,..,..,..,..,..
Fertilizer consumption (% of fertilizer production),AG.CON.FERT.PT.ZS,Tuvalu,TUV,..,..,..,..,..,..,..,..,..,..,..
Fertilizer consumption (% of fertilizer production),AG.CON.FERT.PT.ZS,Uganda,UGA,..,..,..,..,..,..,..,..,..,..,..
Fertilizer consumption (% of fertilizer production),AG.CON.FERT.PT.ZS,Ukraine,UKR,85.9021258388743,95.905702655112,110.968011930899,188.314558332498,209.61966292436,208.823539445296,253.050691645338,262.754436707114,..,..,..
Fertilizer consumption (% of fertilizer production),AG.CON.FERT.PT.ZS,United Arab Emirates,ARE,1.81790904025033,2.18515581465129,1.94500407218483,1.67259633932016,1.48013202451884,1.59715375712632,1.84823610099018,1.76486347464529,1.76486347464529,1.76497063740409,..
Fertilizer consumption (% of fertilizer production),AG.CON.FERT.PT.ZS,United Kingdom,GBR,420.293797606094,366.690838772057,473.517285125278,412.551159618008,436.818851251841,439.175257731959,341.834232466896,355.811672388426,215.658409181816,238.369077535363,..
Fertilizer consumption (% of fertilizer production),AG.CON.FERT.PT.ZS,United States,USA,121.210477274025,123.115598940024,117.267977889103,110.404235222384,109.304071151444,104.671621177646,106.612571923877,110.002614621725,100.791156541127,100.791156541127,..
Fertilizer consumption (% of fertilizer production),AG.CON.FERT.PT.ZS,Uruguay,URY,2740.48170731707,1813.52258064516,1671.71078431373,2258.38157894737,2178.03783783784,1885.23243243243,..,..,..,..,..
Fertilizer consumption (% of fertilizer production),AG.CON.FERT.PT.ZS,Uzbekistan,UZB,82.5856084072948,81.4049766790515,83.5359262066439,89.6662127428529,74.8354501738172,90.3147365471267,91.3978795139092,78.923778988129,68.6399476972042,87.7189012102206,..
Fertilizer consumption (% of fertilizer production),AG.CON.FERT.PT.ZS,Vanuatu,VUT,..,..,..,..,..,..,..,..,..,..,..
Fertilizer consumption (% of fertilizer production),AG.CON.FERT.PT.ZS,"Venezuela, RB",VEN,83.5025220556057,96.170639440299,67.9231446171898,62.8897460623594,102.624091052798,38.7489724944673,67.2761265580058,67.917864476386,67.917864476386,67.917864476386,..
Fertilizer consumption (% of fertilizer production),AG.CON.FERT.PT.ZS,Viet Nam,VNM,183.604945469486,218.846242824713,208.621010287688,208.001361032681,193.90433019086,171.546760700914,179.751702753405,178.776757583367,115.871912209404,120.86807101245,..
Fertilizer consumption (% of fertilizer production),AG.CON.FERT.PT.ZS,Virgin Islands (U.S.),VIR,..,..,..,..,..,..,..,..,..,..,..
Fertilizer consumption (% of fertilizer production),AG.CON.FERT.PT.ZS,West Bank and Gaza,PSE,..,..,..,..,..,..,..,..,..,..,..
Fertilizer consumption (% of fertilizer production),AG.CON.FERT.PT.ZS,"Yemen, Rep.",YEM,..,..,..,..,..,..,..,..,..,..,..
Fertilizer consumption (% of fertilizer production),AG.CON.FERT.PT.ZS,Zambia,ZMB,..,..,..,..,..,..,..,..,..,..,..
Fertilizer consumption (% of fertilizer production),AG.CON.FERT.PT.ZS,Zimbabwe,ZWE,349.491525423729,251.11821086262,944.202898550725,671.559633027523,623.474178403756,623.474178403756,166.427402862986,303.580777096115,253.259713701432,..,..
Fertilizer consumption (% of fertilizer production),AG.CON.FERT.PT.ZS,Africa Eastern and Southern,AFE,503.229434207674,659.185979232766,708.291645317393,752.710370179949,714.993809758502,831.583367346939,930.177029496215,876.412798225007,815.587170451579,..,..
Fertilizer consumption (% of fertilizer production),AG.CON.FERT.PT.ZS,Africa Western and Central,AFW,174.209124910123,231.002041931965,165.207608995786,212.782451998335,203.247372224273,208.216797345407,250.471824761126,227.652900565653,88.7132957532063,..,..
Fertilizer consumption (% of fertilizer production),AG.CON.FERT.PT.ZS,Arab World,ARB,16.8742794539981,17.3793109980397,15.1699514372709,14.8367260881435,14.5071824476492,14.2493088503738,14.2114609410209,13.3676035597011,12.6955990876173,..,..
Fertilizer consumption (% of fertilizer production),AG.CON.FERT.PT.ZS,Caribbean small states,CSS,12.3722321773605,11.844806033278,11.8200844476752,10.5722463493727,12.9029860877588,11.6575603349424,10.2659236367396,9.99377028234771,7.51013062861089,..,..
Fertilizer consumption (% of fertilizer production),AG.CON.FERT.PT.ZS,Central Europe and the Baltics,CEB,71.5784193946493,74.1054223633974,82.5380835647404,74.3018763222422,77.528565473183,74.6383481959793,63.2968943939332,71.2377623845019,101.579619687915,..,..
Fertilizer consumption (% of fertilizer production),AG.CON.FERT.PT.ZS,Early-demographic dividend,EAR,123.445792492604,120.804118278743,119.132068015903,119.376282861204,121.01906018946,120.985611240558,125.768649856276,123.075148048209,112.664582517097,..,..
Fertilizer consumption (% of fertilizer production),AG.CON.FERT.PT.ZS,East Asia & Pacific,EAS,103.922343250002,100.411831102796,107.702295907332,119.144244369178,121.141654642227,105.909504321448,114.624244675162,112.702832424253,114.944963600096,..,..
Fertilizer consumption (% of fertilizer production),AG.CON.FERT.PT.ZS,East Asia & Pacific (excluding high income),EAP,100.025250656209,96.8417900686657,104.204485793772,115.769610557134,117.681256945468,102.075847529885,110.029050068211,107.58755865552,110.244067313559,..,..
Fertilizer consumption (% of fertilizer production),AG.CON.FERT.PT.ZS,East Asia & Pacific (IDA & IBRD countries),TEA,99.9113569289063,96.7632478693507,104.068562758765,115.642094366451,117.447640592931,101.936189757147,109.950235766116,107.510980303092,110.212498972435,..,..
Fertilizer consumption (% of fertilizer production),AG.CON.FERT.PT.ZS,Euro area,EMU,87.3246488514087,81.3652445662497,81.6214696390724,86.1126269853218,87.2564788920277,83.0417783435091,92.0516464416309,83.0410519574272,87.6589248287998,..,..
Fertilizer consumption (% of fertilizer production),AG.CON.FERT.PT.ZS,Europe & Central Asia,ECS,51.2944659010965,50.6661290316548,52.8015890568057,51.4981632579973,49.7570802409412,48.880692225429,49.9346119442719,46.89951587197,47.4252004923212,..,..
Fertilizer consumption (% of fertilizer production),AG.CON.FERT.PT.ZS,Europe & Central Asia (excluding high income),ECA,56.2949234206824,56.263399827608,63.4457835576424,61.0713432056742,55.6282308087575,56.5821173225186,62.3028444767512,56.1719174258095,56.1414698926038,..,..
Fertilizer consumption (% of fertilizer production),AG.CON.FERT.PT.ZS,Europe & Central Asia (IDA & IBRD countries),TEC,32.3462360179234,32.9664403907053,35.618081345045,33.9538686747976,32.3401846967342,32.8375618902084,34.2917826459232,32.6041429240225,34.4622245073746,..,..
Fertilizer consumption (% of fertilizer production),AG.CON.FERT.PT.ZS,European Union,EUU,89.5329702596963,87.0622325652862,89.8545195271775,90.8006855452248,91.7398298907068,87.2563274373752,87.9292829423043,85.083230899319,97.7189977984039,..,..
Fertilizer consumption (% of fertilizer production),AG.CON.FERT.PT.ZS,Fragile and conflict affected situations,FCS,138.372475718473,145.822815216914,152.70547845686,199.56545558548,222.142532614148,218.941769646054,277.380243205336,261.727968371797,242.466894634536,..,..
Fertilizer consumption (% of fertilizer production),AG.CON.FERT.PT.ZS,Heavily indebted poor countries (HIPC),HPC,485.925882046399,683.618687978006,787.030641704989,2746.70485224118,1699.4934360536,1449.8900053015,7575.75092225189,2081.92285982898,1283.71939928527,..,..
Fertilizer consumption (% of fertilizer production),AG.CON.FERT.PT.ZS,High income,HIC,59.0072605706879,57.3818222103422,56.3990870647347,54.8455853955997,53.8357627926133,53.7809803111708,53.8382108075371,53.0661279699563,52.6646055107221,..,..
Fertilizer consumption (% of fertilizer production),AG.CON.FERT.PT.ZS,IBRD only,IBD,95.1069345414486,91.3944297598395,94.9440119031547,97.8237265264431,98.9887076798308,92.8782863750568,99.7782196630527,97.5063276929986,98.37859805902,..,..
Fertilizer consumption (% of fertilizer production),AG.CON.FERT.PT.ZS,IDA & IBRD total,IBT,98.9496652405951,95.3436905028097,98.831828093738,102.81184770229,104.05784569221,98.1923036216025,105.587320096107,102.766018489643,102.404914038262,..,..
Fertilizer consumption (% of fertilizer production),AG.CON.FERT.PT.ZS,IDA blend,IDB,135.011313394311,125.058750568504,120.178436031054,135.050452173184,127.086628292374,124.118068236475,127.772950966281,122.598737961213,91.1174104375625,..,..
Fertilizer consumption (% of fertilizer production),AG.CON.FERT.PT.ZS,IDA only,IDX,488.062785469405,563.235062708029,561.665476203111,896.420702048772,1139.34984425141,1142.23218825321,1238.41015120907,1132.68314539633,1327.77960061315,..,..
Fertilizer consumption (% of fertilizer production),AG.CON.FERT.PT.ZS,IDA total,IDA,199.116638576177,193.224140056861,184.94611546537,216.379775845182,217.129908854849,217.697423518097,230.691669185353,213.35316532175,174.896260513313,..,..
Fertilizer consumption (% of fertilizer production),AG.CON.FERT.PT.ZS,Late-demographic dividend,LTE,84.4199708479772,79.6460078770315,83.0483059678505,87.8373954283974,88.2785078557861,81.3783714219007,86.3179666873201,84.2387471789073,89.1143991786301,..,..
Fertilizer consumption (% of fertilizer production),AG.CON.FERT.PT.ZS,Latin America & Caribbean,LCN,313.934884602609,270.279739600674,305.381117672751,352.054467983793,368.332922354928,432.605512972356,458.824469325822,478.481217358515,443.414978312141,..,..
Fertilizer consumption (% of fertilizer production),AG.CON.FERT.PT.ZS,Latin America & Caribbean (excluding high income),LAC,428.920963268268,375.273298814729,454.651057644621,520.230000372696,519.181649823676,605.855403147038,639.13831490858,673.760603862137,601.722522493758,..,..
Fertilizer consumption (% of fertilizer production),AG.CON.FERT.PT.ZS,Latin America & the Caribbean (IDA & IBRD countries),TLA,312.463757811938,269.182413512529,304.5583312712,351.058054992794,367.71573920929,431.675689123366,458.226848270308,477.687180669555,443.300199974416,..,..
Fertilizer consumption (% of fertilizer production),AG.CON.FERT.PT.ZS,Least developed countries: UN classification,LDC,442.936365844289,505.408853330462,506.933647248991,813.97708348946,1042.89592671172,1024.25685831726,1077.29966906976,1023.91305151453,1211.55896700284,..,..
Fertilizer consumption (% of fertilizer production),AG.CON.FERT.PT.ZS,Low & middle income,LMY,115.328000927503,110.650506930955,115.897658296207,122.960329926391,125.162124223719,117.385778284422,128.321128239697,124.752296195813,120.99353015761,..,..
Fertilizer consumption (% of fertilizer production),AG.CON.FERT.PT.ZS,Low income,LIC,181.579524551169,240.857692600477,317.253219906119,1333.05914250775,1492.97161456082,2774.58194866994,7254.79895970421,5106.30463119634,4998.57347872407,..,..
Fertilizer consumption (% of fertilizer production),AG.CON.FERT.PT.ZS,Lower middle income,LMC,128.831573382283,132.149592288188,123.171560287301,120.076841347985,120.368393914656,120.905520559424,130.345227818637,121.273639444301,107.316176897234,..,..
Fertilizer consumption (% of fertilizer production),AG.CON.FERT.PT.ZS,"Middle East, North Africa, Afghanistan & Pakistan",MEA,33.3282478059193,32.2625954232374,29.5935292599958,29.1391917625371,29.0646277858576,28.8513793104193,27.7015897651036,27.6396540179107,26.9964349834816,..,..
Fertilizer consumption (% of fertilizer production),AG.CON.FERT.PT.ZS,"Middle East, North Africa, Afghanistan & Pakistan (excluding high income)",MNA,56.2967639286789,55.5454094065568,50.7726758238655,46.5615019048889,46.3438611671442,43.6455704616442,43.0063535773374,43.1530404732252,40.4409235630456,..,..
Fertilizer consumption (% of fertilizer production),AG.CON.FERT.PT.ZS,"Middle East, North Africa, Afghanistan & Pakistan (IDA & IBRD)",TMN,56.2967639286789,55.4694750190101,50.7726758238654,46.5615019048889,46.2776975012488,43.5746030794008,42.9289473812519,43.0764516081147,40.4409235630456,..,..
Fertilizer consumption (% of fertilizer production),AG.CON.FERT.PT.ZS,Middle income,MIC,115.059136496448,110.243863013615,115.317769840025,122.106736119064,124.171251897263,116.512438864414,127.329835233985,124.069332780346,120.303655837194,..,..
Fertilizer consumption (% of fertilizer production),AG.CON.FERT.PT.ZS,North America,NAC,77.1523397683917,75.69622867859,74.093944600715,69.9527418154155,67.2600739794599,67.7034552650686,69.6167521322161,69.9057871922828,66.0079514905422,..,..
Fertilizer consumption (% of fertilizer production),AG.CON.FERT.PT.ZS,Not classified,INX,..,..,..,..,..,..,..,..,..,..,..
Fertilizer consumption (% of fertilizer production),AG.CON.FERT.PT.ZS,OECD members,OED,89.7581942527621,87.3255081039667,88.3717343060198,86.1088379341944,82.45897970233,83.0241463375135,84.7551821642755,84.0488993129276,84.2172953369377,..,..
Fertilizer consumption (% of fertilizer production),AG.CON.FERT.PT.ZS,Other small states,OSS,50460.988420182,101467.147314276,108275.445063837,48051.726502622,47524.1684976134,49483.5025380711,49822.5320100008,53768.7286915675,45296.6171679673,..,..
Fertilizer consumption (% of fertilizer production),AG.CON.FERT.PT.ZS,Pacific island small states,PSS,..,..,..,..,..,..,..,..,..,..,..
Fertilizer consumption (% of fertilizer production),AG.CON.FERT.PT.ZS,Post-demographic dividend,PST,79.9785784678395,77.4752919243144,77.3479332722392,75.1964301157572,73.3954195229454,72.6657216397012,75.7006164568004,75.403238640026,72.2186220705795,..,..
Fertilizer consumption (% of fertilizer production),AG.CON.FERT.PT.ZS,Pre-demographic dividend,PRE,358.52064550243,409.177742989627,302.904015344431,352.121012314247,331.247495930625,322.487636735879,401.221983731459,363.627919438162,170.005931307958,..,..
Fertilizer consumption (% of fertilizer production),AG.CON.FERT.PT.ZS,Small states,SST,33.3997797852365,30.4822461299241,30.8286323136424,29.8986530618816,33.3965067799732,30.2173058489091,27.8101252660387,28.806917578193,29.4178932599721,..,..
Fertilizer consumption (% of fertilizer production),AG.CON.FERT.PT.ZS,South Asia,SAS,165.666471881583,160.137214388484,154.063968221961,156.605721167809,164.507516481606,168.162740061039,188.463034333368,175.151020341415,156.710938845758,..,..
Fertilizer consumption (% of fertilizer production),AG.CON.FERT.PT.ZS,South Asia (IDA & IBRD),TSA,165.666471881583,160.137214388484,154.063968221961,156.605721167809,164.507516481606,168.162740061039,188.463034333368,175.151020341415,156.710938845758,..,..
Fertilizer consumption (% of fertilizer production),AG.CON.FERT.PT.ZS,Sub-Saharan Africa,SSF,341.657802387504,418.479164519235,365.892938608002,399.039839403166,378.528173791103,407.532033408916,481.395425763705,469.119957500851,251.646622547106,..,..
Fertilizer consumption (% of fertilizer production),AG.CON.FERT.PT.ZS,Sub-Saharan Africa (excluding high income),SSA,298.017718217157,362.64951462375,309.565497788664,350.153187134961,343.064147959095,368.910588130761,424.104630416354,402.427941674815,215.361508427085,..,..
Fertilizer consumption (% of fertilizer production),AG.CON.FERT.PT.ZS,Sub-Saharan Africa (IDA & IBRD countries),TSS,341.657802387504,418.479164519235,365.892938608002,399.039839403166,378.528173791103,407.532033408916,481.395425763705,469.119957500851,251.646622547106,..,..
Fertilizer consumption (% of fertilizer production),AG.CON.FERT.PT.ZS,Upper middle income,UMC,110.018650882759,102.305111286387,112.065548859495,123.093470652623,126.105803420208,114.289966456505,125.704109237346,125.583762168857,128.878537404377,..,..
Fertilizer consumption (% of fertilizer production),AG.CON.FERT.PT.ZS,World,WLD,92.2606422745935,88.7606763690903,90.4430910438691,92.6753613796919,92.609321734638,89.1623767762612,94.207065827213,92.1584902388391,91.1008808304296,..,..
,,,,,,,,,,,,,,
,,,,,,,,,,,,,,
,,,,,,,,,,,,,,
Data from database: World Development Indicators,,,,,,,,,,,,,,
Last Updated: 10/07/2025,,,,,,,,,,,,,,
Code,License Type,Indicator Name,Short definition,Long definition,Source,Topic,Dataset,Unit of measure,Periodicity,Reference period,Aggregation method,Statistical concept and methodology,Development relevance,Limitations and exceptions,Other notes,License URL
AG.LND.PRCP.MM,CC BY-4.0,Average precipitation in depth (mm per year),Average precipitation is the long-term average in depth (over space and time) of annual precipitation in the country. Precipitation is defined as any kind of water that falls from clouds as a liquid or a solid.,Average precipitation is the long-term average in depth (over space and time) of annual precipitation in the country. Precipitation is defined as any kind of water that falls from clouds as a liquid or a solid.,"FAOSTAT, Food and Agriculture Organization of the United Nations (FAO), publisher: Food and Agriculture Organization of the United Nations (FAO)",Environment: Land use,WDI,milimeter (mm) per year,Annual,1961-2021,,Methodology: Estimation of Areal Precipitation



A single point precipitation measurement is quite often not representative of the volume of precipitation falling over a given catchment area. A dense network of point measurements and/or radar estimates can provide a better representation of the true volume over a given area. A network of precipitation measurements is converted to areal estimates using the arithmentic mean. This technique calculates areal precipitation using the arithmetic mean of all the point or areal measurements considered in the analysis.
Statistical concept(s):,"The agriculture sector is the most water-intensive sector, and water delivery in agriculture is increasingly important. Data on irrigated agricultural land and data on average precipitation illustrate how countries obtain water for agricultural use.","The data are collected by the Food and Agriculture Organization of the United Nations (FAO) through annual questionnaires. The FAO tries to impose standard definitions and reporting methods, but complete consistency across countries and over time is not possible.",,https://datacatalog.worldbank.org/public-licenses#cc-by
AG.LND.AGRI.ZS,CC BY-4.0,Agricultural land (% of land area),"Agricultural land refers to the share of land area that is arable, under permanent crops, and under permanent pastures. Arable land includes land defined by the FAO as land under temporary crops (double-cropped areas are counted once), temporary meadows for mowing or for pasture, land under market or kitchen gardens, and land temporarily fallow. Land abandoned as a result of shifting cultivation is excluded. Land under permanent crops is land cultivated with crops that occupy the land for long periods and need not be replanted after each harvest, such as cocoa, coffee, and rubber. This category includes land under flowering shrubs, fruit trees, nut trees, and vines, but excludes land under trees grown for wood or timber. Permanent pasture is land used for five or more years for forage, including natural and cultivated crops.","Agricultural land refers to the share of land area that is arable, under permanent crops, and under permanent pastures. Arable land includes land defined by the FAO as land under temporary crops (double-cropped areas are counted once), temporary meadows for mowing or for pasture, land under market or kitchen gardens, and land temporarily fallow. Land abandoned as a result of shifting cultivation is excluded. Land under permanent crops is land cultivated with crops that occupy the land for long periods and need not be replanted after each harvest, such as cocoa, coffee, and rubber. This category includes land under flowering shrubs, fruit trees, nut trees, and vines, but excludes land under trees grown for wood or timber. Permanent pasture is land used for five or more years for forage, including natural and cultivated crops.","FAO electronic files and web site, Food and Agriculture Organization of the United Nations (FAO), publisher: Food and Agriculture Organization of the United Nations (FAO)",Environment: Land use,WDI,% (share) of land area,Annual,1961-2022,Weighted average,"Methodology: Agriculture is still a major sector in many economies, and agricultural activities provide developing countries with food and revenue. But agricultural activities also can degrade natural resources. Poor farming practices can cause soil erosion and loss of soil fertility. Efforts to increase productivity by using chemical fertilizers, pesticides, and intensive irrigation have environmental costs and health impacts. Excessive use of chemical fertilizers can alter the chemistry of soil. Pesticide poisoning is common in developing countries. And salinization of irrigated land diminishes soil fertility. Thus, inappropriate use of inputs for agricultural production has far-reaching effects.













Agricultural land is also sometimes classified as irrigated and non-irrigated land. In arid and semi-arid countries agriculture is often confined to irrigated land, with very little farming possible in non-irrigated areas. Land abandoned as a result of shifting cultivation is excluded from Arable land.













Data on agricultural land are valuable for conducting studies on a various perspectives concerning agricultural production, food security and for deriving cropping intensity among others uses. Agricultural land indicator, along with land-use indicators, can also elucidate the environmental sustainability of countries' agricultural practices.













Total land area does not include inland water bodies such as major rivers and lakes. Variations from year to year may be due to updated or revised data rather than to change in area.","Agricultural land covers more than one-third of the world's land area, with arable land representing less than one-third of agricultural land (about 10 percent of the world's land area). Agricultural land constitutes only a part of any country's total area, which can include areas not suitable for agriculture, such as forests, mountains, and inland water bodies.













In many industrialized countries, agricultural land is subject to zoning regulations. In the context of zoning, agricultural land (or more properly agriculturally zoned land) refers to plots that may be used for agricultural activities, regardless of the physical type or quality of land.













FAO's agricultural land data contains a wide range of information on variables that are significant for: understanding the structure of a country's agricultural sector; making economic plans and policies for food security; deriving environmental indicators, including those related to investment in agriculture and data on gross crop area and net crop area which are useful for policy formulation and monitoring.













There is no single correct mix of inputs to the agricultural land, as it is dependent on local climate, land quality, and economic development; appropriate levels and application rates vary by country and over time and depend on the type of crops, the climate and soils, and the production process used.","The data are collected by the Food and Agriculture Organization of the United Nations (FAO) from official national sources through annual questionnaires and are supplemented with information from official secondary data sources. The secondary sources cover official country data from websites of national ministries, national publications and related country data reported by various international organizations.. The FAO tries to impose standard definitions and reporting methods, but complete consistency across countries and over time is not possible. Thus, data on agricultural land in different climates may not be comparable. For example, permanent pastures are quite different in nature and intensity in African countries and dry Middle Eastern countries. Data on agricultural employment, in particular, should be used with caution. In many countries much agricultural employment is informal and unrecorded, including substantial work performed by women and children. To address some of these concerns, this indicator is heavily footnoted in the database in sources, definition, and coverage.",Areas of former states are included in the successor states.,https://datacatalog.worldbank.org/public-licenses#cc-by
AG.YLD.CREL.KG,CC BY-4.0,Cereal yield (kg per hectare),"Cereal yield, measured as kilograms per hectare of harvested land, includes wheat, rice, maize, barley, oats, rye, millet, sorghum, buckwheat, and mixed grains. Production data on cereals relate to crops harvested for dry grain only. Cereal crops harvested for hay or harvested green for food, feed, or silage and those used for grazing are excluded. The FAO allocates production data to the calendar year in which the bulk of the harvest took place. Most of a crop harvested near the end of a year will be used in the following year.","Cereal yield, measured as kilograms per hectare of harvested land, includes wheat, rice, maize, barley, oats, rye, millet, sorghum, buckwheat, and mixed grains. Production data on cereals relate to crops harvested for dry grain only. Cereal crops harvested for hay or harvested green for food, feed, or silage and those used for grazing are excluded. The FAO allocates production data to the calendar year in which the bulk of the harvest took place. Most of a crop harvested near the end of a year will be used in the following year.","FAO electronic files and web site, Food and Agriculture Organization of the United Nations (FAO), publisher: Food and Agriculture Organization of the United Nations (FAO)",Environment: Agricultural production,WDI,kg per hectare,Annual,1961-2022,Weighted average,"Methodology: A cereal is a grass cultivated for the edible components of their grain, composed of the endosperm, germ, and bran. Cereal yield is measured as kilograms per hectare of harvested land. Cereal grains are grown in greater quantities and provide more food energy worldwide than any other type of crop; cereal crops therefore can also be called staple crops Cereals production includes wheat, rice, maize, barley, oats, rye, millet, sorghum, buckwheat, and mixed grains. Production data on cereals relate to crops harvested for dry grain only. Cereal crops harvested for hay or harvested green for food, feed, or silage and those used for grazing are excluded.","In developed countries, cereal crops are universally machine-harvested, typically using a combine harvester, which cuts, threshes, and winnows the grain during a single pass across the field. In many industrialized countries, particularly in the United States and Canada, farmers commonly deliver their newly harvested grain to a grain elevator or a storage facility that consolidates the crops of many farmers. In developing countries, a variety of harvesting methods are used in cereal cultivation, depending on the cost of labor, from small combines to hand tools such as the scythe or cradle.













Crop production systems have evolved rapidly over the past century and have resulted in significantly increased crop yields, but have also created undesirable environmental side-effects such as soil degradation and erosion, pollution from chemical fertilizers and agrochemicals and a loss of bio-diversity. Factors such as the green revolution, has led to impressive progress in increasing cereals yields over the last few decades. This progress, however, is not equal across all regions. Continued progress depends on maintaining agricultural research and education. The cultivation of cereals varies widely in different countries and depends partly upon the development of the economy. Production depends on the nature of the soil, the amount of rainfall, irrigation, quality of seeds, and the techniques applied to promote growth.","Cereals production data relate to crops harvested for dry grain only. Cereal crops harvested for hay or harvested green for food, feed, or silage and those used for grazing are excluded. The FAO allocates production data to the calendar year in which the bulk of the harvest took place. Most of a crop harvested near the end of a year will be used in the following year.











The data are collected by the Food and Agriculture Organization of the United Nations (FAO) through annual questionnaires. The FAO tries to impose standard definitions and reporting methods, but complete consistency across countries and over time is not possible. Thus, data on agricultural land in different climates may not be comparable. For example, permanent pastures are quite different in nature and intensity in African countries and dry Middle Eastern countries.











Data on cereal yield may be affected by a variety of reporting and timing differences. Millet and sorghum, which are grown as feed for livestock and poultry in Europe and North America, are used as food in Africa, Asia, and countries of the former Soviet Union. So some cereal crops are excluded from the data for some countries and included elsewhere, depending on their use.











The data collected from official national sources through the questionnaire are supplemented with information from official secondary data sources. The secondary sources cover official country data from websites of national ministries, national publications and related country data reported by various international organizations.",The world and regional aggregate series do not include data from countries that no longer exist.,https://datacatalog.worldbank.org/public-licenses#cc-by
AG.PRD.CROP.XD,CC BY-4.0,Crop production index (2014-2016 = 100),"Crop production index shows agricultural production for each year relative to the base period 2014-2016. It includes all crops except fodder crops. Regional and income group aggregates for the FAO's production indexes are calculated from the underlying values in international dollars, normalized to the base period 2014-2016.","Crop production index shows agricultural production for each year relative to the base period 2014-2016. It includes all crops except fodder crops. Regional and income group aggregates for the FAO's production indexes are calculated from the underlying values in international dollars, normalized to the base period 2014-2016.","FAO electronic files and web site, Food and Agriculture Organization of the United Nations (FAO), publisher: Food and Agriculture Organization of the United Nations (FAO)",Environment: Agricultural production,WDI,index (2014-2016=100),Annual,1961-2022,Weighted average,,"The commodities covered in the computation of indices of agricultural production are all crops and livestock products originating in each country. Practically all products are covered, with the main exception of fodder crops. The category of food production includes commodities that are considered edible and that contain nutrients. Accordingly, coffee and tea are excluded along with inedible commodities because, although edible, they have practically no nutritive value.













It should be noted that when calculating indices of agricultural, food and nonfood production, all intermediate primary inputs of agricultural origin are deducted. However, for indices of any other commodity group, only inputs originating from within the same group are deducted; thus, only seed is removed from the group "crops" and from all crop subgroups, such as cereals, oil crops, etc.; and both feed and seed originating from within the livestock sector (e.g. milk feed, hatching eggs) are removed from the group "livestock products". For the main two livestock subgroups, namely, meat and milk, only feed originating from the respective subgroup is removed.













Crop production data refer to the actual harvested production from the field or orchard and gardens, excluding harvesting and threshing losses and that part of crop not harvested for any reason. Production therefore includes the quantities of the commodity sold in the market (marketed production) and the quantities consumed or used by the producers (auto-consumption).","The FAO indices may differ from those produced by the countries themselves because of differences in concepts of production, coverage, time periods, weights, time reference of data, methods of calculation, and use of international prices.











Agricultural data are collected by the Food and Agriculture Organization of the United Nations (FAO) from official national sources through annual questionnaires and are supplemented with information from official secondary data sources. The secondary sources cover official country data from websites of national ministries, national publications and related country data reported by various international organizations. The FAO tries to impose standard definitions and reporting methods, but complete consistency across countries and over time is not possible. Data on agricultural employment, in particular, should be used with caution. In many countries much agricultural employment is informal and unrecorded, including substantial work performed by women and children. To address some of these concerns, this indicator is heavily footnoted in the database in sources, definition, and coverage.",,https://datacatalog.worldbank.org/public-licenses#cc-by
AG.LND.IRIG.AG.ZS,CC BY-4.0,Agricultural irrigated land (% of total agricultural land),"Agricultural irrigated land refers to agricultural areas purposely provided with water, including land irrigated by controlled flooding.","Agricultural irrigated land refers to agricultural areas purposely provided with water, including land irrigated by controlled flooding.","FAO electronic files and web site, Food and Agriculture Organization of the United Nations (FAO), uri: https://www.fao.org/faostat/en/#data/RL, publisher: Food and Agriculture Organization of the United Nations (FAO)",Environment: Land use,WDI,% (share) of total agricultural land,Annual,2001-2021,Weighted average,"Methodology: Irrigated agricultural area refers to area equipped to provide water (via artificial means of irrigation such as by diverting streams, flooding, or spraying) to the crops. In non-irrigated agricultural areas, production of crops is dependent on rain-fed irrigation. 













Agricultural land constitutes only a part of any country's total area, which can include areas not suitable for agriculture, such as forests, mountains, and inland water bodies. Agricultural land can also be classified as irrigated and non-irrigated land. In arid and semi-arid countries agriculture is often confined to irrigated land, with very little farming possible in non-irrigated areas.","Worldwide, irrigated agriculture accounts for about four-fifths of global water withdrawals. The share of irrigated land ranges widely, from 4 percent of the total area cropped in Africa to 42 percent in South Asia. The leading countries are India and China with about 30 percent and 52 percent of all cropland irrigated, respectively. Without irrigation and drainage, much of the increases in agricultural output that has fed the world's growing population and stabilized food production would not have been possible.













In the dry sub-humid countries, irrigation is critical for crop production. Due to highly variable rainfall, long dry seasons, and recurrent droughts, dry spells and floods, water management is a key determinant for agricultural production in these regions and is increasingly becoming more important with climate change. World Bank estimates that rainfed agriculture is most significant in Sub-Saharan Africa where it accounts for about 96 percent of the cropland.













Irrigation and drainage continue to be an important source of productivity growth, especially in Sub-Saharan Africa and parts of Latin America that still have large untapped water resources for agriculture. In other regions where the scope for further expanding irrigated agriculture is limited, more efforts are needed to enhance the policy, technical, and governance aspects of agricultural water use.













Agricultural land covers more than one-third of the world's land area. In many industrialized countries, agricultural land is subject to zoning regulations. In the context of zoning, agricultural land (or more properly agriculturally zoned land) refers to plots that may be used for agricultural activities, regardless of the physical type or quality of land. Data on agricultural land are valuable for conducting studies on a various perspectives concerning agricultural production, food security and for deriving cropping intensity among others uses. Agricultural land indicator, along with land-use indicators, can also elucidate the environmental sustainability of countries' agricultural practices.






Agriculture is still a major sector in many economies, and agricultural activities provide developing countries with food and revenue. But agricultural activities also can degrade natural resources. Poor farming practices can cause soil erosion and loss of soil fertility. Efforts to increase productivity by using chemical fertilizers, pesticides, and intensive irrigation have environmental costs and health impacts. Salinization of irrigated land diminishes soil fertility. Thus, inappropriate use of inputs for agricultural production has far-reaching effects.













There is no single correct mix of inputs to the agricultural land, as it is dependent on local climate, land quality, and economic development; appropriate levels and application rates vary by country and over time and depend on the type of crops, the climate and soils, and the production process used.","The data are collected by the Food and Agriculture Organization of the United Nations (FAO) from official national sources through annual questionnaires and are supplemented with information from official secondary data sources. The secondary sources cover official country data from websites of national ministries, national publications and related country data reported by various international organizations.. The FAO tries to impose standard definitions and reporting methods, but complete consistency across countries and over time is not possible. Thus, data on agricultural land in different climates may not be comparable. For example, permanent pastures are quite different in nature and intensity in African countries and dry Middle Eastern countries.",Areas of former states are included in the successor states.,https://datacatalog.worldbank.org/public-licenses#cc-by
ER.FSH.CAPT.MT,CC BY-4.0,Capture fisheries production (metric tons),"Capture fisheries production measures the volume of fish catches landed by a country for all commercial, industrial, recreational and subsistence purposes.","Capture fisheries production measures the volume of fish catches landed by a country for all commercial, industrial, recreational and subsistence purposes.","Food and Agriculture Organization of the United Nations (FAO), publisher: Food and Agriculture Organization of the United Nations (FAO)",Environment: Agricultural production,WDI,metric tons,Annual,1960-2022,Sum,"Methodology: Information on capture production is collected annually from relevant national offices concerned with fishery statistics, by means of a system of standardized forms, which list for each country the relative species items and fishing areas breakdown.






In the case of some "aquatic products", data are also obtained from trade associations or other specialized international organizations to which data are also submitted. In this way the statistics are reviewed by subject matter specialists.






Data concerning the nominal catch of certain major groups are generally reviewed in collaboration with the regional agency concerned. For example, for ISSCAAP group 36 (Tunas, bonitos and billfishes) data provided by the national correspondents are often replaced by the "best scientific estimates" produced by regional bodies collecting tuna catch statistics (i.e. ICCAT, IOTC, SPC and IATTC.)






See https://www.fao.org/fishery/en/collection/capture",,,,https://datacatalog.worldbank.org/public-licenses#cc-by
ER.FSH.AQUA.MT,CC BY-4.0,Aquaculture production (metric tons),"Aquaculture is understood to mean the farming of aquatic organisms including fish, molluscs, crustaceans and aquatic plants. Aquaculture production specifically refers to output from aquaculture activities, which are designated for final harvest for consumption.","Aquaculture is understood to mean the farming of aquatic organisms including fish, molluscs, crustaceans and aquatic plants. Aquaculture production specifically refers to output from aquaculture activities, which are designated for final harvest for consumption.","Food and Agriculture Organization of the United Nations (FAO), publisher: Food and Agriculture Organization of the United Nations (FAO)",Environment: Agricultural production,WDI,metric tons,Annual,1960-2022,Sum,"Methodology: Aquaculture production specifically refers to output from aquaculture activities, which are designated for final harvest for consumption. At this time, harvest for ornamental purposes is not included.","Aquaculture is understood to mean the farming of aquatic organisms including fish, molluscs, crustaceans and aquatic plants. Farming implies some form of intervention in the rearing process to enhance production, such as regular stocking, feeding, protection from predators, etc. Farming also implies individual or corporate ownership of the stock being cultivated. For statistical purposes, aquatic organisms which are harvested by an individual of corporate body which has owned them throughout their rearing period contribute to aquaculture while aquatic organisms which are exploitable by public as a common property resource, with or without appropriate licences, are the harvest of fisheries.",,,https://datacatalog.worldbank.org/public-licenses#cc-by
AG.PRD.CREL.MT,CC BY-4.0,Cereal production (metric tons),"Production data on cereals relate to crops harvested for dry grain only. Cereal crops harvested for hay or harvested green for food, feed, or silage and those used for grazing are excluded.","Production data on cereals relate to crops harvested for dry grain only. Cereal crops harvested for hay or harvested green for food, feed, or silage and those used for grazing are excluded.","FAO electronic files and web site, Food and Agriculture Organization of the United Nations (FAO), publisher: Food and Agriculture Organization of the United Nations (FAO)",Environment: Agricultural production,WDI,metric tons,Annual,1961-2022,Sum,"Methodology: A cereal is a grass cultivated for the edible components of their grain, composed of the endosperm, germ, and bran. Cereal grains are grown in greater quantities and provide more food energy worldwide than any other type of crop; cereal crops therefore can also be called staple crops. Cereals production data relate to crops harvested for dry grain only. Cereal crops harvested for hay or harvested green for food, feed, or silage and those used for grazing are excluded. The Food and Agriculture Organization (FAO) allocates production data to the calendar year in which the bulk of the harvest took place. Most of a crop harvested near the end of a year will be used in the following year.","The Food and Agriculture Organization (FAO) estimates that cereals supply 51 percent of Calories and 47 percent of protein in the average diet. The total annual cereal production globally is about 2,500 million tons.













FAO estimates that maize (corn), wheat and rice together account for more than three-fourths of all grain production worldwide. In developed countries, cereal crops are universally machine-harvested, typically using a combine harvester, which cuts, threshes, and winnows the grain during a single pass across the field. In many industrialized countries, particularly in the United States and Canada, farmers commonly deliver their newly harvested grain to a grain elevator or a storage facility that consolidates the crops of many farmers. In developing countries, a variety of harvesting methods are used in cereal cultivation, depending on the cost of labor, from small combines to hand tools such as the scythe or cradle.













Crop production systems have evolved rapidly over the past century and have resulted in significantly increased crop yields, but have also created undesirable environmental side-effects such as soil degradation and erosion, pollution from chemical fertilizers and agrochemicals and a loss of bio-diversity. Factors such as the green revolution, has led to impressive progress in increasing cereals yields over the last few decades. This progress, however, is not equal across all regions. Continued progress depends on maintaining agricultural research and education. The cultivation of cereals varies widely in different countries and depends partly upon the development of the economy. Production depends on the nature of the soil, the amount of rainfall, irrigation, quality of seeds, and the techniques applied to promote growth.","Data on cereal production may be affected by a variety of reporting and timing differences. Millet and sorghum, which are grown as feed for livestock and poultry in Europe and North America, are used as food in Africa, Asia, and countries of the former Soviet Union. So some cereal crops are excluded from the data for some countries and included elsewhere, depending on their use.











The data are collected by the Food and Agriculture Organization (FAO) of the United Nations through annual questionnaires and are supplemented with information from official secondary data sources. The secondary sources cover official country data from websites of national ministries, national publications and related country data reported by various international organizations. The FAO tries to impose standard definitions and reporting methods, but complete consistency across countries and over time is not possible. Thus, data on agricultural land in different climates may not be comparable. For example, permanent pastures are quite different in nature and intensity in African countries and dry Middle Eastern countries.











The data collected from official national sources.",The world and regional aggregate series do not include data from countries that no longer exist.,https://datacatalog.worldbank.org/public-licenses#cc-by
AG.LND.CREL.HA,CC BY-4.0,Land under cereal production (hectares),"Land under cereal production refers to harvested area, although some countries report only sown or cultivated area. Cereals include wheat, rice, maize, barley, oats, rye, millet, sorghum, buckwheat, and mixed grains. Production data on cereals relate to crops harvested for dry grain only. Cereal crops harvested for hay or harvested green for food, feed, or silage and those used for grazing are excluded.","Land under cereal production refers to harvested area, although some countries report only sown or cultivated area. Cereals include wheat, rice, maize, barley, oats, rye, millet, sorghum, buckwheat, and mixed grains. Production data on cereals relate to crops harvested for dry grain only. Cereal crops harvested for hay or harvested green for food, feed, or silage and those used for grazing are excluded.","FAO electronic files and web site, Food and Agriculture Organization of the United Nations (FAO), publisher: Food and Agriculture Organization of the United Nations (FAO)",Environment: Agricultural production,WDI,hectares,Annual,1961-2022,Sum,"Methodology: Cereals production includes wheat, rice, maize, barley, oats, rye, millet, sorghum, buckwheat, and mixed grains. Production data on cereals relate to crops harvested for dry grain only. Cereal crops harvested for hay or harvested green for food, feed, or silage and those used for grazing are excluded.













A cereal is a grass cultivated for the edible components of their grain, composed of the endosperm, germ, and bran. Cereal grains are grown in greater quantities and provide more food energy worldwide than any other type of crop; cereal crops therefore can also be called staple crops.","The cultivation of cereals varies widely in different countries and depends partly upon the development of the economy. Production depends on the nature of the soil, the amount of rainfall, irrigation, quality od seeds, and the techniques applied to promote growth.













In developed countries, cereal crops are universally machine-harvested, typically using a combine harvester, which cuts, threshes, and winnows the grain during a single pass across the field. In many industrialized countries, particularly in the United States and Canada, farmers commonly deliver their newly harvested grain to a grain elevator or a storage facility that consolidates the crops of many farmers. In developing countries, a variety of harvesting methods are used in cereal cultivation, depending on the cost of labor, from small combines to hand tools such as the scythe or cradle.













Crop production systems have evolved rapidly over the past century and have resulted in significantly increased crop yields, but have also created undesirable environmental side-effects such as soil degradation and erosion, pollution from chemical fertilizers and agrochemicals and a loss of bio-diversity. Factors such as the green revolution, has led to impressive progress in increasing cereals yields over the last few decades. This progress, however, is not equal across all regions. Continued progress depends on maintaining agricultural research and education. The cultivation of cereals varies widely in different countries and depends partly upon the development of the economy. Production depends on the nature of the soil, the amount of rainfall, irrigation, quality of seeds, and the techniques applied to promote growth.













Agriculture is still a major sector in many economies, and agricultural activities provide developing countries with food and revenue. But agricultural activities also can degrade natural resources. Poor farming practices can cause soil erosion and loss of soil fertility. Efforts to increase productivity by using chemical fertilizers, pesticides, and intensive irrigation have environmental costs and health impacts. Salinization of irrigated land diminishes soil fertility. Thus, inappropriate use of inputs for agricultural production has far-reaching effects.













There is no single correct mix of inputs to the agricultural land, as it is dependent on local climate, land quality, and economic development; appropriate levels and application rates vary by country and over time and depend on the type of crops, the climate and soils, and the production process used.","The data are collected by the Food and Agriculture Organization of the United Nations (FAO) through annual questionnaires. They are supplemented with information from official secondary data sources. The secondary sources cover official country data from websites of national ministries, national publications and related country data reported by various international organizations. The FAO tries to impose standard definitions and reporting methods, but complete consistency across countries and over time is not possible. Thus, data on agricultural land in different climates may not be comparable. For example, permanent pastures are quite different in nature and intensity in African countries and dry Middle Eastern countries.











Data on agricultural land are valuable for conducting studies on a various perspectives concerning agricultural production, food security and for deriving cropping intensity among others uses.",The world and regional aggregate series do not include data from countries that no longer exist.,https://datacatalog.worldbank.org/public-licenses#cc-by
ER.FSH.PROD.MT,CC BY-4.0,Total fisheries production (metric tons),"Total fisheries production measures the volume of aquatic species caught by a country for all commercial, industrial, recreational and subsistence purposes. The harvest from mariculture, aquaculture and other kinds of fish farming is also included.","Total fisheries production measures the volume of aquatic species caught by a country for all commercial, industrial, recreational and subsistence purposes. The harvest from mariculture, aquaculture and other kinds of fish farming is also included.","Food and Agriculture Organization of the United Nations (FAO), publisher: Food and Agriculture Organization of the United Nations (FAO)",Environment: Agricultural production,WDI,metric tons,Annual,1960-2022,Sum,"Methodology: Information on capture production is collected annually from relevant national offices concerned with fishery statistics, by means of a system of standardized forms, which list for each country the relative species items and fishing areas breakdown.






In the case of some "aquatic products", data are also obtained from trade associations or other specialized international organizations to which data are also submitted. In this way the statistics are reviewed by subject matter specialists.






Data concerning the nominal catch of certain major groups are generally reviewed in collaboration with the regional agency concerned. For example, for ISSCAAP group 36 (Tunas, bonitos and billfishes) data provided by the national correspondents are often replaced by the "best scientific estimates" produced by regional bodies collecting tuna catch statistics (i.e. ICCAT, IOTC, SPC and IATTC.)






See https://www.fao.org/fishery/en/collection/capture",,,,https://datacatalog.worldbank.org/public-licenses#cc-by
AG.PRD.FOOD.XD,CC BY-4.0,Food production index (2014-2016 = 100),"Food production index covers food crops that are considered edible and that contain nutrients. Coffee and tea are excluded because, although edible, they have no nutritive value.","Food production index covers food crops that are considered edible and that contain nutrients. Coffee and tea are excluded because, although edible, they have no nutritive value.","FAO electronic files and web site, Food and Agriculture Organization of the United Nations (FAO), publisher: Food and Agriculture Organization of the United Nations (FAO)",Environment: Agricultural production,WDI,index (2014-2016=100),Annual,1961-2022,Weighted average,,"The commodities covered in the computation of indices of agricultural production are all crops and livestock products originating in each country. Practically all products are covered, with the main exception of fodder crops. The category of food production includes commodities that are considered edible and that contain nutrients. Accordingly, coffee and tea are excluded along with inedible commodities because, although edible, they have practically no nutritive value.













It should be noted that when calculating indices of agricultural, food and nonfood production, all intermediate primary inputs of agricultural origin are deducted. However, for indices of any other commodity group, only inputs originating from within the same group are deducted; thus, only seed is removed from the group "crops" and from all crop subgroups, such as cereals, oil crops, etc.; and both feed and seed originating from within the livestock sector (e.g. milk feed, hatching eggs) are removed from the group "livestock products". For the main two livestock subgroups, namely, meat and milk, only feed originating from the respective subgroup is removed.













Crop production data refer to the actual harvested production from the field or orchard and gardens, excluding harvesting and threshing losses and that part of crop not harvested for any reason. Production therefore includes the quantities of the commodity sold in the market (marketed production) and the quantities consumed or used by the producers (auto-consumption).","Agricultural data are collected by the Food and Agriculture Organization of the United Nations (FAO) from official national sources through the questionnaire and are supplemented with information from official secondary data sources. The secondary sources cover official country data from websites of national ministries, national publications and related country data reported by various international organizations. The FAO tries to impose standard definitions and reporting methods, but complete consistency across countries and over time is not possible. Data on agricultural employment, in particular, should be used with caution. In many countries much agricultural employment is informal and unrecorded, including substantial work performed by women and children. To address some of these concerns, this indicator is heavily footnoted in the database in sources, definition, and coverage.",,https://datacatalog.worldbank.org/public-licenses#cc-by
AG.CON.FERT.PT.ZS,CC BY-4.0,Fertilizer consumption (% of fertilizer production),"Fertilizer consumption measures the quantity of plant nutrients used per unit of arable land. Fertilizer products cover nitrogenous, potash, and phosphate fertilizers (including ground rock phosphate). Traditional nutrients--animal and plant manures--are not included. For the purpose of data dissemination, FAO has adopted the concept of a calendar year (January to December). Some countries compile fertilizer data on a calendar year basis, while others are on a split-year basis.","Fertilizer consumption measures the quantity of plant nutrients used per unit of arable land. Fertilizer products cover nitrogenous, potash, and phosphate fertilizers (including ground rock phosphate). Traditional nutrients--animal and plant manures--are not included. For the purpose of data dissemination, FAO has adopted the concept of a calendar year (January to December). Some countries compile fertilizer data on a calendar year basis, while others are on a split-year basis.","FAO electronic files and web site, Food and Agriculture Organization of the United Nations (FAO), publisher: Food and Agriculture Organization of the United Nations (FAO)",Environment: Agricultural production,WDI,% (ratio),Annual,1961-2022,Weighted average,"Methodology: Fertilizer consumption measures the quantity of plant nutrients, and is calculated as production plus imports minus exports. Because some chemical compounds used for fertilizers have other industrial applications, the consumption data may overstate the quantity available for crops. Fertilizer consumption as a share of production shows the agriculture sector's vulnerability to import and energy price fluctuation.













Most fertilizers that are commonly used in agriculture contain the three basic plant nutrients - nitrogen, phosphorus, and potassium. Some fertilizers also contain certain "micronutrients," such as zinc and other metals that are necessary for plant growth. Materials that are applied to the land primarily to enhance soil characteristics (rather than as plant food) are commonly referred to as soil amendments. Fertilizers and soil amendments are largely derived from raw material, composts and other organic matter, and wastes, such as sewage sludge and certain industrial wastes.













FAO defines arable land as land under temporary crops (double-cropped areas are counted once), temporary meadows for mowing or for pasture, land under market or kitchen gardens, and land temporarily fallow; land abandoned as a result of shifting cultivation is excluded.","Factors such as the green revolution, has led to impressive progress in increasing crop yields over the last few decades. This progress, however, is not equal across all regions. Continued progress depends on maintaining agricultural research and education. The cultivation of cereals varies widely in different countries and depends partly upon the development of the economy. Production depends on the nature of the soil, the amount of rainfall, irrigation, quality od seeds, and the techniques applied to promote growth.













Agriculture is still a major sector in many economies, and agricultural activities provide developing countries with food and revenue. But agricultural activities also can degrade natural resources. Poor farming practices can cause soil erosion and loss of soil fertility. Efforts to increase productivity by using chemical fertilizers, pesticides, and intensive irrigation have environmental costs and health impacts. Salinization of irrigated land diminishes soil fertility. Thus, inappropriate use of inputs for agricultural production has far-reaching effects.













In many developed countries, excessive nitrogen fertilizer applications have sometime lead to pest problems by increasing the birth rate, longevity and overall fitness of certain agricultural pests, such as aphids. Further, excessive use of fertilizers emits significant quantities of greenhouse gas into the atmosphere. Over-fertilization of a vital nutrient can be detrimental, as "fertilizer burn" can occur when too much fertilizer is applied, resulting in drying out of the leaves and damage or even death of the plant. In many industrialized countries, overuse of fertilizers has resulted in contamination of surface water and groundwater.













There is no single correct mix of inputs to the agricultural land, as it is dependent on local climate, land quality, and economic development; appropriate levels and application rates vary by country and over time and depend on the type of crops, the climate and soils, and the production process used.","The FAO has revised the time series for fertilizer consumption and irrigation for 2002 onward. FAO collects fertilizer statistics for production, imports, exports, and consumption through the new FAO fertilizer resources questionnaire. In the previous release, the data were based on total consumption of fertilizers, but the data in the recent release are based on the nutrients in fertilizers. Some countries compile fertilizer data on a calendar year basis, while others compile on a crop year basis (July-June). Previous editions of this indicator, Fertilizer consumption (100 grams per hectare of arable land), reported data on a crop year basis, but this edition uses the calendar year, as adopted by the FAO. Caution should thus be used when comparing data over time.











The data are collected by the Food and Agriculture Organization of the United Nations (FAO) through annual questionnaires. The FAO tries to impose standard definitions and reporting methods, but complete consistency across countries and over time is not possible. The secondary sources cover official country data from websites of national ministries, national publications and related country data reported by various international organizations.",The world and regional aggregate series do not include data from countries that no longer exist.,https://datacatalog.worldbank.org/public-licenses#cc-by
